
:Description: 
:Desc_PDOS: Projected density of states for each orbital. Unit=states/eV
:Desc_FERMI_LEVEL: Fermi level energy. Unit=eV
:Desc_BROADENING: Gaussian broadening parameter for DOS calculation. Unit=eV
:Desc_GRID_POINTS: Number of energy grid points for PDOS calculation
:Desc_MIN_E: Minimum energy for PDOS calculation. Unit=eV
:Desc_MAX_E: Maximum energy for PDOS calculation. Unit=eV
:Desc_BAND_NUM: Number of bands included in the calculation
:Desc_KPT_NUM: Number of k-points used in the calculation
:Desc_ATOM_TYPE_NUM: Number of atom types in the system
:Desc_TOT_ORBITALS: Total number of atomic orbitals
:Desc_PROJ_ORBITALS: Total number of projected orbitals
:Desc_VOLUME: Lattice unit cell volume. Unit=Bohr^3
:Desc_CALCULATION_TIME: Total calculation time. Unit=seconds
:Desc_M_INDEX_SUMMED_OVER: Whether the m index is summed over 
:Desc_ORTHOGONALIZE_ATOMIC_ORBITALS: Whether the atomic orbitals are orthogonalized
:Desc_ATOM_INDEX_FOR_PDOS: The index of the atom for which the PDOS is calculated
:Desc_PDOS_INFO: The information of the PDOS
    :Desc_ATOM_TYPE: The type of the atom
    :Desc_ATOMIC_NUMBER: The atomic number of the atom
    :Desc_ATOM_INDEX: The index of the atom
    :Desc_ATOM_POSITION_CARTESIAN: The position of the atom in Cartesian coordinates
    :Desc_ATOM_POSITION_FRACTIONAL: The fractional position of the atom
    :Desc_PDOS_UNIT: The unit of the PDOS value
    :Desc_HEADER_FORMAT: The format of the header


:BASIC_INFO:
:FERMI_LEVEL: 4.562
:BROADENING: 0.272
:GRID_POINTS: 1000
:MIN_E: -8.355
:MAX_E: 16.728
:BAND_NUM: 12
:KPT_NUM: 4
:ATOM_TYPE_NUM: 1
:TOT_ORBITALS: 8
:PROJ_ORBITALS: 8
:VOLUME: 298.311
:CALCULATION_TIME: 0.540
:M_INDEX_SUMMED_OVER: False
:ORTHOGONALIZE_ATOMIC_ORBITALS: False
:ATOM_INDEX_FOR_PDOS: All



:PDOS_INFO:
    :ATOM_TYPE: Si
    :ATOMIC_NUMBER: 14
    :ATOM_INDEX: 0
    :ATOM_POSITION_CARTESIAN: [0. 0. 0.]
    :ATOM_POSITION_FRACTIONAL: [0. 0. 0.]
    :PDOS_UNIT: states/eV
    :HEADER_FORMAT: (nl,m)
	Energy(eV)   	(3s, m=0)    	(3p, m=-1)   	(3p, m=0)    	(3p, m=1)   
	-8.3553935625 	0.0000000000 	0.0000000000 	0.0000000000 	0.0000000000
	-8.3302847820 	0.0000000000 	0.0000000000 	0.0000000000 	0.0000000000
	-8.3051760014 	0.0000000001 	0.0000000000 	0.0000000000 	0.0000000000
	-8.2800672209 	0.0000000002 	0.0000000001 	0.0000000001 	0.0000000001
	-8.2549584404 	0.0000000004 	0.0000000001 	0.0000000001 	0.0000000001
	-8.2298496599 	0.0000000010 	0.0000000003 	0.0000000003 	0.0000000003
	-8.2047408794 	0.0000000022 	0.0000000007 	0.0000000007 	0.0000000007
	-8.1796320989 	0.0000000050 	0.0000000015 	0.0000000015 	0.0000000015
	-8.1545233183 	0.0000000112 	0.0000000033 	0.0000000033 	0.0000000033
	-8.1294145378 	0.0000000243 	0.0000000072 	0.0000000072 	0.0000000072
	-8.1043057573 	0.0000000520 	0.0000000153 	0.0000000153 	0.0000000153
	-8.0791969768 	0.0000001094 	0.0000000323 	0.0000000323 	0.0000000323
	-8.0540881963 	0.0000002262 	0.0000000667 	0.0000000667 	0.0000000667
	-8.0289794158 	0.0000004601 	0.0000001357 	0.0000001357 	0.0000001357
	-8.0038706353 	0.0000009200 	0.0000002714 	0.0000002714 	0.0000002714
	-7.9787618547 	0.0000018083 	0.0000005334 	0.0000005334 	0.0000005334
	-7.9536530742 	0.0000034944 	0.0000010308 	0.0000010308 	0.0000010308
	-7.9285442937 	0.0000066388 	0.0000019583 	0.0000019583 	0.0000019583
	-7.9034355132 	0.0000123995 	0.0000036576 	0.0000036576 	0.0000036576
	-7.8783267327 	0.0000227680 	0.0000067162 	0.0000067162 	0.0000067162
	-7.8532179522 	0.0000411008 	0.0000121240 	0.0000121240 	0.0000121240
	-7.8281091716 	0.0000729424 	0.0000215167 	0.0000215167 	0.0000215167
	-7.8030003911 	0.0001272667 	0.0000375415 	0.0000375415 	0.0000375415
	-7.7778916106 	0.0002183002 	0.0000643948 	0.0000643948 	0.0000643948
	-7.7527828301 	0.0003681272 	0.0001085911 	0.0001085911 	0.0001085911
	-7.7276740496 	0.0006103042 	0.0001800292 	0.0001800292 	0.0001800292
	-7.7025652691 	0.0009947166 	0.0002934241 	0.0002934242 	0.0002934242
	-7.6774564886 	0.0015938849 	0.0004701684 	0.0004701684 	0.0004701684
	-7.6523477080 	0.0025108404 	0.0007406544 	0.0007406544 	0.0007406544
	-7.6272389275 	0.0038885333 	0.0011470499 	0.0011470499 	0.0011470499
	-7.6021301470 	0.0059204825 	0.0017464397 	0.0017464397 	0.0017464397
	-7.5770213665 	0.0088620247 	0.0026141436 	0.0026141436 	0.0026141436
	-7.5519125860 	0.0130410746 	0.0038468908 	0.0038468909 	0.0038468909
	-7.5268038055 	0.0188668055 	0.0055653804 	0.0055653804 	0.0055653805
	-7.5016950249 	0.0268341555 	0.0079156105 	0.0079156105 	0.0079156106
	-7.4765862444 	0.0375216614 	0.0110682394 	0.0110682394 	0.0110682395
	-7.4514774639 	0.0515799309 	0.0152151851 	0.0152151852 	0.0152151853
	-7.4263686834 	0.0697082245 	0.0205627173 	0.0205627174 	0.0205627176
	-7.4012599029 	0.0926172443 	0.0273204808 	0.0273204809 	0.0273204812
	-7.3761511224 	0.1209774028 	0.0356862357 	0.0356862359 	0.0356862363
	-7.3510423419 	0.1553535662 	0.0458266077 	0.0458266080 	0.0458266085
	-7.3259335613 	0.1961294299 	0.0578547803 	0.0578547806 	0.0578547813
	-7.3008247808 	0.2434270709 	0.0718067641 	0.0718067645 	0.0718067653
	-7.2757160003 	0.2970294761 	0.0876185439 	0.0876185445 	0.0876185455
	-7.2506072198 	0.3563155644 	0.1051069118 	0.1051069124 	0.1051069136
	-7.2254984393 	0.4202179561 	0.1239570090 	0.1239570098 	0.1239570112
	-7.2003896588 	0.4872131340 	0.1437194246 	0.1437194255 	0.1437194271
	-7.1752808783 	0.5553514842 	0.1638190561 	0.1638190572 	0.1638190590
	-7.1501720977 	0.6223310287 	0.1835768601 	0.1835768613 	0.1835768633
	-7.1250633172 	0.6856137858 	0.2022441759 	0.2022441772 	0.2022441795
	-7.0999545367 	0.7425782018 	0.2190476907 	0.2190476921 	0.2190476945
	-7.0748457562 	0.7906957781 	0.2332415412 	0.2332415427 	0.2332415453
	-7.0497369757 	0.8277157360 	0.2441617867 	0.2441617883 	0.2441617910
	-7.0246281952 	0.8518391031 	0.2512777616 	0.2512777632 	0.2512777660
	-6.9995194146 	0.8618635244 	0.2542347920 	0.2542347937 	0.2542347965
	-6.9744106341 	0.8572825787 	0.2528834925 	0.2528834941 	0.2528834969
	-6.9493018536 	0.8383281781 	0.2472922730 	0.2472922746 	0.2472922774
	-6.9241930731 	0.8059511109 	0.2377415997 	0.2377416013 	0.2377416039
	-6.8990842926 	0.7617419983 	0.2247006783 	0.2247006797 	0.2247006822
	-6.8739755121 	0.7078018151 	0.2087892597 	0.2087892611 	0.2087892634
	-6.8488667316 	0.6465766423 	0.1907288956 	0.1907288968 	0.1907288990
	-6.8237579510 	0.5806747206 	0.1712889717 	0.1712889728 	0.1712889747
	-6.7986491705 	0.5126847461 	0.1512331084 	0.1512331094 	0.1512331111
	-6.7735403900 	0.4450127367 	0.1312710393 	0.1312710401 	0.1312710416
	-6.7484316095 	0.3797511122 	0.1120199919 	0.1120199926 	0.1120199939
	-6.7233228290 	0.3185886036 	0.0939781126 	0.0939781132 	0.0939781143
	-6.6982140485 	0.2627640740 	0.0775108446 	0.0775108451 	0.0775108460
	-6.6731052679 	0.2130621502 	0.0628496391 	0.0628496395 	0.0628496402
	-6.6479964874 	0.1698443846 	0.0501011478 	0.0501011481 	0.0501011486
	-6.6228877069 	0.1331069243 	0.0392642341 	0.0392642344 	0.0392642348
	-6.5977789264 	0.1025544885 	0.0302517954 	0.0302517956 	0.0302517960
	-6.5726701459 	0.0776807242 	0.0229144664 	0.0229144665 	0.0229144668
	-6.5475613654 	0.0578464122 	0.0170636883 	0.0170636884 	0.0170636886
	-6.5224525849 	0.0423490976 	0.0124922493 	0.0124922494 	0.0124922495
	-6.4973438043 	0.0304801058 	0.0089911025 	0.0089911026 	0.0089911027
	-6.4722350238 	0.0215671806 	0.0063619441 	0.0063619441 	0.0063619442
	-6.4471262433 	0.0150028904 	0.0044255921 	0.0044255921 	0.0044255921
	-6.4220174628 	0.0102603305 	0.0030266186 	0.0030266187 	0.0030266187
	-6.3969086823 	0.0068984779 	0.0020349293 	0.0020349293 	0.0020349294
	-6.3717999018 	0.0045598741 	0.0013450794 	0.0013450794 	0.0013450794
	-6.3466911212 	0.0029632419 	0.0008740957 	0.0008740957 	0.0008740957
	-6.3215823407 	0.0018932987 	0.0005584708 	0.0005584708 	0.0005584708
	-6.2964735602 	0.0011895552 	0.0003508580 	0.0003508580 	0.0003508580
	-6.2713647797 	0.0007353796 	0.0002168429 	0.0002168429 	0.0002168429
	-6.2462559992 	0.0004481366 	0.0001320306 	0.0001320306 	0.0001320306
	-6.2211472187 	0.0002708339 	0.0000795742 	0.0000795742 	0.0000795742
	-6.1960384382 	0.0001654285 	0.0000481881 	0.0000481881 	0.0000481881
	-6.1709296576 	0.0001077727 	0.0000306357 	0.0000306357 	0.0000306357
	-6.1458208771 	0.0000840986 	0.0000226579 	0.0000226579 	0.0000226579
	-6.1207120966 	0.0000889297 	0.0000223001 	0.0000223001 	0.0000223001
	-6.0956033161 	0.0001243561 	0.0000296103 	0.0000296103 	0.0000296103
	-6.0704945356 	0.0002006995 	0.0000466981 	0.0000466981 	0.0000466981
	-6.0453857551 	0.0003387036 	0.0000781757 	0.0000781757 	0.0000781758
	-6.0202769745 	0.0005735102 	0.0001320317 	0.0001320317 	0.0001320318
	-5.9951681940 	0.0009607964 	0.0002210161 	0.0002210161 	0.0002210163
	-5.9700594135 	0.0015855328 	0.0003646383 	0.0003646384 	0.0003646387
	-5.9449506330 	0.0025738489 	0.0005918859 	0.0005918860 	0.0005918864
	-5.9198418525 	0.0041084172 	0.0009447560 	0.0009447562 	0.0009447568
	-5.8947330720 	0.0064475497 	0.0014826439 	0.0014826442 	0.0014826451
	-5.8696242915 	0.0099477940 	0.0022875365 	0.0022875369 	0.0022875383
	-5.8445155109 	0.0150891812 	0.0034698176 	0.0034698182 	0.0034698203
	-5.8194067304 	0.0225014142 	0.0051742893 	0.0051742902 	0.0051742931
	-5.7942979499 	0.0329882086 	0.0075857689 	0.0075857701 	0.0075857742
	-5.7691891694 	0.0475458134 	0.0109333476 	0.0109333492 	0.0109333549
	-5.7440803889 	0.0673706006 	0.0154921358 	0.0154921381 	0.0154921457
	-5.7189716084 	0.0938497523 	0.0215811216 	0.0215811246 	0.0215811346
	-5.6938628279 	0.1285287880 	0.0295557034 	0.0295557073 	0.0295557202
	-5.6687540473 	0.1730502628 	0.0397935933 	0.0397935982 	0.0397936145
	-5.6436452668 	0.2290596974 	0.0526731853 	0.0526731914 	0.0526732116
	-5.6185364863 	0.2980778263 	0.0685441785 	0.0685441861 	0.0685442105
	-5.5934277058 	0.3813425155 	0.0876912252 	0.0876912343 	0.0876912632
	-5.5683189253 	0.4796289091 	0.1102925731 	0.1102925838 	0.1102926171
	-5.5432101448 	0.5930619281 	0.1363769483 	0.1363769606 	0.1363769981
	-5.5181013642 	0.7209403068 	0.1657830921 	0.1657831059 	0.1657831471
	-5.4929925837 	0.8615949350 	0.1981271862 	0.1981272013 	0.1981272453
	-5.4678838032 	1.0123053591 	0.2327836514 	0.2327836677 	0.2327837131
	-5.4427750227 	1.1692961054 	0.2688843028 	0.2688843197 	0.2688843649
	-5.4176662422 	1.3278286616 	0.3053395004 	0.3053395176 	0.3053395608
	-5.3925574617 	1.4823956875 	0.3408828096 	0.3408828264 	0.3408828655
	-5.3674486812 	1.6270122224 	0.3741379644 	0.3741379804 	0.3741380132
	-5.3423399006 	1.7555857880 	0.4037039753 	0.4037039898 	0.4037040143
	-5.3172311201 	1.8623352599 	0.4282514491 	0.4282514616 	0.4282514762
	-5.2921223396 	1.9422192035 	0.4466210878 	0.4466210978 	0.4466211010
	-5.2670135591 	1.9913297875 	0.4579142695 	0.4579142767 	0.4579142677
	-5.2419047786 	2.0072095059 	0.4615658807 	0.4615658848 	0.4615658633
	-5.2167959981 	1.9890549830 	0.4573911814 	0.4573911824 	0.4573911488
	-5.1916872175 	1.9377843323 	0.4456012954 	0.4456012933 	0.4456012487
	-5.1665784370 	1.8559602068 	0.4267855146 	0.4267855097 	0.4267854555
	-5.1414696565 	1.7475775181 	0.4018624848 	0.4018624775 	0.4018624157
	-5.1163608760 	1.6177403064 	0.3720059004 	0.3720058911 	0.3720058239
	-5.0912520955 	1.4722641322 	0.3385530726 	0.3385530619 	0.3385529916
	-5.0661433150 	1.3172470233 	0.3029062676 	0.3029062559 	0.3029061849
	-5.0410345345 	1.1586527276 	0.2664368730 	0.2664368609 	0.2664367913
	-5.0159257539 	1.0019450853 	0.2304013210 	0.2304013090 	0.2304012426
	-4.9908169734 	0.8518029087 	0.1958755235 	0.1958755119 	0.1958754502
	-4.9657081929 	0.7119326107 	0.1637117850 	0.1637117743 	0.1637117183
	-4.9405994124 	0.5849829699 	0.1345192031 	0.1345191934 	0.1345191438
	-4.9154906319 	0.4725547444 	0.1086658788 	0.1086658702 	0.1086658273
	-4.8903818514 	0.3752887978 	0.0862991813 	0.0862991739 	0.0862991375
	-4.8652730708 	0.2930108099 	0.0673790252 	0.0673790189 	0.0673789887
	-4.8401642903 	0.2249086988 	0.0517186690 	0.0517186638 	0.0517186392
	-4.8150555098 	0.1697201597 	0.0390278407 	0.0390278366 	0.0390278170
	-4.7899467293 	0.1259114365 	0.0289538471 	0.0289538438 	0.0289538285
	-4.7648379488 	0.0918335756 	0.0211175046 	0.0211175021 	0.0211174904
	-4.7397291683 	0.0658479681 	0.0151420086 	0.0151420067 	0.0151419978
	-4.7146203878 	0.0464181503 	0.0106740430 	0.0106740415 	0.0106740350
	-4.6895116072 	0.0321690216 	0.0073973978 	0.0073973968 	0.0073973920
	-4.6644028267 	0.0219175720 	0.0050400352 	0.0050400344 	0.0050400311
	-4.6392940462 	0.0146808634 	0.0033759246 	0.0033759240 	0.0033759217
	-4.6141852657 	0.0096675255 	0.0022230870 	0.0022230867 	0.0022230851
	-4.5890764852 	0.0062586926 	0.0014392120 	0.0014392117 	0.0014392107
	-4.5639677047 	0.0039834235 	0.0009160046 	0.0009160044 	0.0009160037
	-4.5388589241 	0.0024924928 	0.0005731589 	0.0005731588 	0.0005731584
	-4.5137501436 	0.0015332604 	0.0003525795 	0.0003525795 	0.0003525792
	-4.4886413631 	0.0009272620 	0.0002132277 	0.0002132277 	0.0002132275
	-4.4635325826 	0.0005513071 	0.0001267753 	0.0001267753 	0.0001267752
	-4.4384238021 	0.0003222473 	0.0000741021 	0.0000741021 	0.0000741020
	-4.4133150216 	0.0001851781 	0.0000425825 	0.0000425825 	0.0000425824
	-4.3882062411 	0.0001046151 	0.0000240567 	0.0000240567 	0.0000240566
	-4.3630974605 	0.0000581037 	0.0000133612 	0.0000133612 	0.0000133612
	-4.3379886800 	0.0000317262 	0.0000072956 	0.0000072956 	0.0000072956
	-4.3128798995 	0.0000170309 	0.0000039163 	0.0000039163 	0.0000039163
	-4.2877711190 	0.0000089879 	0.0000020668 	0.0000020668 	0.0000020668
	-4.2626623385 	0.0000046632 	0.0000010723 	0.0000010723 	0.0000010723
	-4.2375535580 	0.0000023786 	0.0000005470 	0.0000005470 	0.0000005470
	-4.2124447775 	0.0000011928 	0.0000002743 	0.0000002743 	0.0000002743
	-4.1873359969 	0.0000005880 	0.0000001352 	0.0000001352 	0.0000001352
	-4.1622272164 	0.0000002850 	0.0000000655 	0.0000000655 	0.0000000655
	-4.1371184359 	0.0000001358 	0.0000000312 	0.0000000312 	0.0000000312
	-4.1120096554 	0.0000000636 	0.0000000146 	0.0000000146 	0.0000000146
	-4.0869008749 	0.0000000293 	0.0000000067 	0.0000000067 	0.0000000067
	-4.0617920944 	0.0000000133 	0.0000000031 	0.0000000031 	0.0000000031
	-4.0366833138 	0.0000000059 	0.0000000014 	0.0000000014 	0.0000000014
	-4.0115745333 	0.0000000026 	0.0000000006 	0.0000000006 	0.0000000006
	-3.9864657528 	0.0000000011 	0.0000000003 	0.0000000003 	0.0000000003
	-3.9613569723 	0.0000000005 	0.0000000001 	0.0000000001 	0.0000000001
	-3.9362481918 	0.0000000002 	0.0000000001 	0.0000000001 	0.0000000001
	-3.9111394113 	0.0000000001 	0.0000000000 	0.0000000000 	0.0000000000
	-3.8860306308 	0.0000000001 	0.0000000001 	0.0000000001 	0.0000000001
	-3.8609218502 	0.0000000002 	0.0000000001 	0.0000000001 	0.0000000001
	-3.8358130697 	0.0000000004 	0.0000000003 	0.0000000003 	0.0000000003
	-3.8107042892 	0.0000000009 	0.0000000007 	0.0000000007 	0.0000000007
	-3.7855955087 	0.0000000022 	0.0000000016 	0.0000000016 	0.0000000016
	-3.7604867282 	0.0000000049 	0.0000000035 	0.0000000035 	0.0000000035
	-3.7353779477 	0.0000000109 	0.0000000078 	0.0000000078 	0.0000000078
	-3.7102691671 	0.0000000237 	0.0000000171 	0.0000000171 	0.0000000171
	-3.6851603866 	0.0000000508 	0.0000000365 	0.0000000365 	0.0000000365
	-3.6600516061 	0.0000001069 	0.0000000770 	0.0000000770 	0.0000000770
	-3.6349428256 	0.0000002214 	0.0000001594 	0.0000001594 	0.0000001594
	-3.6098340451 	0.0000004508 	0.0000003245 	0.0000003245 	0.0000003245
	-3.5847252646 	0.0000009024 	0.0000006496 	0.0000006496 	0.0000006496
	-3.5596164841 	0.0000017758 	0.0000012782 	0.0000012782 	0.0000012782
	-3.5345077035 	0.0000034354 	0.0000024729 	0.0000024729 	0.0000024729
	-3.5093989230 	0.0000065339 	0.0000047033 	0.0000047033 	0.0000047033
	-3.4842901425 	0.0000122173 	0.0000087944 	0.0000087944 	0.0000087944
	-3.4591813620 	0.0000224585 	0.0000161663 	0.0000161663 	0.0000161663
	-3.4340725815 	0.0000405875 	0.0000292161 	0.0000292161 	0.0000292161
	-3.4089638010 	0.0000721122 	0.0000519085 	0.0000519085 	0.0000519085
	-3.3838550204 	0.0001259590 	0.0000906691 	0.0000906691 	0.0000906690
	-3.3587462399 	0.0002162989 	0.0001556984 	0.0001556984 	0.0001556984
	-3.3336374594 	0.0003651606 	0.0002628535 	0.0002628535 	0.0002628535
	-3.3085286789 	0.0006060634 	0.0004362625 	0.0004362625 	0.0004362625
	-3.2834198984 	0.0009889101 	0.0007118470 	0.0007118470 	0.0007118470
	-3.2583111179 	0.0015863540 	0.0011419050 	0.0011419050 	0.0011419049
	-3.2332023374 	0.0025017736 	0.0018008513 	0.0018008514 	0.0018008512
	-3.2080935568 	0.0038788274 	0.0027920957 	0.0027920958 	0.0027920957
	-3.1829847763 	0.0059123139 	0.0042558599 	0.0042558601 	0.0042558599
	-3.1578759958 	0.0088597011 	0.0063774772 	0.0063774775 	0.0063774771
	-3.1327672153 	0.0130522455 	0.0093953957 	0.0093953961 	0.0093953956
	-3.1076584348 	0.0189040980 	0.0136077338 	0.0136077343 	0.0136077337
	-3.0825496543 	0.0269172853 	0.0193758650 	0.0193758658 	0.0193758649
	-3.0574408737 	0.0376800198 	0.0271232023 	0.0271232035 	0.0271232024
	-3.0323320932 	0.0518555871 	0.0373271985 	0.0373272001 	0.0373271987
	-3.0072233127 	0.0701591885 	0.0505026768 	0.0505026790 	0.0505026773
	-2.9821145322 	0.0933207301 	0.0671750452 	0.0671750483 	0.0671750461
	-2.9570057517 	0.1220327130 	0.0878427868 	0.0878427909 	0.0878427883
	-2.9318969712 	0.1568841156 	0.1129298658 	0.1129298712 	0.1129298682
	-2.9067881907 	0.1982833509 	0.1427302700 	0.1427302769 	0.1427302735
	-2.8816794101 	0.2463758264 	0.1773486679 	0.1773486766 	0.1773486729
	-2.8565706296 	0.3009639697 	0.2166428413 	0.2166428521 	0.2166428482
	-2.8314618491 	0.3614393959 	0.2601748562 	0.2601748695 	0.2601748656
	-2.8063530686 	0.4267377248 	0.3071785402 	0.3071785562 	0.3071785524
	-2.7812442881 	0.4953260347 	0.3565504506 	0.3565504694 	0.3565504660
	-2.7561355076 	0.5652308299 	0.4068700061 	0.4068700279 	0.4068700253
	-2.7310267271 	0.6341107225 	0.4564518060 	0.4564518309 	0.4564518292
	-2.7059179465 	0.6993730941 	0.5034296063 	0.5034296343 	0.5034296338
	-2.6808091660 	0.7583283848 	0.5458673816 	0.5458674124 	0.5458674135
	-2.6557003855 	0.8083701580 	0.5818889411 	0.5818889744 	0.5818889773
	-2.6305916050 	0.8471646031 	0.6098143383 	0.6098143738 	0.6098143786
	-2.6054828245 	0.8728304698 	0.6282893934 	0.6282894305 	0.6282894372
	-2.5803740440 	0.8840901754 	0.6363944642 	0.6363945024 	0.6363945110
	-2.5552652634 	0.8803751971 	0.6337203111 	0.6337203496 	0.6337203601
	-2.5301564829 	0.8618736461 	0.6204023421 	0.6204023805 	0.6204023924
	-2.5050477024 	0.8295144818 	0.5971092501 	0.5971092876 	0.5971093008
	-2.4799389219 	0.7848902097 	0.5649873681 	0.5649874040 	0.5649874181
	-2.4548301414 	0.7301270187 	0.5255671900 	0.5255672239 	0.5255672386
	-2.4297213609 	0.6677170969 	0.4806426674 	0.4806426988 	0.4806427136
	-2.4046125804 	0.6003315133 	0.4321365152 	0.4321365439 	0.4321365584
	-2.3795037998 	0.5306331217 	0.3819655351 	0.3819655608 	0.3819655748
	-2.3543950193 	0.4611074475 	0.3319188823 	0.3319189049 	0.3319189179
	-2.3292862388 	0.3939258556 	0.2835595699 	0.2835595895 	0.2835596015
	-2.3041774583 	0.3308502033 	0.2381558353 	0.2381558519 	0.2381558627
	-2.2790686778 	0.2731825113 	0.1966449119 	0.1966449258 	0.1966449352
	-2.2539598973 	0.2217578226 	0.1596278884 	0.1596278998 	0.1596279079
	-2.2288511167 	0.1769740431 	0.1273911893 	0.1273911985 	0.1273912054
	-2.2037423362 	0.1388496424 	0.0999481095 	0.0999481169 	0.0999481225
	-2.1786335557 	0.1070987807 	0.0770928932 	0.0770928989 	0.0770929035
	-2.1535247752 	0.0812136176 	0.0584599815 	0.0584599859 	0.0584599895
	-2.1284159947 	0.0605449262 	0.0435820416 	0.0435820449 	0.0435820477
	-2.1033072142 	0.0443742699 	0.0319419214 	0.0319419238 	0.0319419260
	-2.0781984337 	0.0319734320 	0.0230154288 	0.0230154306 	0.0230154322
	-2.0530896531 	0.0226491474 	0.0163035310 	0.0163035323 	0.0163035335
	-2.0279808726 	0.0157731717 	0.0113539988 	0.0113539997 	0.0113540006
	-2.0028720921 	0.0107991798 	0.0077735713 	0.0077735719 	0.0077735725
	-1.9777633116 	0.0072688730 	0.0052323513 	0.0052323517 	0.0052323521
	-1.9526545311 	0.0048100319 	0.0034624042 	0.0034624045 	0.0034624048
	-1.9275457506 	0.0031292006 	0.0022524918 	0.0022524920 	0.0022524922
	-1.9024369700 	0.0020013517 	0.0014406326 	0.0014406327 	0.0014406328
	-1.8773281895 	0.0012583979 	0.0009058323 	0.0009058324 	0.0009058325
	-1.8522194090 	0.0007778881 	0.0005599470 	0.0005599471 	0.0005599472
	-1.8271106285 	0.0004727384 	0.0003402912 	0.0003402912 	0.0003402912
	-1.8020018480 	0.0002824419 	0.0002033101 	0.0002033101 	0.0002033101
	-1.7768930675 	0.0001658983 	0.0001194186 	0.0001194186 	0.0001194186
	-1.7517842870 	0.0000957987 	0.0000689587 	0.0000689587 	0.0000689587
	-1.7266755064 	0.0000543853 	0.0000391481 	0.0000391482 	0.0000391482
	-1.7015667259 	0.0000303534 	0.0000218493 	0.0000218493 	0.0000218493
	-1.6764579454 	0.0000166548 	0.0000119886 	0.0000119886 	0.0000119886
	-1.6513491649 	0.0000089841 	0.0000064670 	0.0000064670 	0.0000064670
	-1.6262403844 	0.0000047645 	0.0000034296 	0.0000034296 	0.0000034296
	-1.6011316039 	0.0000024840 	0.0000017881 	0.0000017881 	0.0000017881
	-1.5760228233 	0.0000012732 	0.0000009165 	0.0000009165 	0.0000009165
	-1.5509140428 	0.0000006416 	0.0000004618 	0.0000004618 	0.0000004618
	-1.5258052623 	0.0000003179 	0.0000002288 	0.0000002288 	0.0000002288
	-1.5006964818 	0.0000001548 	0.0000001114 	0.0000001114 	0.0000001114
	-1.4755877013 	0.0000000741 	0.0000000534 	0.0000000534 	0.0000000534
	-1.4504789208 	0.0000000349 	0.0000000251 	0.0000000251 	0.0000000251
	-1.4253701403 	0.0000000162 	0.0000000117 	0.0000000117 	0.0000000117
	-1.4002613597 	0.0000000074 	0.0000000054 	0.0000000054 	0.0000000054
	-1.3751525792 	0.0000000034 	0.0000000025 	0.0000000025 	0.0000000025
	-1.3500437987 	0.0000000016 	0.0000000014 	0.0000000014 	0.0000000014
	-1.3249350182 	0.0000000010 	0.0000000013 	0.0000000013 	0.0000000013
	-1.2998262377 	0.0000000010 	0.0000000020 	0.0000000020 	0.0000000020
	-1.2747174572 	0.0000000018 	0.0000000041 	0.0000000041 	0.0000000041
	-1.2496086767 	0.0000000037 	0.0000000086 	0.0000000086 	0.0000000086
	-1.2244998961 	0.0000000078 	0.0000000183 	0.0000000183 	0.0000000183
	-1.1993911156 	0.0000000163 	0.0000000383 	0.0000000383 	0.0000000383
	-1.1742823351 	0.0000000334 	0.0000000786 	0.0000000786 	0.0000000786
	-1.1491735546 	0.0000000675 	0.0000001586 	0.0000001586 	0.0000001586
	-1.1240647741 	0.0000001340 	0.0000003149 	0.0000003149 	0.0000003149
	-1.0989559936 	0.0000002614 	0.0000006145 	0.0000006145 	0.0000006145
	-1.0738472130 	0.0000005016 	0.0000011790 	0.0000011790 	0.0000011790
	-1.0487384325 	0.0000009461 	0.0000022238 	0.0000022238 	0.0000022238
	-1.0236296520 	0.0000017544 	0.0000041237 	0.0000041237 	0.0000041237
	-0.9985208715 	0.0000031983 	0.0000075177 	0.0000075177 	0.0000075177
	-0.9734120910 	0.0000057322 	0.0000134738 	0.0000134738 	0.0000134738
	-0.9483033105 	0.0000101001 	0.0000237409 	0.0000237409 	0.0000237409
	-0.9231945300 	0.0000174960 	0.0000411254 	0.0000411254 	0.0000411254
	-0.8980857494 	0.0000297958 	0.0000700370 	0.0000700370 	0.0000700370
	-0.8729769689 	0.0000498857 	0.0001172597 	0.0001172597 	0.0001172597
	-0.8478681884 	0.0000821111 	0.0001930079 	0.0001930079 	0.0001930079
	-0.8227594079 	0.0001328717 	0.0003123244 	0.0003123244 	0.0003123244
	-0.7976506274 	0.0002113819 	0.0004968686 	0.0004968686 	0.0004968686
	-0.7725418469 	0.0003306036 	0.0007771091 	0.0007771092 	0.0007771092
	-0.7474330663 	0.0005083373 	0.0011948885 	0.0011948885 	0.0011948885
	-0.7223242858 	0.0007684242 	0.0018062498 	0.0018062499 	0.0018062499
	-0.6972155053 	0.0011419702 	0.0026843154 	0.0026843155 	0.0026843155
	-0.6721067248 	0.0016684501 	0.0039218853 	0.0039218854 	0.0039218855
	-0.6469979443 	0.0023964948 	0.0056332926 	0.0056332928 	0.0056332928
	-0.6218891638 	0.0033841114 	0.0079549319 	0.0079549321 	0.0079549322
	-0.5967803833 	0.0046980526 	0.0110437945 	0.0110437948 	0.0110437950
	-0.5716716027 	0.0064120421 	0.0150733311 	0.0150733315 	0.0150733317
	-0.5465628222 	0.0086036043 	0.0202260564 	0.0202260569 	0.0202260572
	-0.5214540417 	0.0113493375 	0.0266825357 	0.0266825364 	0.0266825368
	-0.4963452612 	0.0147186255 	0.0346067655 	0.0346067665 	0.0346067670
	-0.4712364807 	0.0187659942 	0.0441284705 	0.0441284716 	0.0441284723
	-0.4461277002 	0.0235225722 	0.0553234460 	0.0553234475 	0.0553234483
	-0.4210189196 	0.0289873731 	0.0681937140 	0.0681937158 	0.0681937168
	-0.3959101391 	0.0351193514 	0.0826498201 	0.0826498223 	0.0826498235
	-0.3708013586 	0.0418313279 	0.0984979887 	0.0984979912 	0.0984979927
	-0.3456925781 	0.0489869126 	0.1154349315 	0.1154349346 	0.1154349363
	-0.3205837976 	0.0564014105 	0.1330528173 	0.1330528208 	0.1330528228
	-0.2954750171 	0.0638473948 	0.1508561880 	0.1508561920 	0.1508561942
	-0.2703662366 	0.0710651636 	0.1682914962 	0.1682915006 	0.1682915032
	-0.2452574560 	0.0777777221 	0.1847885197 	0.1847885246 	0.1847885274
	-0.2201486755 	0.0837093184 	0.1998113417 	0.1998113470 	0.1998113501
	-0.1950398950 	0.0886060019 	0.2129150723 	0.2129150781 	0.2129150814
	-0.1699311145 	0.0922562581 	0.2238032345 	0.2238032407 	0.2238032442
	-0.1448223340 	0.0945095812 	0.2323799378 	0.2323799444 	0.2323799481
	-0.1197135535 	0.0952909257 	0.2387907482 	0.2387907551 	0.2387907590
	-0.0946047729 	0.0946093291 	0.2434465951 	0.2434466024 	0.2434466065
	-0.0694959924 	0.0925595874 	0.2470261140 	0.2470261217 	0.2470261260
	-0.0443872119 	0.0893166049 	0.2504534171 	0.2504534253 	0.2504534298
	-0.0192784314 	0.0851228400 	0.2548502757 	0.2548502847 	0.2548502893
	0.0058303491 	0.0802700058 	0.2614639248 	0.2614639348 	0.2614639395
	0.0309391296 	0.0750767697 	0.2715739926 	0.2715740038 	0.2715740087
	0.0560479101 	0.0698645595 	0.2863842668 	0.2863842796 	0.2863842845
	0.0811566907 	0.0649336954 	0.3069069747 	0.3069069895 	0.3069069943
	0.1062654712 	0.0605419338 	0.3338488234 	0.3338488406 	0.3338488453
	0.1313742517 	0.0568871732 	0.3675090470 	0.3675090670 	0.3675090713
	0.1564830322 	0.0540955970 	0.4076999530 	0.4076999762 	0.4076999799
	0.1815918127 	0.0522159736 	0.4536997613 	0.4536997881 	0.4536997909
	0.2067005932 	0.0512202731 	0.5042457468 	0.5042457775 	0.5042457791
	0.2318093737 	0.0510102331 	0.5575727795 	0.5575728141 	0.5575728142
	0.2569181543 	0.0514290533 	0.6114984083 	0.6114984470 	0.6114984451
	0.2820269348 	0.0522770401 	0.6635509560 	0.6635509987 	0.6635509945
	0.3071357153 	0.0533297701 	0.7111321622 	0.7111322084 	0.7111322017
	0.3322444958 	0.0543572023 	0.7517013767 	0.7517014261 	0.7517014167
	0.3573532763 	0.0551421527 	0.7829648629 	0.7829649147 	0.7829649026
	0.3824620568 	0.0554966489 	0.8030520412 	0.8030520948 	0.8030520799
	0.4075708374 	0.0552749104 	0.8106609400 	0.8106609944 	0.8106609769
	0.4326796179 	0.0543820351 	0.8051578246 	0.8051578790 	0.8051578592
	0.4577883984 	0.0527778914 	0.7866207263 	0.7866207798 	0.7866207580
	0.4828971789 	0.0504761820 	0.7558227815 	0.7558228332 	0.7558228100
	0.5080059594 	0.0475391045 	0.7141580727 	0.7141581218 	0.7141580978
	0.5331147399 	0.0440684369 	0.6635190542 	0.6635191000 	0.6635190758
	0.5582235204 	0.0401941775 	0.6061397366 	0.6061397787 	0.6061397547
	0.5833323010 	0.0360620224 	0.5444218948 	0.5444219328 	0.5444219096
	0.6084410815 	0.0318209685 	0.4807623008 	0.4807623345 	0.4807623126
	0.6335498620 	0.0276121840 	0.4173974073 	0.4173974367 	0.4173974165
	0.6586586425 	0.0235600244 	0.3562784095 	0.3562784347 	0.3562784164
	0.6837674230 	0.0197657353 	0.2989848734 	0.2989848947 	0.2989848784
	0.7088762035 	0.0163040258 	0.2466799253 	0.2466799429 	0.2466799287
	0.7339849841 	0.0132223645 	0.2001051305 	0.2001051448 	0.2001051327
	0.7590937646 	0.0105425893 	0.1596092808 	0.1596092923 	0.1596092821
	0.7842025451 	0.0082642498 	0.1252027451 	0.1252027541 	0.1252027457
	0.8093113256 	0.0063690324 	0.0966279462 	0.0966279532 	0.0966279463
	0.8344201061 	0.0048256356 	0.0734367909 	0.0734367961 	0.0734367906
	0.8595288866 	0.0035945509 	0.0550671872 	0.0550671910 	0.0550671865
	0.8846376671 	0.0026323427 	0.0409127442 	0.0409127468 	0.0409127430
	0.9097464477 	0.0018951647 	0.0303819266 	0.0303819282 	0.0303819248
	0.9348552282 	0.0013413977 	0.0229449740 	0.0229449748 	0.0229449715
	0.9599640087 	0.0009334128 	0.0181685179 	0.0181685178 	0.0181685143
	0.9850727892 	0.0006385505 	0.0157388858 	0.0157388848 	0.0157388806
	1.0101815697 	0.0004294591 	0.0154755491 	0.0154755471 	0.0154755418
	1.0352903502 	0.0002839575 	0.0173361066 	0.0173361035 	0.0173360965
	1.0603991308 	0.0001845821 	0.0214137484 	0.0214137438 	0.0214137346
	1.0855079113 	0.0001179589 	0.0279275011 	0.0279274946 	0.0279274826
	1.1106166918 	0.0000741099 	0.0372049202 	0.0372049114 	0.0372048959
	1.1357254723 	0.0000457748 	0.0496564630 	0.0496564513 	0.0496564315
	1.1608342528 	0.0000277960 	0.0657407147 	0.0657406994 	0.0657406748
	1.1859430333 	0.0000165936 	0.0859200604 	0.0859200409 	0.0859200107
	1.2110518138 	0.0000097388 	0.1106073234 	0.1106072990 	0.1106072628
	1.2361605944 	0.0000056192 	0.1401052756 	0.1401052456 	0.1401052033
	1.2612693749 	0.0000031875 	0.1745425965 	0.1745425602 	0.1745425118
	1.2863781554 	0.0000017776 	0.2138115637 	0.2138115207 	0.2138114667
	1.3114869359 	0.0000009746 	0.2575141776 	0.2575141274 	0.2575140688
	1.3365957164 	0.0000005253 	0.3049241959 	0.3049241385 	0.3049240766
	1.3617044969 	0.0000002783 	0.3549723960 	0.3549723316 	0.3549722684
	1.3868132775 	0.0000001450 	0.4062610684 	0.4062609972 	0.4062609350
	1.4119220580 	0.0000000743 	0.4571112699 	0.4571111929 	0.4571111343
	1.4370308385 	0.0000000374 	0.5056429031 	0.5056428212 	0.5056427690
	1.4621396190 	0.0000000185 	0.5498836274 	0.5498835419 	0.5498834988
	1.4872483995 	0.0000000090 	0.5878985302 	0.5878984427 	0.5878984112
	1.5123571800 	0.0000000043 	0.6179290235 	0.6179289356 	0.6179289179
	1.5374659605 	0.0000000020 	0.6385272147 	0.6385271280 	0.6385271256
	1.5625747411 	0.0000000009 	0.6486714925 	0.6486714086 	0.6486714224
	1.5876835216 	0.0000000004 	0.6478504830 	0.6478504035 	0.6478504334
	1.6127923021 	0.0000000002 	0.6361057670 	0.6361056931 	0.6361057382
	1.6379010826 	0.0000000001 	0.6140283861 	0.6140283188 	0.6140283777
	1.6630098631 	0.0000000000 	0.5827095472 	0.5827094872 	0.5827095575
	1.6881186436 	0.0000000000 	0.5436512459 	0.5436511935 	0.5436512726
	1.7132274241 	0.0000000000 	0.4986470004 	0.4986469555 	0.4986470406
	1.7383362047 	0.0000000000 	0.4496458653 	0.4496458278 	0.4496459156
	1.7634449852 	0.0000000000 	0.3986140204 	0.3986139897 	0.3986140775
	1.7885537657 	0.0000000000 	0.3474074391 	0.3474074147 	0.3474074999
	1.8136625462 	0.0000000000 	0.2976666979 	0.2976666789 	0.2976667593
	1.8387713267 	0.0000000000 	0.2507413800 	0.2507413657 	0.2507414396
	1.8638801072 	0.0000000000 	0.2076473931 	0.2076473826 	0.2076474490
	1.8889888878 	0.0000000000 	0.1690564977 	0.1690564902 	0.1690565485
	1.9140976683 	0.0000000000 	0.1353139783 	0.1353139732 	0.1353140232
	1.9392064488 	0.0000000000 	0.1064780489 	0.1064780456 	0.1064780876
	1.9643152293 	0.0000000000 	0.0823734219 	0.0823734199 	0.0823734544
	1.9894240098 	0.0000000000 	0.0626514318 	0.0626514307 	0.0626514585
	2.0145327903 	0.0000000000 	0.0468499930 	0.0468499925 	0.0468500145
	2.0396415708 	0.0000000000 	0.0344481666 	0.0344481664 	0.0344481834
	2.0647503514 	0.0000000000 	0.0249118956 	0.0249118956 	0.0249119085
	2.0898591319 	0.0000000000 	0.0177292389 	0.0177292390 	0.0177292484
	2.1149679124 	0.0000000000 	0.0124349625 	0.0124349626 	0.0124349694
	2.1400766929 	0.0000000000 	0.0086255033 	0.0086255034 	0.0086255081
	2.1651854734 	0.0000000000 	0.0059660479 	0.0059660479 	0.0059660509
	2.1902942539 	0.0000000000 	0.0041917966 	0.0041917965 	0.0041917980
	2.2154030345 	0.0000000000 	0.0031054752 	0.0031054749 	0.0031054752
	2.2405118150 	0.0000000000 	0.0025729035 	0.0025729030 	0.0025729020
	2.2656205955 	0.0000000000 	0.0025180216 	0.0025180209 	0.0025180185
	2.2907293760 	0.0000000000 	0.0029182948 	0.0029182937 	0.0029182896
	2.3158381565 	0.0000000000 	0.0038009152 	0.0038009137 	0.0038009074
	2.3409469370 	0.0000000000 	0.0052397522 	0.0052397500 	0.0052397410
	2.3660557175 	0.0000000000 	0.0073525831 	0.0073525801 	0.0073525675
	2.3911644981 	0.0000000000 	0.0102978113 	0.0102978073 	0.0102977903
	2.4162732786 	0.0000000000 	0.0142696533 	0.0142696480 	0.0142696254
	2.4413820591 	0.0000000000 	0.0194906940 	0.0194906871 	0.0194906578
	2.4664908396 	0.0000000000 	0.0262007970 	0.0262007883 	0.0262007510
	2.4915996201 	0.0000000000 	0.0346416339 	0.0346416231 	0.0346415766
	2.5167084006 	0.0000000000 	0.0450365840 	0.0450365710 	0.0450365142
	2.5418171812 	0.0000000000 	0.0575664256 	0.0575664103 	0.0575663424
	2.5669259617 	0.0000000000 	0.0723420515 	0.0723420337 	0.0723419543
	2.5920347422 	0.0000000000 	0.0893762915 	0.0893762715 	0.0893761808
	2.6171435227 	0.0000000000 	0.1085576947 	0.1085576728 	0.1085575715
	2.6422523032 	0.0000000000 	0.1296296546 	0.1296296312 	0.1296295209
	2.6673610837 	0.0000000000 	0.1521784136 	0.1521783894 	0.1521782724
	2.6924698642 	0.0000000000 	0.1756331378 	0.1756331137 	0.1756329931
	2.7175786448 	0.0000000000 	0.1992803597 	0.1992803367 	0.1992802161
	2.7426874253 	0.0000000000 	0.2222936875 	0.2222936667 	0.2222935504
	2.7677962058 	0.0000000000 	0.2437779052 	0.2437778876 	0.2437777801
	2.7929049863 	0.0000000000 	0.2628246677 	0.2628246545 	0.2628245602
	2.8180137668 	0.0000000000 	0.2785752169 	0.2785752090 	0.2785751319
	2.8431225473 	0.0000000000 	0.2902842013 	0.2902841993 	0.2902841428
	2.8682313279 	0.0000000000 	0.2973780377 	0.2973780421 	0.2973780086
	2.8933401084 	0.0000000000 	0.2995014651 	0.2995014760 	0.2995014669
	2.9184488889 	0.0000000000 	0.2965470306 	0.2965470478 	0.2965470631
	2.9435576694 	0.0000000000 	0.2886641005 	0.2886641236 	0.2886641621
	2.9686664499 	0.0000000000 	0.2762463459 	0.2762463739 	0.2762464334
	2.9937752304 	0.0000000000 	0.2598991600 	0.2598991919 	0.2598992693
	3.0188840109 	0.0000000000 	0.2403907642 	0.2403907990 	0.2403908903
	3.0439927915 	0.0000000000 	0.2185924959 	0.2185925322 	0.2185926332
	3.0691015720 	0.0000000000 	0.1954147260 	0.1954147628 	0.1954148690
	3.0942103525 	0.0000000000 	0.1717449183 	0.1717449543 	0.1717450618
	3.1193191330 	0.0000000000 	0.1483935662 	0.1483936005 	0.1483937056
	3.1444279135 	0.0000000000 	0.1260523122 	0.1260523441 	0.1260524437
	3.1695366940 	0.0000000000 	0.1052667293 	0.1052667583 	0.1052668501
	3.1946454745 	0.0000000000 	0.0864243279 	0.0864243535 	0.0864244360
	3.2197542551 	0.0000000000 	0.0697566251 	0.0697566473 	0.0697567196
	3.2448630356 	0.0000000000 	0.0553527853 	0.0553528041 	0.0553528660
	3.2699718161 	0.0000000000 	0.0431815340 	0.0431815496 	0.0431816014
	3.2950805966 	0.0000000000 	0.0331177804 	0.0331177931 	0.0331178355
	3.3201893771 	0.0000000000 	0.0249705981 	0.0249706082 	0.0249706423
	3.3452981576 	0.0000000000 	0.0185097792 	0.0185097871 	0.0185098138
	3.3704069382 	0.0000000000 	0.0134889486 	0.0134889546 	0.0134889752
	3.3955157187 	0.0000000000 	0.0096640580 	0.0096640625 	0.0096640781
	3.4206244992 	0.0000000000 	0.0068068397 	0.0068068431 	0.0068068546
	3.4457332797 	0.0000000000 	0.0047134195 	0.0047134219 	0.0047134303
	3.4708420602 	0.0000000000 	0.0032087156 	0.0032087173 	0.0032087233
	3.4959508407 	0.0000000000 	0.0021474889 	0.0021474901 	0.0021474943
	3.5210596212 	0.0000000000 	0.0014129774 	0.0014129782 	0.0014129810
	3.5461684018 	0.0000000000 	0.0009139955 	0.0009139960 	0.0009139979
	3.5712771823 	0.0000000000 	0.0005812426 	0.0005812430 	0.0005812442
	3.5963859628 	0.0000000000 	0.0003633921 	0.0003633923 	0.0003633931
	3.6214947433 	0.0000000000 	0.0002233562 	0.0002233563 	0.0002233569
	3.6466035238 	0.0000000000 	0.0001349662 	0.0001349663 	0.0001349666
	3.6717123043 	0.0000000000 	0.0000801783 	0.0000801783 	0.0000801785
	3.6968210849 	0.0000000000 	0.0000468266 	0.0000468267 	0.0000468268
	3.7219298654 	0.0000000000 	0.0000268865 	0.0000268865 	0.0000268866
	3.7470386459 	0.0000000000 	0.0000151768 	0.0000151768 	0.0000151768
	3.7721474264 	0.0000000000 	0.0000084223 	0.0000084223 	0.0000084223
	3.7972562069 	0.0000000000 	0.0000045950 	0.0000045950 	0.0000045950
	3.8223649874 	0.0000000000 	0.0000024646 	0.0000024646 	0.0000024646
	3.8474737679 	0.0000000000 	0.0000012996 	0.0000012996 	0.0000012996
	3.8725825485 	0.0000000000 	0.0000006737 	0.0000006737 	0.0000006737
	3.8976913290 	0.0000000000 	0.0000003434 	0.0000003434 	0.0000003434
	3.9228001095 	0.0000000001 	0.0000001722 	0.0000001722 	0.0000001722
	3.9479088900 	0.0000000002 	0.0000000852 	0.0000000852 	0.0000000852
	3.9730176705 	0.0000000004 	0.0000000420 	0.0000000420 	0.0000000420
	3.9981264510 	0.0000000009 	0.0000000217 	0.0000000217 	0.0000000217
	4.0232352316 	0.0000000019 	0.0000000138 	0.0000000138 	0.0000000138
	4.0483440121 	0.0000000041 	0.0000000142 	0.0000000142 	0.0000000142
	4.0734527926 	0.0000000087 	0.0000000229 	0.0000000229 	0.0000000229
	4.0985615731 	0.0000000182 	0.0000000446 	0.0000000446 	0.0000000446
	4.1236703536 	0.0000000372 	0.0000000897 	0.0000000897 	0.0000000897
	4.1487791341 	0.0000000750 	0.0000001796 	0.0000001796 	0.0000001796
	4.1738879146 	0.0000001484 	0.0000003545 	0.0000003545 	0.0000003545
	4.1989966952 	0.0000002889 	0.0000006883 	0.0000006883 	0.0000006883
	4.2241054757 	0.0000005530 	0.0000013140 	0.0000013140 	0.0000013140
	4.2492142562 	0.0000010407 	0.0000024664 	0.0000024664 	0.0000024664
	4.2743230367 	0.0000019255 	0.0000045516 	0.0000045516 	0.0000045516
	4.2994318172 	0.0000035027 	0.0000082584 	0.0000082584 	0.0000082584
	4.3245405977 	0.0000062647 	0.0000147319 	0.0000147319 	0.0000147320
	4.3496493782 	0.0000110162 	0.0000258376 	0.0000258376 	0.0000258376
	4.3747581588 	0.0000190462 	0.0000445526 	0.0000445526 	0.0000445527
	4.3998669393 	0.0000323757 	0.0000755310 	0.0000755311 	0.0000755312
	4.4249757198 	0.0000541091 	0.0001258949 	0.0001258949 	0.0001258951
	4.4500845003 	0.0000889118 	0.0002063105 	0.0002063105 	0.0002063109
	4.4751932808 	0.0001436442 	0.0003324034 	0.0003324035 	0.0003324041
	4.5003020613 	0.0002281685 	0.0005265516 	0.0005265516 	0.0005265525
	4.5254108419 	0.0003563382 	0.0008200640 	0.0008200641 	0.0008200654
	4.5505196224 	0.0005471527 	0.0012557011 	0.0012557013 	0.0012557032
	4.5756284029 	0.0008260268 	0.0018904133 	0.0018904136 	0.0018904164
	4.6007371834 	0.0012260814 	0.0027980756 	0.0027980760 	0.0027980799
	4.6258459639 	0.0017893042 	0.0040718762 	0.0040718766 	0.0040718820
	4.6509547444 	0.0025673724 	0.0058258909 	0.0058258915 	0.0058258988
	4.6760635249 	0.0036218749 	0.0081952660 	0.0081952667 	0.0081952765
	4.7011723055 	0.0050236344 	0.0113343577 	0.0113343586 	0.0113343714
	4.7262810860 	0.0068508221 	0.0154121836 	0.0154121847 	0.0154122011
	4.7513898665 	0.0091856001 	0.0206046416 	0.0206046429 	0.0206046635
	4.7764986470 	0.0121091211 	0.0270831904 	0.0270831919 	0.0270832171
	4.8016074275 	0.0156948814 	0.0350000511 	0.0350000527 	0.0350000830
	4.8267162080 	0.0200006378 	0.0444704846 	0.0444704863 	0.0444705219
	4.8518249886 	0.0250593675 	0.0555532666 	0.0555532682 	0.0555533093
	4.8769337691 	0.0308700172 	0.0682310605 	0.0682310619 	0.0682311080
	4.9020425496 	0.0373890297 	0.0823928726 	0.0823928736 	0.0823929241
	4.9271513301 	0.0445237893 	0.0978210659 	0.0978210664 	0.0978211202
	4.9522601106 	0.0521291547 	0.1141853999 	0.1141853996 	0.1141854554
	4.9773688911 	0.0600081056 	0.1310461959 	0.1310461944 	0.1310462505
	5.0024776716 	0.0679172115 	0.1478679748 	0.1478679720 	0.1478680265
	5.0275864522 	0.0755771469 	0.1640438318 	0.1640438274 	0.1640438781
	5.0526952327 	0.0826878822 	0.1789295065 	0.1789295003 	0.1789295451
	5.0778040132 	0.0889475485 	0.1918847688 	0.1918847607 	0.1918847977
	5.1029127937 	0.0940733990 	0.2023185578 	0.2023185478 	0.2023185752
	5.1280215742 	0.0978228753 	0.2097335032 	0.2097334912 	0.2097335077
	5.1531303547 	0.1000126045 	0.2137651802 	0.2137651664 	0.2137651713
	5.1782391353 	0.1005332584 	0.2142117900 	0.2142117747 	0.2142117678
	5.2033479158 	0.0993586007 	0.2110509007 	0.2110508840 	0.2110508658
	5.2284566963 	0.0965476778 	0.2044413137 	0.2044412962 	0.2044412675
	5.2535654768 	0.0922398996 	0.1947098423 	0.1947098242 	0.1947097866
	5.2786742573 	0.0866435812 	0.1823245319 	0.1823245137 	0.1823244689
	5.3037830378 	0.0800192551 	0.1678573784 	0.1678573605 	0.1678573106
	5.3288918183 	0.0726596162 	0.1519406758 	0.1519406586 	0.1519406058
	5.3540005989 	0.0648682411 	0.1352216151 	0.1352215989 	0.1352215451
	5.3791093794 	0.0569392193 	0.1183196249 	0.1183196100 	0.1183195571
	5.4042181599 	0.0491395516 	0.1017902542 	0.1017902407 	0.1017901902
	5.4293269404 	0.0416956826 	0.0860982862 	0.0860982742 	0.0860982274
	5.4544357209 	0.0347849293 	0.0716014548 	0.0716014444 	0.0716014022
	5.4795445014 	0.0285319342 	0.0585448035 	0.0585447947 	0.0585447574
	5.5046532820 	0.0230097162 	0.0470645765 	0.0470645690 	0.0470645370
	5.5297620625 	0.0182444667 	0.0371996948 	0.0371996887 	0.0371996617
	5.5548708430 	0.0142229879 	0.0289084054 	0.0289084005 	0.0289083782
	5.5799796235 	0.0109015979 	0.0220876010 	0.0220875972 	0.0220875792
	5.6050884040 	0.0082154057 	0.0165925342 	0.0165925312 	0.0165925170
	5.6301971845 	0.0060870559 	0.0122550971 	0.0122550949 	0.0122550839
	5.6553059650 	0.0044342978 	0.0088994006 	0.0088993989 	0.0088993905
	5.6804147456 	0.0031760080 	0.0063539648 	0.0063539636 	0.0063539574
	5.7055235261 	0.0022365435 	0.0044603506 	0.0044603497 	0.0044603452
	5.7306323066 	0.0015485028 	0.0030784593 	0.0030784586 	0.0030784554
	5.7557410871 	0.0010541087 	0.0020889986 	0.0020889981 	0.0020889958
	5.7808498676 	0.0007055006 	0.0013937449 	0.0013937446 	0.0013937430
	5.8059586481 	0.0004642456 	0.0009142585 	0.0009142583 	0.0009142573
	5.8310674286 	0.0003003562 	0.0005896521 	0.0005896519 	0.0005896512
	5.8561762092 	0.0001910572 	0.0003739083 	0.0003739083 	0.0003739078
	5.8812849897 	0.0001194891 	0.0002331213 	0.0002331212 	0.0002331209
	5.9063937702 	0.0000734735 	0.0001429100 	0.0001429100 	0.0001429098
	5.9315025507 	0.0000444192 	0.0000861519 	0.0000861519 	0.0000861517
	5.9566113312 	0.0000264027 	0.0000510956 	0.0000510956 	0.0000510955
	5.9817201117 	0.0000154299 	0.0000298599 	0.0000298599 	0.0000298598
	6.0068288923 	0.0000088657 	0.0000172841 	0.0000172841 	0.0000172840
	6.0319376728 	0.0000050085 	0.0000100820 	0.0000100820 	0.0000100820
	6.0570464533 	0.0000027818 	0.0000062433 	0.0000062433 	0.0000062433
	6.0821552338 	0.0000015191 	0.0000046328 	0.0000046328 	0.0000046328
	6.1072640143 	0.0000008156 	0.0000047449 	0.0000047449 	0.0000047449
	6.1323727948 	0.0000004306 	0.0000065854 	0.0000065854 	0.0000065854
	6.1574815753 	0.0000002235 	0.0000106616 	0.0000106616 	0.0000106616
	6.1825903559 	0.0000001140 	0.0000180782 	0.0000180782 	0.0000180782
	6.2076991364 	0.0000000572 	0.0000307442 	0.0000307442 	0.0000307442
	6.2328079169 	0.0000000282 	0.0000517089 	0.0000517089 	0.0000517089
	6.2579166974 	0.0000000137 	0.0000856510 	0.0000856510 	0.0000856511
	6.2830254779 	0.0000000065 	0.0001395490 	0.0001395490 	0.0001395491
	6.3081342584 	0.0000000031 	0.0002235581 	0.0002235581 	0.0002235583
	6.3332430390 	0.0000000014 	0.0003521094 	0.0003521094 	0.0003521096
	6.3583518195 	0.0000000006 	0.0005452238 	0.0005452240 	0.0005452243
	6.3834606000 	0.0000000003 	0.0008300004 	0.0008300006 	0.0008300010
	6.4085693805 	0.0000000001 	0.0012421864 	0.0012421867 	0.0012421873
	6.4336781610 	0.0000000001 	0.0018276792 	0.0018276796 	0.0018276805
	6.4587869415 	0.0000000000 	0.0026437342 	0.0026437346 	0.0026437358
	6.4838957220 	0.0000000000 	0.0037595873 	0.0037595879 	0.0037595895
	6.5090045026 	0.0000000000 	0.0052561425 	0.0052561433 	0.0052561454
	6.5341132831 	0.0000000000 	0.0072243480 	0.0072243490 	0.0072243517
	6.5592220636 	0.0000000000 	0.0097619090 	0.0097619102 	0.0097619137
	6.5843308441 	0.0000000000 	0.0129680722 	0.0129680736 	0.0129680780
	6.6094396246 	0.0000000000 	0.0169363824 	0.0169363841 	0.0169363894
	6.6345484051 	0.0000000000 	0.0217455529 	0.0217455547 	0.0217455610
	6.6596571857 	0.0000000000 	0.0274488924 	0.0274488943 	0.0274489017
	6.6847659662 	0.0000000000 	0.0340630682 	0.0340630701 	0.0340630784
	6.7098747467 	0.0000000000 	0.0415572950 	0.0415572968 	0.0415573060
	6.7349835272 	0.0000000000 	0.0498442824 	0.0498442838 	0.0498442938
	6.7600923077 	0.0000000001 	0.0587743714 	0.0587743723 	0.0587743827
	6.7852010882 	0.0000000002 	0.0681342073 	0.0681342074 	0.0681342179
	6.8103098687 	0.0000000005 	0.0776509892 	0.0776509882 	0.0776509984
	6.8354186493 	0.0000000010 	0.0870028239 	0.0870028216 	0.0870028310
	6.8605274298 	0.0000000021 	0.0958350293 	0.0958350255 	0.0958350337
	6.8856362103 	0.0000000044 	0.1037814637 	0.1037814581 	0.1037814646
	6.9107449908 	0.0000000091 	0.1104892166 	0.1104892092 	0.1104892136
	6.9358537713 	0.0000000184 	0.1156444009 	0.1156443916 	0.1156443935
	6.9609625518 	0.0000000364 	0.1189964433 	0.1189964321 	0.1189964314
	6.9860713324 	0.0000000711 	0.1203782668 	0.1203782538 	0.1203782503
	7.0111801129 	0.0000001365 	0.1197201023 	0.1197200878 	0.1197200815
	7.0362888934 	0.0000002575 	0.1170553475 	0.1170553317 	0.1170553229
	7.0613976739 	0.0000004776 	0.1125177912 	0.1125177745 	0.1125177634
	7.0865064544 	0.0000008707 	0.1063305364 	0.1063305191 	0.1063305063
	7.1116152349 	0.0000015608 	0.0987879140 	0.0987878966 	0.0987878824
	7.1367240154 	0.0000027505 	0.0902324503 	0.0902324332 	0.0902324182
	7.1618327960 	0.0000047651 	0.0810294264 	0.0810294099 	0.0810293945
	7.1869415765 	0.0000081161 	0.0715416896 	0.0715416740 	0.0715416588
	7.2120503570 	0.0000135903 	0.0621071518 	0.0621071374 	0.0621071228
	7.2371591375 	0.0000223724 	0.0530208929 	0.0530208799 	0.0530208662
	7.2622679180 	0.0000362078 	0.0445230852 	0.0445230737 	0.0445230612
	7.2873766985 	0.0000576096 	0.0367931778 	0.0367931679 	0.0367931566
	7.3124854790 	0.0000901140 	0.0299500458 	0.0299500372 	0.0299500274
	7.3375942596 	0.0001385781 	0.0240572123 	0.0240572052 	0.0240571967
	7.3627030401 	0.0002095084 	0.0191318465 	0.0191318406 	0.0191318334
	7.3878118206 	0.0003113958 	0.0151560420 	0.0151560372 	0.0151560311
	7.4129206011 	0.0004550180 	0.0120888852 	0.0120888813 	0.0120888762
	7.4380293816 	0.0006536557 	0.0098779722 	0.0098779690 	0.0098779647
	7.4631381621 	0.0009231539 	0.0084692920 	0.0084692895 	0.0084692858
	7.4882469427 	0.0012817511 	0.0078146962 	0.0078146941 	0.0078146908
	7.5133557232 	0.0017495964 	0.0078764893 	0.0078764874 	0.0078764843
	7.5384645037 	0.0023478839 	0.0086289685 	0.0086289668 	0.0086289638
	7.5635732842 	0.0030975614 	0.0100570047 	0.0100570031 	0.0100570000
	7.5886820647 	0.0040176102 	0.0121519862 	0.0121519845 	0.0121519814
	7.6137908452 	0.0051229514 	0.0149056546 	0.0149056530 	0.0149056498
	7.6388996257 	0.0064221027 	0.0183025402 	0.0183025384 	0.0183025352
	7.6640084063 	0.0079147796 	0.0223118532 	0.0223118513 	0.0223118482
	7.6891171868 	0.0095896990 	0.0268797975 	0.0268797954 	0.0268797926
	7.7142259673 	0.0114228822 	0.0319233120 	0.0319233098 	0.0319233075
	7.7393347478 	0.0133767616 	0.0373261984 	0.0373261962 	0.0373261947
	7.7644435283 	0.0154003591 	0.0429384367 	0.0429384346 	0.0429384343
	7.7895523088 	0.0174307184 	0.0485792160 	0.0485792140 	0.0485792152
	7.8146610894 	0.0193956486 	0.0540438289 	0.0540438271 	0.0540438302
	7.8397698699 	0.0212176814 	0.0591141294 	0.0591141280 	0.0591141332
	7.8648786504 	0.0228189766 	0.0635717878 	0.0635717868 	0.0635717944
	7.8899874309 	0.0241267638 	0.0672131584 	0.0672131579 	0.0672131681
	7.9150962114 	0.0250787995 	0.0698642817 	0.0698642817 	0.0698642945
	7.9402049919 	0.0256282740 	0.0713944176 	0.0713944182 	0.0713944336
	7.9653137724 	0.0257476297 	0.0717265973 	0.0717265985 	0.0717266162
	7.9904225530 	0.0254308624 	0.0708439737 	0.0708439755 	0.0708439952
	8.0155313335 	0.0246940378 	0.0687912264 	0.0687912287 	0.0687912500
	8.0406401140 	0.0235739691 	0.0656708524 	0.0656708551 	0.0656708776
	8.0657488945 	0.0221252141 	0.0616347821 	0.0616347852 	0.0616348082
	8.0908576750 	0.0204157433 	0.0568722992 	0.0568723025 	0.0568723255
	8.1159664555 	0.0185217773 	0.0515956395 	0.0515956429 	0.0515956654
	8.1410752361 	0.0165223576 	0.0460248487 	0.0460248521 	0.0460248736
	8.1661840166 	0.0144942170 	0.0403734663 	0.0403734696 	0.0403734898
	8.1912927971 	0.0125074382 	0.0348363952 	0.0348363984 	0.0348364169
	8.2164015776 	0.0106222584 	0.0295809558 	0.0295809587 	0.0295809753
	8.2415103581 	0.0088872192 	0.0247416721 	0.0247416747 	0.0247416893
	8.2666191386 	0.0073386904 	0.0204188723 	0.0204188745 	0.0204188871
	8.2917279191 	0.0060016433 	0.0166807596 	0.0166807615 	0.0166807721
	8.3168366997 	0.0048914315 	0.0135682785 	0.0135682801 	0.0135682888
	8.3419454802 	0.0040162539 	0.0111018820 	0.0111018833 	0.0111018903
	8.3670542607 	0.0033799407 	0.0092892078 	0.0092892088 	0.0092892143
	8.3921630412 	0.0029847016 	0.0081326775 	0.0081326782 	0.0081326822
	8.4172718217 	0.0028335076 	0.0076361240 	0.0076361244 	0.0076361272
	8.4423806022 	0.0029318274 	0.0078097014 	0.0078097015 	0.0078097032
	8.4674893828 	0.0032885094 	0.0086725182 	0.0086725182 	0.0086725188
	8.4925981633 	0.0039156727 	0.0102526506 	0.0102526503 	0.0102526499
	8.5177069438 	0.0048275583 	0.0125844234 	0.0125844228 	0.0125844215
	8.5428157243 	0.0060383842 	0.0157031030 	0.0157031021 	0.0157030997
	8.5679245048 	0.0075593502 	0.0196374116 	0.0196374104 	0.0196374069
	8.5930332853 	0.0093950400 	0.0244005506 	0.0244005491 	0.0244005444
	8.6181420658 	0.0115395722 	0.0299806796 	0.0299806778 	0.0299806717
	8.6432508464 	0.0139729328 	0.0363320107 	0.0363320086 	0.0363320010
	8.6683596269 	0.0166579741 	0.0433678021 	0.0433677996 	0.0433677904
	8.6934684074 	0.0195385680 	0.0509565245 	0.0509565217 	0.0509565106
	8.7185771879 	0.0225393433 	0.0589222952 	0.0589222920 	0.0589222791
	8.7436859684 	0.0255673108 	0.0670503129 	0.0670503094 	0.0670502946
	8.7687947489 	0.0285154917 	0.0750974916 	0.0750974877 	0.0750974711
	8.7939035294 	0.0312684354 	0.0828078341 	0.0828078299 	0.0828078116
	8.8190123100 	0.0337092591 	0.0899313832 	0.0899313788 	0.0899313589
	8.8441210905 	0.0357276192 	0.0962449420 	0.0962449373 	0.0962449162
	8.8692298710 	0.0372278469 	0.1015722784 	0.1015722734 	0.1015722514
	8.8943386515 	0.0381364033 	0.1058013171 	0.1058013118 	0.1058012894
	8.9194474320 	0.0384078373 	0.1088959462 	0.1088959405 	0.1088959183
	8.9445562125 	0.0380285697 	0.1109005397 	0.1109005336 	0.1109005120
	8.9696649931 	0.0370180692 	0.1119360898 	0.1119360832 	0.1119360629
	8.9947737736 	0.0354272880 	0.1121878580 	0.1121878509 	0.1121878324
	9.0198825541 	0.0333345486 	0.1118855583 	0.1118855505 	0.1118855345
	9.0449913346 	0.0308393689 	0.1112781197 	0.1112781111 	0.1112780981
	9.0701001151 	0.0280549349 	0.1106058818 	0.1106058723 	0.1106058628
	9.0952088956 	0.0251000529 	0.1100735305 	0.1100735201 	0.1100735143
	9.1203176761 	0.0220914174 	0.1098270917 	0.1098270803 	0.1098270787
	9.1454264567 	0.0191369259 	0.1099378671 	0.1099378547 	0.1099378575
	9.1705352372 	0.0163305822 	0.1103953528 	0.1103953394 	0.1103953467
	9.1956440177 	0.0137492864 	0.1111100532 	0.1111100389 	0.1111100506
	9.2207527982 	0.0114515500 	0.1119258344 	0.1119258194 	0.1119258353
	9.2458615787 	0.0094779439 	0.1126402393 	0.1126402238 	0.1126402435
	9.2709703592 	0.0078529020 	0.1130301702 	0.1130301545 	0.1130301776
	9.2960791398 	0.0065873946 	0.1128796907 	0.1128796750 	0.1128797010
	9.3211879203 	0.0056819473 	0.1120064748 	0.1120064593 	0.1120064876
	9.3462967008 	0.0051295195 	0.1102836835 	0.1102836685 	0.1102836983
	9.3714054813 	0.0049178482 	0.1076547162 	0.1076547020 	0.1076547326
	9.3965142618 	0.0050309964 	0.1041392740 	0.1041392607 	0.1041392914
	9.4216230423 	0.0054500015 	0.0998303318 	0.0998303197 	0.0998303497
	9.4467318228 	0.0061526697 	0.0948827847 	0.0948827739 	0.0948828027
	9.4718406034 	0.0071127027 	0.0894955447 	0.0894955352 	0.0894955622
	9.4969493839 	0.0082984487 	0.0838895895 	0.0838895814 	0.0838896061
	9.5220581644 	0.0096716340 	0.0782848255 	0.0782848186 	0.0782848408
	9.5471669449 	0.0111864439 	0.0728785826 	0.0728785769 	0.0728785964
	9.5722757254 	0.0127892894 	0.0678281651 	0.0678281606 	0.0678281772
	9.5973845059 	0.0144195033 	0.0632391944 	0.0632391909 	0.0632392046
	9.6224932865 	0.0160110901 	0.0591606290 	0.0591606264 	0.0591606374
	9.6476020670 	0.0174954984 	0.0555864584 	0.0555864565 	0.0555864650
	9.6727108475 	0.0188052309 	0.0524632507 	0.0524632494 	0.0524632556
	9.6978196280 	0.0198779665 	0.0497021064 	0.0497021056 	0.0497021098
	9.7229284085 	0.0206607687 	0.0471931825 	0.0471931822 	0.0471931846
	9.7480371890 	0.0211139095 	0.0448208346 	0.0448208345 	0.0448208355
	9.7731459695 	0.0212138560 	0.0424775652 	0.0424775654 	0.0424775653
	9.7982547501 	0.0209550524 	0.0400753199 	0.0400753202 	0.0400753192
	9.8233635306 	0.0203502663 	0.0375531616 	0.0375531620 	0.0375531605
	9.8484723111 	0.0194294409 	0.0348809128 	0.0348809133 	0.0348809114
	9.8735810916 	0.0182371719 	0.0320588862 	0.0320588867 	0.0320588846
	9.8986898721 	0.0168290888 	0.0291142787 	0.0291142792 	0.0291142770
	9.9237986526 	0.0152675392 	0.0260951182 	0.0260951186 	0.0260951165
	9.9489074332 	0.0136170327 	0.0230628151 	0.0230628155 	0.0230628135
	9.9740162137 	0.0119399010 	0.0200843727 	0.0200843731 	0.0200843713
	9.9991249942 	0.0102925664 	0.0172251845 	0.0172251848 	0.0172251832
	10.0242337747 	0.0087227067 	0.0145431210 	0.0145431212 	0.0145431198
	10.0493425552 	0.0072674738 	0.0120843347 	0.0120843349 	0.0120843338
	10.0744513357 	0.0059527860 	0.0098809351 	0.0098809353 	0.0098809343
	10.0995601162 	0.0047935984 	0.0079504360 	0.0079504362 	0.0079504354
	10.1246688968 	0.0037949635 	0.0062966967 	0.0062966968 	0.0062966962
	10.1497776773 	0.0029536439 	0.0049119603 	0.0049119604 	0.0049119599
	10.1748864578 	0.0022600249 	0.0037795562 	0.0037795563 	0.0037795560
	10.1999952383 	0.0017000939 	0.0028768496 	0.0028768496 	0.0028768494
	10.2251040188 	0.0012572948 	0.0021780903 	0.0021780903 	0.0021780902
	10.2502127993 	0.0009141257 	0.0016569002 	0.0016569002 	0.0016569002
	10.2753215798 	0.0006534003 	0.0012882372 	0.0012882372 	0.0012882373
	10.3004303604 	0.0004591528 	0.0010497613 	0.0010497612 	0.0010497614
	10.3255391409 	0.0003172048 	0.0009226021 	0.0009226020 	0.0009226023
	10.3506479214 	0.0002154403 	0.0008915812 	0.0008915811 	0.0008915816
	10.3757567019 	0.0001438529 	0.0009449736 	0.0009449735 	0.0009449741
	10.4008654824 	0.0000944310 	0.0010739118 	0.0010739116 	0.0010739124
	10.4259742629 	0.0000609418 	0.0012715434 	0.0012715432 	0.0012715442
	10.4510830435 	0.0000386653 	0.0015320527 	0.0015320525 	0.0015320537
	10.4761918240 	0.0000241174 	0.0018496524 	0.0018496521 	0.0018496536
	10.5013006045 	0.0000147892 	0.0022176470 	0.0022176467 	0.0022176485
	10.5264093850 	0.0000089159 	0.0026276630 	0.0026276627 	0.0026276647
	10.5515181655 	0.0000052843 	0.0030691237 	0.0030691234 	0.0030691257
	10.5766269460 	0.0000030790 	0.0035290337 	0.0035290334 	0.0035290360
	10.6017357265 	0.0000017638 	0.0039921086 	0.0039921083 	0.0039921112
	10.6268445071 	0.0000009933 	0.0044412559 	0.0044412556 	0.0044412588
	10.6519532876 	0.0000005500 	0.0048583743 	0.0048583740 	0.0048583774
	10.6770620681 	0.0000002993 	0.0052254026 	0.0052254025 	0.0052254060
	10.7021708486 	0.0000001602 	0.0055255166 	0.0055255165 	0.0055255201
	10.7272796291 	0.0000000843 	0.0057443459 	0.0057443460 	0.0057443496
	10.7523884096 	0.0000000436 	0.0058710789 	0.0058710790 	0.0058710826
	10.7774971902 	0.0000000222 	0.0058993257 	0.0058993260 	0.0058993294
	10.8026059707 	0.0000000111 	0.0058276398 	0.0058276401 	0.0058276434
	10.8277147512 	0.0000000054 	0.0056596328 	0.0056596332 	0.0056596362
	10.8528235317 	0.0000000026 	0.0054036686 	0.0054036690 	0.0054036719
	10.8779323122 	0.0000000012 	0.0050721710 	0.0050721716 	0.0050721741
	10.9030410927 	0.0000000006 	0.0046806237 	0.0046806243 	0.0046806266
	10.9281498732 	0.0000000003 	0.0042463734 	0.0042463740 	0.0042463760
	10.9532586538 	0.0000000001 	0.0037873655 	0.0037873662 	0.0037873678
	10.9783674343 	0.0000000001 	0.0033209386 	0.0033209392 	0.0033209406
	11.0034762148 	0.0000000000 	0.0028627870 	0.0028627876 	0.0028627887
	11.0285849953 	0.0000000000 	0.0024261732 	0.0024261738 	0.0024261747
	11.0536937758 	0.0000000000 	0.0020214320 	0.0020214325 	0.0020214332
	11.0788025563 	0.0000000000 	0.0016557740 	0.0016557744 	0.0016557749
	11.1039113369 	0.0000000000 	0.0013333603 	0.0013333607 	0.0013333611
	11.1290201174 	0.0000000000 	0.0010555980 	0.0010555983 	0.0010555986
	11.1541288979 	0.0000000000 	0.0008215882 	0.0008215884 	0.0008215886
	11.1792376784 	0.0000000000 	0.0006286579 	0.0006286581 	0.0006286582
	11.2043464589 	0.0000000000 	0.0004729107 	0.0004729109 	0.0004729110
	11.2294552394 	0.0000000001 	0.0003497426 	0.0003497427 	0.0003497428
	11.2545640199 	0.0000000002 	0.0002542861 	0.0002542862 	0.0002542862
	11.2796728005 	0.0000000004 	0.0001817614 	0.0001817614 	0.0001817615
	11.3047815810 	0.0000000008 	0.0001277280 	0.0001277281 	0.0001277281
	11.3298903615 	0.0000000017 	0.0000882426 	0.0000882426 	0.0000882426
	11.3549991420 	0.0000000033 	0.0000599354 	0.0000599354 	0.0000599354
	11.3801079225 	0.0000000064 	0.0000400238 	0.0000400238 	0.0000400238
	11.4052167030 	0.0000000123 	0.0000262803 	0.0000262803 	0.0000262803
	11.4303254836 	0.0000000232 	0.0000169730 	0.0000169730 	0.0000169730
	11.4554342641 	0.0000000430 	0.0000107922 	0.0000107922 	0.0000107922
	11.4805430446 	0.0000000783 	0.0000067743 	0.0000067743 	0.0000067743
	11.5056518251 	0.0000001401 	0.0000042303 	0.0000042303 	0.0000042303
	11.5307606056 	0.0000002465 	0.0000026842 	0.0000026842 	0.0000026842
	11.5558693861 	0.0000004263 	0.0000018225 	0.0000018225 	0.0000018225
	11.5809781666 	0.0000007248 	0.0000014557 	0.0000014557 	0.0000014557
	11.6060869472 	0.0000012115 	0.0000014920 	0.0000014920 	0.0000014920
	11.6311957277 	0.0000019908 	0.0000019218 	0.0000019218 	0.0000019218
	11.6563045082 	0.0000032163 	0.0000028113 	0.0000028113 	0.0000028113
	11.6814132887 	0.0000051083 	0.0000043054 	0.0000043054 	0.0000043054
	11.7065220692 	0.0000079764 	0.0000066372 	0.0000066372 	0.0000066372
	11.7316308497 	0.0000122444 	0.0000101436 	0.0000101436 	0.0000101436
	11.7567396302 	0.0000184789 	0.0000152852 	0.0000152852 	0.0000152852
	11.7818484108 	0.0000274169 	0.0000226666 	0.0000226666 	0.0000226666
	11.8069571913 	0.0000399912 	0.0000330563 	0.0000330563 	0.0000330563
	11.8320659718 	0.0000573476 	0.0000474000 	0.0000474000 	0.0000474001
	11.8571747523 	0.0000808483 	0.0000668229 	0.0000668229 	0.0000668229
	11.8822835328 	0.0001120550 	0.0000926152 	0.0000926152 	0.0000926152
	11.9073923133 	0.0001526848 	0.0001261961 	0.0001261961 	0.0001261961
	11.9325010939 	0.0002045338 	0.0001690498 	0.0001690498 	0.0001690499
	11.9576098744 	0.0002693636 	0.0002226325 	0.0002226325 	0.0002226325
	11.9827186549 	0.0003487525 	0.0002882484 	0.0002882484 	0.0002882484
	12.0078274354 	0.0004439155 	0.0003669019 	0.0003669019 	0.0003669020
	12.0329362159 	0.0005555049 	0.0004591323 	0.0004591322 	0.0004591323
	12.0580449964 	0.0006834081 	0.0005648464 	0.0005648464 	0.0005648465
	12.0831537769 	0.0008265650 	0.0006831685 	0.0006831685 	0.0006831686
	12.1082625575 	0.0009828306 	0.0008123263 	0.0008123263 	0.0008123264
	12.1333713380 	0.0011489078 	0.0009495959 	0.0009495959 	0.0009495961
	12.1584801185 	0.0013203736 	0.0010913238 	0.0010913238 	0.0010913240
	12.1835888990 	0.0014918117 	0.0012330376 	0.0012330376 	0.0012330378
	12.2086976795 	0.0016570570 	0.0013696495 	0.0013696495 	0.0013696497
	12.2338064600 	0.0018095408 	0.0014957445 	0.0014957445 	0.0014957447
	12.2589152406 	0.0019427149 	0.0016059350 	0.0016059350 	0.0016059351
	12.2840240211 	0.0020505173 	0.0016952537 	0.0016952537 	0.0016952537
	12.3091328016 	0.0021278369 	0.0017595492 	0.0017595493 	0.0017595491
	12.3342415821 	0.0021709298 	0.0017958495 	0.0017958495 	0.0017958490
	12.3593503626 	0.0021777442 	0.0018026582 	0.0018026583 	0.0018026572
	12.3844591431 	0.0021481205 	0.0017801628 	0.0017801630 	0.0017801609
	12.4095679236 	0.0020838471 	0.0017303432 	0.0017303437 	0.0017303398
	12.4346767042 	0.0019885748 	0.0016569869 	0.0016569876 	0.0016569809
	12.4597854847 	0.0018676043 	0.0015656325 	0.0015656337 	0.0015656225
	12.4848942652 	0.0017275839 	0.0014634766 	0.0014634786 	0.0014634602
	12.5100030457 	0.0015761603 	0.0013592848 	0.0013592880 	0.0013592586
	12.5351118262 	0.0014216310 	0.0012633490 	0.0012633541 	0.0012633079
	12.5602206067 	0.0012726440 	0.0011875232 	0.0011875310 	0.0011874598
	12.5853293873 	0.0011379760 	0.0011453518 	0.0011453637 	0.0011452558
	12.6104381678 	0.0010264074 	0.0011522815 	0.0011522992 	0.0011521385
	12.6355469483 	0.0009466887 	0.0012259138 	0.0012259397 	0.0012257046
	12.6606557288 	0.0009075749 	0.0013862271 	0.0013862644 	0.0013859263
	12.6857645093 	0.0009178838 	0.0016556674 	0.0016557201 	0.0016552423
	12.7108732898 	0.0009865229 	0.0020589861 	0.0020590595 	0.0020583954
	12.7359820703 	0.0011224222 	0.0026227008 	0.0026228010 	0.0026218939
	12.7610908509 	0.0013343178 	0.0033740659 	0.0033742006 	0.0033729823
	12.7861996314 	0.0016303411 	0.0043394814 	0.0043396593 	0.0043380509
	12.8113084119 	0.0020173975 	0.0055423253 	0.0055425562 	0.0055404685
	12.8364171924 	0.0025003494 	0.0070002815 	0.0070005762 	0.0069979123
	12.8615259729 	0.0030810550 	0.0087223307 	0.0087227003 	0.0087193588
	12.8866347534 	0.0037573552 	0.0107056687 	0.0107061242 	0.0107020039
	12.9117435340 	0.0045221299 	0.0129329047 	0.0129334563 	0.0129284618
	12.9368523145 	0.0053625689 	0.0153699424 	0.0153705984 	0.0153646475
	12.9619610950 	0.0062598014 	0.0179649543 	0.0179657205 	0.0179587512
	12.9870698755 	0.0071890131 	0.0206488076 	0.0206496855 	0.0206416638
	13.0121786560 	0.0081201361 	0.0233371785 	0.0233381648 	0.0233290918
	13.0372874365 	0.0090191385 	0.0259344271 	0.0259355119 	0.0259254296
	13.0623962170 	0.0098498633 	0.0283390866 	0.0283402523 	0.0283292481
	13.0875049976 	0.0105762925 	0.0304506049 	0.0304518250 	0.0304400334
	13.1126137781 	0.0111650429 	0.0321767749 	0.0321780125 	0.0321656151
	13.1377225586 	0.0115878485 	0.0334411468 	0.0334423530 	0.0334295761
	13.1628313391 	0.0118237709 	0.0341896564 	0.0341907689 	0.0341778787
	13.1879401196 	0.0118608911 	0.0343957382 	0.0343966796 	0.0343839760
	13.2130489001 	0.0116972891 	0.0340633308 	0.0340640065 	0.0340518157
	13.2381576806 	0.0113411961 	0.0332273937 	0.0332276901 	0.0332163578
	13.2632664612 	0.0108102998 	0.0319518295 	0.0319516123 	0.0319414957
	13.2883752417 	0.0101302831 	0.0303249796 	0.0303240925 	0.0303155540
	13.3134840222 	0.0093327631 	0.0284531236 	0.0284513878 	0.0284447889
	13.3385928027 	0.0084528594 	0.0264526044 	0.0264498191 	0.0264455146
	13.3637015832 	0.0075266507 	0.0244413155 	0.0244372612 	0.0244355937
	13.3888103637 	0.0065887738 	0.0225303141 	0.0225247572 	0.0225260501
	13.4139191443 	0.0056703803 	0.0208162602 	0.0208089604 	0.0208135103
	13.4390279248 	0.0047976062 	0.0193752605 	0.0193659819 	0.0193740482
	13.4641367053 	0.0039906344 	0.0182585307 	0.0182470541 	0.0182588470
	13.4892454858 	0.0032633552 	0.0174901027 	0.0174762413 	0.0174919074
	13.5143542663 	0.0026235665 	0.0170666312 	0.0170502463 	0.0170698537
	13.5394630468 	0.0020736023 	0.0169591877 	0.0169402050 	0.0169637283
	13.5645718273 	0.0016112577 	0.0171168034 	0.0170952274 	0.0171225350
	13.5896806079 	0.0012308679 	0.0174714140 	0.0174473387 	0.0174781843
	13.6147893884 	0.0009244126 	0.0179437851 	0.0179174004 	0.0179514197
	13.6398981689 	0.0006825426 	0.0184499471 	0.0184215388 	0.0184582544
	13.6650069494 	0.0004954564 	0.0189076488 	0.0188775920 	0.0189164251
	13.6901157299 	0.0003535871 	0.0192423440 	0.0192110901 	0.0192513809
	13.7152245104 	0.0002480889 	0.0193922720 	0.0193603293 	0.0194013636
	13.7403332910 	0.0001711378 	0.0193122666 	0.0192801761 	0.0193212177
	13.7654420715 	0.0001160708 	0.0189760403 	0.0189443494 	0.0189846736
	13.7905508520 	0.0000774028 	0.0183768296 	0.0183460641 	0.0183849926
	13.8156596325 	0.0000507548 	0.0175264357 	0.0174970745 	0.0175340055
	13.8407684130 	0.0000327296 	0.0164528471 	0.0164253006 	0.0164597338
	13.8658771935 	0.0000207620 	0.0151967574 	0.0151713505 	0.0152029048
	13.8909859740 	0.0000129644 	0.0138073805 	0.0137843435 	0.0138127653
	13.9160947546 	0.0000079832 	0.0123380102 	0.0123174749 	0.0123426385
	13.9412035351 	0.0000048721 	0.0108417549 	0.0108237592 	0.0108456585
	13.9663123156 	0.0000029889 	0.0093678230 	0.0093523193 	0.0093710532
	13.9914210961 	0.0000019139 	0.0079586289 	0.0079454979 	0.0079612512
	14.0165298766 	0.0000013890 	0.0066478765 	0.0066369429 	0.0066499644
	14.0416386571 	0.0000012767 	0.0054596477 	0.0054506977 	0.0054612781
	14.0667474377 	0.0000015338 	0.0044084184 	0.0044012159 	0.0044096665
	14.0918562182 	0.0000021992 	0.0034998364 	0.0034941381 	0.0035007728
	14.1169649987 	0.0000033943 	0.0027320492 	0.0027276172 	0.0027327373
	14.1420737792 	0.0000053321 	0.0020973506 	0.0020939618 	0.0020978456
	14.1671825597 	0.0000083365 	0.0015839310 	0.0015813837 	0.0015842789
	14.1922913402 	0.0000128684 	0.0011775510 	0.0011756689 	0.0011777891
	14.2174001207 	0.0000195576 	0.0008630087 	0.0008616420 	0.0008631659
	14.2425089013 	0.0000292375 	0.0006253213 	0.0006243467 	0.0006254188
	14.2676176818 	0.0000429791 	0.0004505927 	0.0004499116 	0.0004506444
	14.2927264623 	0.0000621178 	0.0003265750 	0.0003261112 	0.0003265877
	14.3178352428 	0.0000882673 	0.0002429608 	0.0002426578 	0.0002429332
	14.3429440233 	0.0001233122 	0.0001914563 	0.0001912760 	0.0001913772
	14.3680528038 	0.0001693699 	0.0001656939 	0.0001656153 	0.0001655380
	14.3931615843 	0.0002287159 	0.0001610357 	0.0001610556 	0.0001607571
	14.4182703649 	0.0003036657 	0.0001743177 	0.0001744532 	0.0001738380
	14.4433791454 	0.0003964130 	0.0002035720 	0.0002038668 	0.0002027637
	14.4684879259 	0.0005088289 	0.0002477617 	0.0002482960 	0.0002464224
	14.4935967064 	0.0006422354 	0.0003065534 	0.0003074594 	0.0003043677
	14.5187054869 	0.0007971732 	0.0003801501 	0.0003816348 	0.0003766374
	14.5438142674 	0.0009731941 	0.0004692075 	0.0004715842 	0.0004636481
	14.5689230480 	0.0011687130 	0.0005748499 	0.0005785814 	0.0005661872
	14.5940318285 	0.0013809565 	0.0006988040 	0.0007045579 	0.0006855166
	14.6191406090 	0.0016060457 	0.0008436586 	0.0008523779 	0.0008235982
	14.6442493895 	0.0018392407 	0.0010132513 	0.0010262391 	0.0009834444
	14.6693581700 	0.0020753605 	0.0012131665 	0.0012321850 	0.0011695796
	14.6944669505 	0.0023093749 	0.0014513107 	0.0014786902 	0.0013885847
	14.7195757310 	0.0025371389 	0.0017385089 	0.0017772607 	0.0016496712
	14.7446845116 	0.0027562189 	0.0020890421 	0.0021429657 	0.0019652148
	14.7697932921 	0.0029667337 	0.0025210258 	0.0025947967 	0.0023511531
	14.7949020726 	0.0031721163 	0.0030565159 	0.0031557372 	0.0028271418
	14.8200108531 	0.0033796930 	0.0037212240 	0.0038524221 	0.0034163588
	14.8451196336 	0.0036009715 	0.0045437376 	0.0047142827 	0.0041448524
	14.8702284141 	0.0038515450 	0.0055541695 	0.0057721014 	0.0050403605
	14.8953371947 	0.0041505377 	0.0067822065 	0.0070559535 	0.0061305641
	14.9204459752 	0.0045195568 	0.0082545970 	0.0085925807 	0.0074408053
	14.9455547557 	0.0049811576 	0.0099921866 	0.0104023208 	0.0089913627
	14.9706635362 	0.0055568851 	0.0120067000 	0.0124958011 	0.0107944616
	14.9957723167 	0.0062650096 	0.0142975364 	0.0148706824 	0.0128512631
	15.0208810972 	0.0071181303 	0.0168489096 	0.0175087944 	0.0151491371
	15.0459898777 	0.0081208656 	0.0196276894 	0.0203740346 	0.0176595552
	15.0710986583 	0.0092678785 	0.0225822968 	0.0234113839 	0.0203369351
	15.0962074388 	0.0105424926 	0.0256429459 	0.0265473348 	0.0231187227
	15.1213162193 	0.0119161274 	0.0287234307 	0.0296919174 	0.0259269069
	15.1464249998 	0.0133487318 	0.0317245117 	0.0327423605 	0.0286710341
	15.1715337803 	0.0147902999 	0.0345387927 	0.0355882538 	0.0312526343
	15.1966425608 	0.0161834514 	0.0370568010 	0.0381178932 	0.0335708019
	15.2217513414 	0.0174669274 	0.0391738236 	0.0402253344 	0.0355285228
	15.2468601219 	0.0185797385 	0.0407969292 	0.0418175554 	0.0370392176
	15.2719689024 	0.0194655985 	0.0418515388 	0.0428210722 	0.0380329030
	15.2970776829 	0.0200772194 	0.0422869120 	0.0431873672 	0.0384613757
	15.3221864634 	0.0203800291 	0.0420799999 	0.0428965836 	0.0383018952
	15.3472952439 	0.0203549211 	0.0412372655 	0.0419591022 	0.0375589809
	15.3724040244 	0.0199997425 	0.0397942759 	0.0404148313 	0.0362641320
	15.3975128050 	0.0193293630 	0.0378131010 	0.0383302763 	0.0344734925
	15.4226215855 	0.0183743322 	0.0353777828 	0.0357936879 	0.0322637026
	15.4477303660 	0.0171782867 	0.0325883322 	0.0329087780 	0.0297263604
	15.4728391465 	0.0157944086 	0.0295538469 	0.0297876227 	0.0269616490
	15.4979479270 	0.0142813259 	0.0263854082 	0.0265434268 	0.0240717427
	15.5230567075 	0.0126988848 	0.0231893928 	0.0232837906 	0.0211545915
	15.5481654881 	0.0111042067 	0.0200617496 	0.0201050247 	0.0182985986
	15.5732742686 	0.0095483726 	0.0170836425 	0.0170878981 	0.0155785663
	15.5983830491 	0.0080739752 	0.0143186825 	0.0142950247 	0.0130531208
	15.6234918296 	0.0067136555 	0.0118117861 	0.0117699008 	0.0107636496
	15.6486006101 	0.0054896211 	0.0095895324 	0.0095374458 	0.0087346312
	15.6737093906 	0.0044140368 	0.0076617592 	0.0076057651 	0.0069751146
	15.6988181711 	0.0034901070 	0.0060240581 	0.0059687847 	0.0054810313
	15.7239269517 	0.0027136258 	0.0046607984 	0.0046093770 	0.0042379934
	15.7490357322 	0.0020747656 	0.0035483263 	0.0035026246 	0.0032242504
	15.7741445127 	0.0015598954 	0.0026580367 	0.0026189204 	0.0024135246
	15.7992532932 	0.0011532645 	0.0019590948 	0.0019266877 	0.0017775169
	15.8243620737 	0.0008384344 	0.0014206610 	0.0013945828 	0.0012879530
	15.8494708542 	0.0005993986 	0.0010135618 	0.0009931286 	0.0009181133
	15.8745796347 	0.0004213749 	0.0007114094 	0.0006957927 	0.0006438562
	15.8996884153 	0.0002912913 	0.0004912293 	0.0004795713 	0.0004441860
	15.9247971958 	0.0001980123 	0.0003336802 	0.0003251709 	0.0003014477
	15.9499059763 	0.0001323618 	0.0002229693 	0.0002168915 	0.0002012417
	15.9750147568 	0.0000870038 	0.0001465601 	0.0001423093 	0.0001321515
	16.0001235373 	0.0000562367 	0.0000947613 	0.0000918485 	0.0000853618
	16.0252323178 	0.0000357442 	0.0000602670 	0.0000583107 	0.0000542353
	16.0503410984 	0.0000223407 	0.0000377008 	0.0000364126 	0.0000338937
	16.0754498789 	0.0000137307 	0.0000231972 	0.0000223652 	0.0000208336
	16.1005586594 	0.0000082983 	0.0000140386 	0.0000135114 	0.0000125953
	16.1256674399 	0.0000049317 	0.0000083561 	0.0000080284 	0.0000074894
	16.1507762204 	0.0000028821 	0.0000048919 	0.0000046919 	0.0000043799
	16.1758850009 	0.0000016562 	0.0000028166 	0.0000026968 	0.0000025192
	16.2009937814 	0.0000009359 	0.0000015949 	0.0000015245 	0.0000014251
	16.2261025620 	0.0000005200 	0.0000008882 	0.0000008476 	0.0000007928
	16.2512113425 	0.0000002842 	0.0000004865 	0.0000004634 	0.0000004338
	16.2763201230 	0.0000001527 	0.0000002620 	0.0000002492 	0.0000002334
	16.3014289035 	0.0000000807 	0.0000001388 	0.0000001318 	0.0000001235
	16.3265376840 	0.0000000419 	0.0000000723 	0.0000000685 	0.0000000643
	16.3516464645 	0.0000000214 	0.0000000370 	0.0000000351 	0.0000000329
	16.3767552451 	0.0000000108 	0.0000000187 	0.0000000176 	0.0000000166
	16.4018640256 	0.0000000053 	0.0000000092 	0.0000000087 	0.0000000082
	16.4269728061 	0.0000000026 	0.0000000045 	0.0000000042 	0.0000000040
	16.4520815866 	0.0000000012 	0.0000000022 	0.0000000020 	0.0000000019
	16.4771903671 	0.0000000006 	0.0000000010 	0.0000000010 	0.0000000009
	16.5022991476 	0.0000000003 	0.0000000005 	0.0000000004 	0.0000000004
	16.5274079281 	0.0000000001 	0.0000000002 	0.0000000002 	0.0000000002
	16.5525167087 	0.0000000001 	0.0000000001 	0.0000000001 	0.0000000001
	16.5776254892 	0.0000000000 	0.0000000000 	0.0000000000 	0.0000000000
	16.6027342697 	0.0000000000 	0.0000000000 	0.0000000000 	0.0000000000
	16.6278430502 	0.0000000000 	0.0000000000 	0.0000000000 	0.0000000000
	16.6529518307 	0.0000000000 	0.0000000000 	0.0000000000 	0.0000000000
	16.6780606112 	0.0000000000 	0.0000000000 	0.0000000000 	0.0000000000
	16.7031693918 	0.0000000000 	0.0000000000 	0.0000000000 	0.0000000000
	16.7282781723 	0.0000000000 	0.0000000000 	0.0000000000 	0.0000000000

:PDOS_INFO:
    :ATOM_TYPE: Si
    :ATOMIC_NUMBER: 14
    :ATOM_INDEX: 1
    :ATOM_POSITION_CARTESIAN: [2.65165043 2.65165043 2.65165043]
    :ATOM_POSITION_FRACTIONAL: [0.25 0.25 0.25]
    :PDOS_UNIT: states/eV
    :HEADER_FORMAT: (nl,m)
	Energy(eV)   	(3s, m=0)    	(3p, m=-1)   	(3p, m=0)    	(3p, m=1)   
	-8.3553935625 	0.0000000000 	0.0000000000 	0.0000000000 	0.0000000000
	-8.3302847820 	0.0000000000 	0.0000000000 	0.0000000000 	0.0000000000
	-8.3051760014 	0.0000000001 	0.0000000000 	0.0000000000 	0.0000000000
	-8.2800672209 	0.0000000002 	0.0000000001 	0.0000000001 	0.0000000001
	-8.2549584404 	0.0000000004 	0.0000000001 	0.0000000001 	0.0000000001
	-8.2298496599 	0.0000000010 	0.0000000003 	0.0000000003 	0.0000000003
	-8.2047408794 	0.0000000022 	0.0000000007 	0.0000000007 	0.0000000007
	-8.1796320989 	0.0000000050 	0.0000000015 	0.0000000015 	0.0000000015
	-8.1545233183 	0.0000000112 	0.0000000033 	0.0000000033 	0.0000000033
	-8.1294145378 	0.0000000243 	0.0000000072 	0.0000000072 	0.0000000072
	-8.1043057573 	0.0000000520 	0.0000000153 	0.0000000153 	0.0000000153
	-8.0791969768 	0.0000001095 	0.0000000322 	0.0000000322 	0.0000000322
	-8.0540881963 	0.0000002265 	0.0000000666 	0.0000000666 	0.0000000666
	-8.0289794158 	0.0000004606 	0.0000001355 	0.0000001355 	0.0000001355
	-8.0038706353 	0.0000009210 	0.0000002709 	0.0000002709 	0.0000002709
	-7.9787618547 	0.0000018103 	0.0000005324 	0.0000005324 	0.0000005324
	-7.9536530742 	0.0000034984 	0.0000010289 	0.0000010289 	0.0000010289
	-7.9285442937 	0.0000066463 	0.0000019547 	0.0000019547 	0.0000019547
	-7.9034355132 	0.0000124135 	0.0000036509 	0.0000036509 	0.0000036509
	-7.8783267327 	0.0000227938 	0.0000067038 	0.0000067038 	0.0000067038
	-7.8532179522 	0.0000411474 	0.0000121016 	0.0000121016 	0.0000121016
	-7.8281091716 	0.0000730252 	0.0000214770 	0.0000214770 	0.0000214770
	-7.8030003911 	0.0001274112 	0.0000374721 	0.0000374721 	0.0000374721
	-7.7778916106 	0.0002185480 	0.0000642758 	0.0000642758 	0.0000642758
	-7.7527828301 	0.0003685451 	0.0001083906 	0.0001083906 	0.0001083906
	-7.7276740496 	0.0006109971 	0.0001796967 	0.0001796967 	0.0001796967
	-7.7025652691 	0.0009958459 	0.0002928822 	0.0002928822 	0.0002928822
	-7.6774564886 	0.0015956944 	0.0004693001 	0.0004693001 	0.0004693001
	-7.6523477080 	0.0025136909 	0.0007392865 	0.0007392865 	0.0007392865
	-7.6272389275 	0.0038929479 	0.0011449315 	0.0011449315 	0.0011449315
	-7.6021301470 	0.0059272040 	0.0017432143 	0.0017432143 	0.0017432143
	-7.5770213665 	0.0088720857 	0.0026093157 	0.0026093157 	0.0026093158
	-7.5519125860 	0.0130558800 	0.0038397863 	0.0038397863 	0.0038397863
	-7.5268038055 	0.0188882247 	0.0055551021 	0.0055551021 	0.0055551022
	-7.5016950249 	0.0268646200 	0.0079009917 	0.0079009917 	0.0079009918
	-7.4765862444 	0.0375642593 	0.0110477982 	0.0110477982 	0.0110477983
	-7.4514774639 	0.0516384890 	0.0151870852 	0.0151870852 	0.0151870854
	-7.4263686834 	0.0697873634 	0.0205247414 	0.0205247414 	0.0205247417
	-7.4012599029 	0.0927223915 	0.0272700244 	0.0272700244 	0.0272700248
	-7.3761511224 	0.1211147470 	0.0356203292 	0.0356203292 	0.0356203297
	-7.3510423419 	0.1555299372 	0.0457419736 	0.0457419736 	0.0457419743
	-7.3259335613 	0.1963520933 	0.0577479322 	0.0577479322 	0.0577479330
	-7.3008247808 	0.2437034307 	0.0716741490 	0.0716741490 	0.0716741500
	-7.2757160003 	0.2973666899 	0.0874567271 	0.0874567271 	0.0874567284
	-7.2506072198 	0.3567200851 	0.1049127969 	0.1049127969 	0.1049127984
	-7.2254984393 	0.4206950244 	0.1237280812 	0.1237280812 	0.1237280830
	-7.2003896588 	0.4877662611 	0.1434539989 	0.1434539989 	0.1434540010
	-7.1752808783 	0.5559819679 	0.1635165097 	0.1635165097 	0.1635165122
	-7.1501720977 	0.6230375534 	0.1832378244 	0.1832378244 	0.1832378271
	-7.1250633172 	0.6863921547 	0.2018706648 	0.2018706648 	0.2018706677
	-7.0999545367 	0.7434212416 	0.2186431462 	0.2186431462 	0.2186431495
	-7.0748457562 	0.7915934453 	0.2328107831 	0.2328107831 	0.2328107865
	-7.0497369757 	0.8286554315 	0.2437108607 	0.2437108607 	0.2437108643
	-7.0246281952 	0.8528061855 	0.2508136936 	0.2508136936 	0.2508136973
	-6.9995194146 	0.8628419874 	0.2537652629 	0.2537652629 	0.2537652667
	-6.9744106341 	0.8582558410 	0.2524164590 	0.2524164590 	0.2524164627
	-6.9493018536 	0.8392799217 	0.2468355656 	0.2468355656 	0.2468355693
	-6.9241930731 	0.8068660972 	0.2373025308 	0.2373025308 	0.2373025343
	-6.8990842926 	0.7626067946 	0.2242856937 	0.2242856937 	0.2242856970
	-6.8739755121 	0.7086053737 	0.2084036609 	0.2084036609 	0.2084036640
	-6.8488667316 	0.6473106928 	0.1903766513 	0.1903766513 	0.1903766541
	-6.8237579510 	0.5813339534 	0.1709726296 	0.1709726296 	0.1709726321
	-6.7986491705 	0.5132667908 	0.1509538062 	0.1509538061 	0.1509538084
	-6.7735403900 	0.4455179541 	0.1310286036 	0.1310286036 	0.1310286056
	-6.7484316095 	0.3801822389 	0.1118131097 	0.1118131097 	0.1118131114
	-6.7233228290 	0.3189502933 	0.0938045508 	0.0938045508 	0.0938045522
	-6.6982140485 	0.2630623868 	0.0773676950 	0.0773676950 	0.0773676962
	-6.6731052679 	0.2133040370 	0.0627335663 	0.0627335663 	0.0627335672
	-6.6479964874 	0.1700372068 	0.0500086193 	0.0500086193 	0.0500086201
	-6.6228877069 	0.1332580390 	0.0391917197 	0.0391917197 	0.0391917203
	-6.5977789264 	0.1026709173 	0.0301959254 	0.0301959254 	0.0301959259
	-6.5726701459 	0.0777689142 	0.0228721472 	0.0228721472 	0.0228721475
	-6.5475613654 	0.0579120845 	0.0170321745 	0.0170321745 	0.0170321748
	-6.5224525849 	0.0423971760 	0.0124691782 	0.0124691782 	0.0124691784
	-6.4973438043 	0.0305147095 	0.0089744974 	0.0089744974 	0.0089744976
	-6.4722350238 	0.0215916656 	0.0063501946 	0.0063501946 	0.0063501947
	-6.4471262433 	0.0150199230 	0.0044174187 	0.0044174187 	0.0044174188
	-6.4220174628 	0.0102719790 	0.0030210290 	0.0030210290 	0.0030210290
	-6.3969086823 	0.0069063098 	0.0020311711 	0.0020311711 	0.0020311711
	-6.3717999018 	0.0045650512 	0.0013425952 	0.0013425952 	0.0013425952
	-6.3466911212 	0.0029666069 	0.0008724811 	0.0008724811 	0.0008724812
	-6.3215823407 	0.0018954498 	0.0005574389 	0.0005574389 	0.0005574389
	-6.2964735602 	0.0011909092 	0.0003502090 	0.0003502090 	0.0003502090
	-6.2713647797 	0.0007362214 	0.0002164404 	0.0002164404 	0.0002164404
	-6.2462559992 	0.0004486593 	0.0001317826 	0.0001317826 	0.0001317826
	-6.2211472187 	0.0002711688 	0.0000794191 	0.0000794191 	0.0000794191
	-6.1960384382 	0.0001656690 	0.0000480834 	0.0000480834 	0.0000480834
	-6.1709296576 	0.0001079947 	0.0000305495 	0.0000305495 	0.0000305495
	-6.1458208771 	0.0000843796 	0.0000225608 	0.0000225608 	0.0000225608
	-6.1207120966 	0.0000893700 	0.0000221578 	0.0000221578 	0.0000221578
	-6.0956033161 	0.0001251076 	0.0000293738 	0.0000293738 	0.0000293739
	-6.0704945356 	0.0002020064 	0.0000462904 	0.0000462904 	0.0000462905
	-6.0453857551 	0.0003409638 	0.0000774726 	0.0000774726 	0.0000774727
	-6.0202769745 	0.0005773667 	0.0001308331 	0.0001308332 	0.0001308333
	-5.9951681940 	0.0009672723 	0.0002190040 	0.0002190040 	0.0002190042
	-5.9700594135 	0.0015962272 	0.0003613158 	0.0003613159 	0.0003613162
	-5.9449506330 	0.0025912133 	0.0005864913 	0.0005864914 	0.0005864918
	-5.9198418525 	0.0041361363 	0.0009361446 	0.0009361448 	0.0009361454
	-5.8947330720 	0.0064910516 	0.0014691293 	0.0014691295 	0.0014691305
	-5.8696242915 	0.0100149126 	0.0022666850 	0.0022666853 	0.0022666868
	-5.8445155109 	0.0151909893 	0.0034381893 	0.0034381898 	0.0034381919
	-5.8194067304 	0.0226532334 	0.0051271243 	0.0051271249 	0.0051271279
	-5.7942979499 	0.0332107832 	0.0075166225 	0.0075166234 	0.0075166276
	-5.7691891694 	0.0478666096 	0.0108336871 	0.0108336883 	0.0108336941
	-5.7440803889 	0.0678251566 	0.0153509207 	0.0153509223 	0.0153509301
	-5.7189716084 	0.0944829656 	0.0213844037 	0.0213844058 	0.0213844161
	-5.6938628279 	0.1293959842 	0.0292862949 	0.0292862977 	0.0292863110
	-5.6687540473 	0.1742178497 	0.0394308635 	0.0394308669 	0.0394308838
	-5.6436452668 	0.2306051854 	0.0521930545 	0.0521930586 	0.0521930795
	-5.6185364863 	0.3000889863 	0.0679193791 	0.0679193841 	0.0679194095
	-5.5934277058 	0.3839154704 	0.0868918952 	0.0868919009 	0.0868919311
	-5.5683189253 	0.4828650119 	0.1092872254 	0.1092872319 	0.1092872669
	-5.5432101448 	0.5970633745 	0.1351338343 	0.1351338413 	0.1351338810
	-5.5181013642 	0.7258045609 	0.1642719329 	0.1642719403 	0.1642719841
	-5.4929925837 	0.8674081996 	0.1963212015 	0.1963212091 	0.1963212561
	-5.4678838032 	1.0191354815 	0.2306617634 	0.2306617708 	0.2306618198
	-5.4427750227 	1.1771854596 	0.2664333472 	0.2664333539 	0.2664334034
	-5.4176662422 	1.3367876503 	0.3025562456 	0.3025562512 	0.3025562992
	-5.3925574617 	1.4923975549 	0.3377755675 	0.3377755715 	0.3377756159
	-5.3674486812 	1.6379898316 	0.3707275924 	0.3707275942 	0.3707276330
	-5.3423399006 	1.7674308956 	0.4000241008 	0.4000241000 	0.4000241312
	-5.3172311201 	1.8749006165 	0.4243478176 	0.4243478139 	0.4243478355
	-5.2921223396 	1.9553235448 	0.4425500119 	0.4425500050 	0.4425500157
	-5.2670135591 	2.0047654827 	0.4537402532 	0.4537402430 	0.4537402417
	-5.2419047786 	2.0207523431 	0.4573585789 	0.4573585655 	0.4573585519
	-5.2167959981 	2.0024753298 	0.4532219332 	0.4532219169 	0.4532218912
	-5.1916872175 	1.9508587511 	0.4415395153 	0.4415394964 	0.4415394595
	-5.1665784370 	1.8684825502 	0.4228952456 	0.4228952247 	0.4228951779
	-5.1414696565 	1.7593685931 	0.3981993962 	0.3981993738 	0.3981993190
	-5.1163608760 	1.6286553571 	0.3686149629 	0.3686149396 	0.3686148790
	-5.0912520955 	1.4821976411 	0.3354670670 	0.3354670435 	0.3354669793
	-5.0661433150 	1.3261346167 	0.3001451925 	0.3001451695 	0.3001451040
	-5.0410345345 	1.1664702699 	0.2640082267 	0.2640082046 	0.2640081399
	-5.0159257539 	1.0087053059 	0.2283011488 	0.2283011281 	0.2283010660
	-4.9908169734 	0.8575501056 	0.1940900635 	0.1940900446 	0.1940899866
	-4.9657081929 	0.7167360891 	0.1622195065 	0.1622194896 	0.1622194368
	-4.9405994124 	0.5889299067 	0.1332930231 	0.1332930084 	0.1332929613
	-4.9154906319 	0.4757431171 	0.1076753591 	0.1076753464 	0.1076753055
	-4.8903818514 	0.3778209077 	0.0855125403 	0.0855125296 	0.0855124948
	-4.8652730708 	0.2949877822 	0.0667648466 	0.0667648378 	0.0667648089
	-4.8401642903 	0.2264261796 	0.0512472389 	0.0512472318 	0.0512472082
	-4.8150555098 	0.1708652780 	0.0386720911 	0.0386720855 	0.0386720666
	-4.7899467293 	0.1267609732 	0.0286899247 	0.0286899204 	0.0286899056
	-4.7648379488 	0.0924531857 	0.0209250127 	0.0209250094 	0.0209249981
	-4.7397291683 	0.0662922507 	0.0150039850 	0.0150039825 	0.0150039740
	-4.7146203878 	0.0467313381 	0.0105767461 	0.0105767443 	0.0105767380
	-4.6895116072 	0.0323860691 	0.0073299685 	0.0073299671 	0.0073299626
	-4.6644028267 	0.0220654519 	0.0049940939 	0.0049940929 	0.0049940897
	-4.6392940462 	0.0147799167 	0.0033451521 	0.0033451514 	0.0033451492
	-4.6141852657 	0.0097327532 	0.0022028230 	0.0022028225 	0.0022028210
	-4.5890764852 	0.0063009206 	0.0014260932 	0.0014260929 	0.0014260918
	-4.5639677047 	0.0040103001 	0.0009076549 	0.0009076547 	0.0009076540
	-4.5388589241 	0.0025093099 	0.0005679344 	0.0005679343 	0.0005679339
	-4.5137501436 	0.0015436054 	0.0003493657 	0.0003493656 	0.0003493653
	-4.4886413631 	0.0009335184 	0.0002112841 	0.0002112840 	0.0002112839
	-4.4635325826 	0.0005550269 	0.0001256198 	0.0001256197 	0.0001256196
	-4.4384238021 	0.0003244216 	0.0000734266 	0.0000734266 	0.0000734266
	-4.4133150216 	0.0001864275 	0.0000421943 	0.0000421943 	0.0000421943
	-4.3882062411 	0.0001053210 	0.0000238374 	0.0000238374 	0.0000238374
	-4.3630974605 	0.0000584957 	0.0000132394 	0.0000132394 	0.0000132394
	-4.3379886800 	0.0000319402 	0.0000072291 	0.0000072291 	0.0000072291
	-4.3128798995 	0.0000171458 	0.0000038806 	0.0000038806 	0.0000038806
	-4.2877711190 	0.0000090486 	0.0000020480 	0.0000020480 	0.0000020480
	-4.2626623385 	0.0000046947 	0.0000010626 	0.0000010626 	0.0000010626
	-4.2375535580 	0.0000023946 	0.0000005420 	0.0000005420 	0.0000005420
	-4.2124447775 	0.0000012008 	0.0000002718 	0.0000002718 	0.0000002718
	-4.1873359969 	0.0000005920 	0.0000001340 	0.0000001340 	0.0000001340
	-4.1622272164 	0.0000002869 	0.0000000649 	0.0000000649 	0.0000000649
	-4.1371184359 	0.0000001367 	0.0000000309 	0.0000000309 	0.0000000309
	-4.1120096554 	0.0000000640 	0.0000000145 	0.0000000145 	0.0000000145
	-4.0869008749 	0.0000000295 	0.0000000067 	0.0000000067 	0.0000000067
	-4.0617920944 	0.0000000134 	0.0000000030 	0.0000000030 	0.0000000030
	-4.0366833138 	0.0000000059 	0.0000000013 	0.0000000013 	0.0000000013
	-4.0115745333 	0.0000000026 	0.0000000006 	0.0000000006 	0.0000000006
	-3.9864657528 	0.0000000011 	0.0000000003 	0.0000000003 	0.0000000003
	-3.9613569723 	0.0000000005 	0.0000000001 	0.0000000001 	0.0000000001
	-3.9362481918 	0.0000000002 	0.0000000001 	0.0000000001 	0.0000000001
	-3.9111394113 	0.0000000001 	0.0000000000 	0.0000000000 	0.0000000000
	-3.8860306308 	0.0000000001 	0.0000000001 	0.0000000001 	0.0000000001
	-3.8609218502 	0.0000000002 	0.0000000001 	0.0000000001 	0.0000000001
	-3.8358130697 	0.0000000004 	0.0000000003 	0.0000000003 	0.0000000003
	-3.8107042892 	0.0000000009 	0.0000000007 	0.0000000007 	0.0000000007
	-3.7855955087 	0.0000000021 	0.0000000016 	0.0000000016 	0.0000000016
	-3.7604867282 	0.0000000048 	0.0000000036 	0.0000000036 	0.0000000036
	-3.7353779477 	0.0000000107 	0.0000000079 	0.0000000079 	0.0000000079
	-3.7102691671 	0.0000000233 	0.0000000172 	0.0000000172 	0.0000000172
	-3.6851603866 	0.0000000500 	0.0000000368 	0.0000000368 	0.0000000368
	-3.6600516061 	0.0000001053 	0.0000000775 	0.0000000775 	0.0000000775
	-3.6349428256 	0.0000002181 	0.0000001605 	0.0000001605 	0.0000001605
	-3.6098340451 	0.0000004441 	0.0000003268 	0.0000003268 	0.0000003268
	-3.5847252646 	0.0000008890 	0.0000006541 	0.0000006541 	0.0000006541
	-3.5596164841 	0.0000017495 	0.0000012871 	0.0000012871 	0.0000012871
	-3.5345077035 	0.0000033845 	0.0000024901 	0.0000024901 	0.0000024901
	-3.5093989230 	0.0000064371 	0.0000047360 	0.0000047360 	0.0000047360
	-3.4842901425 	0.0000120363 	0.0000088555 	0.0000088555 	0.0000088555
	-3.4591813620 	0.0000221259 	0.0000162788 	0.0000162788 	0.0000162788
	-3.4340725815 	0.0000399864 	0.0000294193 	0.0000294193 	0.0000294193
	-3.4089638010 	0.0000710442 	0.0000522696 	0.0000522696 	0.0000522696
	-3.3838550204 	0.0001240935 	0.0000912997 	0.0000912997 	0.0000912997
	-3.3587462399 	0.0002130954 	0.0001567813 	0.0001567813 	0.0001567813
	-3.3336374594 	0.0003597524 	0.0002646817 	0.0002646817 	0.0002646817
	-3.3085286789 	0.0005970874 	0.0004392969 	0.0004392969 	0.0004392969
	-3.2834198984 	0.0009742640 	0.0007167982 	0.0007167982 	0.0007167982
	-3.2583111179 	0.0015628596 	0.0011498475 	0.0011498474 	0.0011498474
	-3.2332023374 	0.0024647215 	0.0018133771 	0.0018133770 	0.0018133769
	-3.2080935568 	0.0038213807 	0.0028115161 	0.0028115159 	0.0028115159
	-3.1829847763 	0.0058247504 	0.0042854615 	0.0042854612 	0.0042854611
	-3.1578759958 	0.0087284859 	0.0064218356 	0.0064218353 	0.0064218352
	-3.1327672153 	0.0128589372 	0.0094607452 	0.0094607446 	0.0094607445
	-3.1076584348 	0.0186241217 	0.0137023821 	0.0137023813 	0.0137023811
	-3.0825496543 	0.0265186309 	0.0195106334 	0.0195106323 	0.0195106322
	-3.0574408737 	0.0371219656 	0.0273118572 	0.0273118556 	0.0273118556
	-3.0323320932 	0.0510875878 	0.0375868271 	0.0375868249 	0.0375868250
	-3.0072233127 	0.0691201065 	0.0508539471 	0.0508539443 	0.0508539445
	-2.9821145322 	0.0919386176 	0.0676422798 	0.0676422761 	0.0676422766
	-2.9570057517 	0.1202253661 	0.0884537755 	0.0884537707 	0.0884537717
	-2.9318969712 	0.1545606073 	0.1137153471 	0.1137153411 	0.1137153427
	-2.9067881907 	0.1953467054 	0.1437230273 	0.1437230199 	0.1437230223
	-2.8816794101 	0.2427269146 	0.1785822128 	0.1785822037 	0.1785822073
	-2.8565706296 	0.2965065886 	0.2181496959 	0.2181496850 	0.2181496901
	-2.8314618491 	0.3560863526 	0.2619844968 	0.2619844840 	0.2619844909
	-2.8063530686 	0.4204175905 	0.3093151139 	0.3093150990 	0.3093151081
	-2.7812442881 	0.4879900837 	0.3590304294 	0.3590304125 	0.3590304242
	-2.7561355076 	0.5568595645 	0.4096999815 	0.4096999626 	0.4096999772
	-2.7310267271 	0.6247193219 	0.4596266465 	0.4596266257 	0.4596266435
	-2.7059179465 	0.6890151351 	0.5069311998 	0.5069311774 	0.5069311986
	-2.6808091660 	0.7470972774 	0.5496641500 	0.5496641262 	0.5496641509
	-2.6557003855 	0.7963979145 	0.5859362566 	0.5859362318 	0.5859362599
	-2.6305916050 	0.8346178004 	0.6140558882 	0.6140558628 	0.6140558942
	-2.6054828245 	0.8599035467 	0.6326594460 	0.6326594205 	0.6326594548
	-2.5803740440 	0.8709964921 	0.6408208914 	0.6408208662 	0.6408209029
	-2.5552652634 	0.8673365339 	0.6381281382 	0.6381281137 	0.6381281522
	-2.5301564829 	0.8491089973 	0.6247175364 	0.6247175129 	0.6247175526
	-2.5050477024 	0.8172290835 	0.6012624297 	0.6012624078 	0.6012624478
	-2.4799389219 	0.7732657124 	0.5689171246 	0.5689171044 	0.5689171440
	-2.4548301414 	0.7193135833 	0.5292227603 	0.5292227420 	0.5292227806
	-2.4297213609 	0.6578279742 	0.4839857662 	0.4839857499 	0.4839857867
	-2.4046125804 	0.5914403945 	0.4351422306 	0.4351422164 	0.4351422507
	-2.3795037998 	0.5227742604 	0.3846222874 	0.3846222752 	0.3846223068
	-2.3543950193 	0.4542782856 	0.3342275362 	0.3342275259 	0.3342275544
	-2.3292862388 	0.3880916766 	0.2855318617 	0.2855318532 	0.2855318784
	-2.3041774583 	0.3259501966 	0.2398123225 	0.2398123156 	0.2398123375
	-2.2790686778 	0.2691365832 	0.1980126708 	0.1980126653 	0.1980126840
	-2.2539598973 	0.2184735121 	0.1607381763 	0.1607381720 	0.1607381876
	-2.2288511167 	0.1743529959 	0.1282772556 	0.1282772523 	0.1282772652
	-2.2037423362 	0.1367932308 	0.1006432962 	0.1006432937 	0.1006433041
	-2.1786335557 	0.1055126105 	0.0776291109 	0.0776291091 	0.0776291173
	-2.1535247752 	0.0800108156 	0.0588665984 	0.0588665971 	0.0588666035
	-2.1284159947 	0.0596482348 	0.0438851754 	0.0438851744 	0.0438851794
	-2.1033072142 	0.0437170715 	0.0321640926 	0.0321640919 	0.0321640957
	-2.0781984337 	0.0314998943 	0.0231755120 	0.0231755116 	0.0231755143
	-2.0530896531 	0.0223137057 	0.0164169298 	0.0164169295 	0.0164169315
	-2.0279808726 	0.0155395655 	0.0114329713 	0.0114329711 	0.0114329725
	-2.0028720921 	0.0106392402 	0.0078276401 	0.0078276400 	0.0078276410
	-1.9777633116 	0.0071612184 	0.0052687448 	0.0052687447 	0.0052687454
	-1.9526545311 	0.0047387937 	0.0034864869 	0.0034864868 	0.0034864873
	-1.9275457506 	0.0030828560 	0.0022681589 	0.0022681589 	0.0022681592
	-1.9024369700 	0.0019717110 	0.0014506528 	0.0014506528 	0.0014506530
	-1.8773281895 	0.0012397606 	0.0009121328 	0.0009121328 	0.0009121329
	-1.8522194090 	0.0007663673 	0.0005638417 	0.0005638417 	0.0005638418
	-1.8271106285 	0.0004657370 	0.0003426581 	0.0003426581 	0.0003426581
	-1.8020018480 	0.0002782589 	0.0002047242 	0.0002047242 	0.0002047243
	-1.7768930675 	0.0001634413 	0.0001202492 	0.0001202492 	0.0001202492
	-1.7517842870 	0.0000943798 	0.0000694384 	0.0000694384 	0.0000694384
	-1.7266755064 	0.0000535798 	0.0000394204 	0.0000394204 	0.0000394204
	-1.7015667259 	0.0000299039 	0.0000220013 	0.0000220013 	0.0000220013
	-1.6764579454 	0.0000164081 	0.0000120720 	0.0000120720 	0.0000120720
	-1.6513491649 	0.0000088510 	0.0000065120 	0.0000065120 	0.0000065120
	-1.6262403844 	0.0000046939 	0.0000034535 	0.0000034535 	0.0000034535
	-1.6011316039 	0.0000024473 	0.0000018005 	0.0000018005 	0.0000018005
	-1.5760228233 	0.0000012544 	0.0000009229 	0.0000009229 	0.0000009229
	-1.5509140428 	0.0000006321 	0.0000004651 	0.0000004651 	0.0000004651
	-1.5258052623 	0.0000003131 	0.0000002304 	0.0000002304 	0.0000002304
	-1.5006964818 	0.0000001525 	0.0000001122 	0.0000001122 	0.0000001122
	-1.4755877013 	0.0000000730 	0.0000000537 	0.0000000537 	0.0000000537
	-1.4504789208 	0.0000000344 	0.0000000253 	0.0000000253 	0.0000000253
	-1.4253701403 	0.0000000159 	0.0000000117 	0.0000000117 	0.0000000117
	-1.4002613597 	0.0000000073 	0.0000000054 	0.0000000054 	0.0000000054
	-1.3751525792 	0.0000000033 	0.0000000025 	0.0000000025 	0.0000000025
	-1.3500437987 	0.0000000016 	0.0000000014 	0.0000000014 	0.0000000014
	-1.3249350182 	0.0000000010 	0.0000000013 	0.0000000013 	0.0000000013
	-1.2998262377 	0.0000000010 	0.0000000020 	0.0000000020 	0.0000000020
	-1.2747174572 	0.0000000018 	0.0000000041 	0.0000000041 	0.0000000041
	-1.2496086767 	0.0000000037 	0.0000000087 	0.0000000087 	0.0000000087
	-1.2244998961 	0.0000000077 	0.0000000184 	0.0000000184 	0.0000000184
	-1.1993911156 	0.0000000161 	0.0000000384 	0.0000000384 	0.0000000384
	-1.1742823351 	0.0000000331 	0.0000000788 	0.0000000788 	0.0000000788
	-1.1491735546 	0.0000000669 	0.0000001591 	0.0000001591 	0.0000001591
	-1.1240647741 	0.0000001328 	0.0000003158 	0.0000003158 	0.0000003158
	-1.0989559936 	0.0000002592 	0.0000006162 	0.0000006162 	0.0000006162
	-1.0738472130 	0.0000004974 	0.0000011823 	0.0000011823 	0.0000011823
	-1.0487384325 	0.0000009381 	0.0000022300 	0.0000022300 	0.0000022300
	-1.0236296520 	0.0000017396 	0.0000041353 	0.0000041353 	0.0000041353
	-0.9985208715 	0.0000031714 	0.0000075388 	0.0000075388 	0.0000075388
	-0.9734120910 	0.0000056841 	0.0000135115 	0.0000135115 	0.0000135115
	-0.9483033105 	0.0000100154 	0.0000238074 	0.0000238074 	0.0000238074
	-0.9231945300 	0.0000173492 	0.0000412406 	0.0000412406 	0.0000412406
	-0.8980857494 	0.0000295458 	0.0000702331 	0.0000702331 	0.0000702331
	-0.8729769689 	0.0000494672 	0.0001175880 	0.0001175880 	0.0001175880
	-0.8478681884 	0.0000814223 	0.0001935483 	0.0001935483 	0.0001935483
	-0.8227594079 	0.0001317571 	0.0003131989 	0.0003131989 	0.0003131989
	-0.7976506274 	0.0002096086 	0.0004982598 	0.0004982598 	0.0004982598
	-0.7725418469 	0.0003278301 	0.0007792850 	0.0007792850 	0.0007792850
	-0.7474330663 	0.0005040728 	0.0011982341 	0.0011982341 	0.0011982341
	-0.7223242858 	0.0007619778 	0.0018113071 	0.0018113071 	0.0018113072
	-0.6972155053 	0.0011323901 	0.0026918312 	0.0026918312 	0.0026918313
	-0.6721067248 	0.0016544533 	0.0039328661 	0.0039328660 	0.0039328662
	-0.6469979443 	0.0023763904 	0.0056490649 	0.0056490648 	0.0056490650
	-0.6218891638 	0.0033557218 	0.0079772040 	0.0079772039 	0.0079772042
	-0.5967803833 	0.0046586401 	0.0110747141 	0.0110747139 	0.0110747143
	-0.5716716027 	0.0063582507 	0.0151155308 	0.0151155305 	0.0151155311
	-0.5465628222 	0.0085314276 	0.0202826790 	0.0202826787 	0.0202826795
	-0.5214540417 	0.0112541264 	0.0267572280 	0.0267572275 	0.0267572286
	-0.4963452612 	0.0145951487 	0.0347036303 	0.0347036297 	0.0347036311
	-0.4712364807 	0.0186085631 	0.0442519686 	0.0442519678 	0.0442519696
	-0.4461277002 	0.0233252365 	0.0554782420 	0.0554782410 	0.0554782432
	-0.4210189196 	0.0287441908 	0.0683844635 	0.0683844623 	0.0683844650
	-0.3959101391 	0.0348247240 	0.0828809052 	0.0828809037 	0.0828809071
	-0.3708013586 	0.0414803875 	0.0987732120 	0.0987732102 	0.0987732142
	-0.3456925781 	0.0485759342 	0.1157571892 	0.1157571871 	0.1157571919
	-0.3205837976 	0.0559282164 	0.1334237766 	0.1334237743 	0.1334237797
	-0.2954750171 	0.0633117121 	0.1512759994 	0.1512759967 	0.1512760029
	-0.2703662366 	0.0704688938 	0.1687585722 	0.1687585691 	0.1687585761
	-0.2452574560 	0.0771250840 	0.1852994085 	0.1852994051 	0.1852994128
	-0.2201486755 	0.0830068354 	0.2003607196 	0.2003607159 	0.2003607243
	-0.1950398950 	0.0878623160 	0.2134958671 	0.2134958630 	0.2134958720
	-0.1699311145 	0.0914817700 	0.2244068796 	0.2244068752 	0.2244068849
	-0.1448223340 	0.0937159342 	0.2329967452 	0.2329967404 	0.2329967506
	-0.1197135535 	0.0944903674 	0.2394103721 	0.2394103668 	0.2394103776
	-0.0946047729 	0.0938140012 	0.2440585511 	0.2440585453 	0.2440585566
	-0.0694959924 	0.0917808007 	0.2476203098 	0.2476203033 	0.2476203153
	-0.0443872119 	0.0885641629 	0.2510206506 	0.2510206433 	0.2510206560
	-0.0192784314 	0.0844044692 	0.2553826601 	0.2553826518 	0.2553826654
	0.0058303491 	0.0795909418 	0.2619552076 	0.2619551979 	0.2619552126
	0.0309391296 	0.0744395333 	0.2720197488 	0.2720197374 	0.2720197533
	0.0560479101 	0.0692689402 	0.2867819588 	0.2867819453 	0.2867819628
	0.0811566907 	0.0643769394 	0.3072558859 	0.3072558699 	0.3072558892
	0.1062654712 	0.0600191170 	0.3341498822 	0.3341498632 	0.3341498846
	0.1313742517 	0.0563917245 	0.3677645686 	0.3677645462 	0.3677645700
	0.1564830322 	0.0536199242 	0.4079133294 	0.4079133032 	0.4079133294
	0.1815918127 	0.0517521406 	0.4538751307 	0.4538751005 	0.4538751291
	0.2067005932 	0.0507606724 	0.5043876716 	0.5043876371 	0.5043876681
	0.2318093737 	0.0505482008 	0.5576859554 	0.5576859165 	0.5576859495
	0.2569181543 	0.0509593823 	0.6115874213 	0.6115873782 	0.6115874129
	0.2820269348 	0.0517963548 	0.6636200961 	0.6636200489 	0.6636200849
	0.3071357153 	0.0528367387 	0.7111852950 	0.7111852443 	0.7111852810
	0.3322444958 	0.0538525787 	0.7517418711 	0.7517418175 	0.7517418541
	0.3573532763 	0.0546286519 	0.7829955648 	0.7829955090 	0.7829955449
	0.3824620568 	0.0549786739 	0.8030752861 	0.8030752290 	0.8030752634
	0.4075708374 	0.0547581622 	0.8106785916 	0.8106785341 	0.8106785664
	0.4326796179 	0.0538730425 	0.8051713308 	0.8051712739 	0.8051713037
	0.4577883984 	0.0522835067 	0.7866311833 	0.7866311279 	0.7866311547
	0.4828971789 	0.0500030848 	0.7558309990 	0.7558309460 	0.7558309695
	0.5080059594 	0.0470933552 	0.7141646352 	0.7141645853 	0.7141646054
	0.5331147399 	0.0436551134 	0.6635243754 	0.6635243293 	0.6635243459
	0.5582235204 	0.0398171169 	0.6061441053 	0.6061440634 	0.6061440768
	0.5833323010 	0.0357236790 	0.5444255116 	0.5444254741 	0.5444254846
	0.6084410815 	0.0315223873 	0.4807653067 	0.4807652737 	0.4807652815
	0.6335498620 	0.0273530773 	0.4173999040 	0.4173998755 	0.4173998811
	0.6586586425 	0.0233389321 	0.3562804743 	0.3562804501 	0.3562804538
	0.6837674230 	0.0195802435 	0.2989865687 	0.2989865485 	0.2989865507
	0.7088762035 	0.0161510170 	0.2466813048 	0.2466812882 	0.2466812893
	0.7339849841 	0.0130982744 	0.2001062426 	0.2001062292 	0.2001062295
	0.7590937646 	0.0104436475 	0.1596101709 	0.1596101603 	0.1596101600
	0.7842025451 	0.0081866895 	0.1252034568 	0.1252034485 	0.1252034478
	0.8093113256 	0.0063092585 	0.0966285227 	0.0966285164 	0.0966285154
	0.8344201061 	0.0047803464 	0.0734372766 	0.0734372718 	0.0734372707
	0.8595288866 	0.0035608155 	0.0550676302 	0.0550676266 	0.0550676254
	0.8846376671 	0.0026076378 	0.0409131999 	0.0409131973 	0.0409131958
	0.9097464477 	0.0018773783 	0.0303824626 	0.0303824607 	0.0303824588
	0.9348552282 	0.0013288085 	0.0229456769 	0.0229456755 	0.0229456731
	0.9599640087 	0.0009246526 	0.0181695016 	0.0181695005 	0.0181694974
	0.9850727892 	0.0006325576 	0.0157403020 	0.0157403013 	0.0157402969
	1.0101815697 	0.0004254286 	0.0154776000 	0.0154775994 	0.0154775934
	1.0352903502 	0.0002812925 	0.0173390582 	0.0173390577 	0.0173390495
	1.0603991308 	0.0001828498 	0.0214179455 	0.0214179452 	0.0214179341
	1.0855079113 	0.0001168518 	0.0279333822 	0.0279333821 	0.0279333672
	1.1106166918 	0.0000734144 	0.0372130306 	0.0372130307 	0.0372130111
	1.1357254723 	0.0000453452 	0.0496674640 	0.0496674645 	0.0496674392
	1.1608342528 	0.0000275351 	0.0657553879 	0.0657553891 	0.0657553569
	1.1859430333 	0.0000164379 	0.0859393031 	0.0859393052 	0.0859392651
	1.2110518138 	0.0000096474 	0.1106321336 	0.1106321370 	0.1106320882
	1.2361605944 	0.0000055665 	0.1401367248 	0.1401367301 	0.1401366716
	1.2612693749 	0.0000031576 	0.1745817884 	0.1745817961 	0.1745817276
	1.2863781554 	0.0000017609 	0.2138595802 	0.2138595911 	0.2138595125
	1.3114869359 	0.0000009654 	0.2575720124 	0.2575720272 	0.2575719389
	1.3365957164 	0.0000005204 	0.3049926806 	0.3049927000 	0.3049926031
	1.3617044969 	0.0000002757 	0.3550521224 	0.3550521474 	0.3550520434
	1.3868132775 	0.0000001436 	0.4063523147 	0.4063523460 	0.4063522370
	1.4119220580 	0.0000000736 	0.4572139375 	0.4572139757 	0.4572138645
	1.4370308385 	0.0000000370 	0.5057564711 	0.5057565167 	0.5057564063
	1.4621396190 	0.0000000183 	0.5500071320 	0.5500071852 	0.5500070788
	1.4872483995 	0.0000000089 	0.5880305731 	0.5880306338 	0.5880305346
	1.5123571800 	0.0000000043 	0.6180678113 	0.6180678791 	0.6180677903
	1.5374659605 	0.0000000020 	0.6386706289 	0.6386707031 	0.6386706273
	1.5625747411 	0.0000000009 	0.6488171851 	0.6488172647 	0.6488172038
	1.5876835216 	0.0000000004 	0.6479959912 	0.6479960750 	0.6479960303
	1.6127923021 	0.0000000002 	0.6362486373 	0.6362487237 	0.6362486957
	1.6379010826 	0.0000000001 	0.6141662978 	0.6141663853 	0.6141663735
	1.6630098631 	0.0000000000 	0.5828404247 	0.5828405115 	0.5828405148
	1.6881186436 	0.0000000000 	0.5437733508 	0.5437734354 	0.5437734520
	1.7132274241 	0.0000000000 	0.4987589973 	0.4987590781 	0.4987591058
	1.7383362047 	0.0000000000 	0.4497468564 	0.4497469323 	0.4497469684
	1.7634449852 	0.0000000000 	0.3987035497 	0.3987036195 	0.3987036615
	1.7885537657 	0.0000000000 	0.3474854674 	0.3474855305 	0.3474855757
	1.8136625462 	0.0000000000 	0.2977335544 	0.2977336104 	0.2977336566
	1.8387713267 	0.0000000000 	0.2507976970 	0.2507977458 	0.2507977910
	1.8638801072 	0.0000000000 	0.2076940312 	0.2076940730 	0.2076941155
	1.8889888878 	0.0000000000 	0.1690944683 	0.1690945034 	0.1690945423
	1.9140976683 	0.0000000000 	0.1353443704 	0.1353443994 	0.1353444339
	1.9392064488 	0.0000000000 	0.1065019649 	0.1065019884 	0.1065020182
	1.9643152293 	0.0000000000 	0.0823919247 	0.0823919435 	0.0823919685
	1.9894240098 	0.0000000000 	0.0626655064 	0.0626655210 	0.0626655417
	2.0145327903 	0.0000000000 	0.0468605210 	0.0468605323 	0.0468605489
	2.0396415708 	0.0000000000 	0.0344559134 	0.0344559219 	0.0344559350
	2.0647503514 	0.0000000000 	0.0249175080 	0.0249175143 	0.0249175243
	2.0898591319 	0.0000000000 	0.0177332507 	0.0177332552 	0.0177332627
	2.1149679124 	0.0000000000 	0.0124378063 	0.0124378095 	0.0124378149
	2.1400766929 	0.0000000000 	0.0086275260 	0.0086275283 	0.0086275320
	2.1651854734 	0.0000000000 	0.0059675289 	0.0059675303 	0.0059675326
	2.1902942539 	0.0000000000 	0.0041929667 	0.0041929676 	0.0041929687
	2.2154030345 	0.0000000000 	0.0031065374 	0.0031065378 	0.0031065377
	2.2405118150 	0.0000000000 	0.0025740533 	0.0025740532 	0.0025740520
	2.2656205955 	0.0000000000 	0.0025194689 	0.0025194683 	0.0025194658
	2.2907293760 	0.0000000000 	0.0029202866 	0.0029202855 	0.0029202813
	2.3158381565 	0.0000000000 	0.0038037601 	0.0038037583 	0.0038037521
	2.3409469370 	0.0000000000 	0.0052438458 	0.0052438432 	0.0052438343
	2.3660557175 	0.0000000000 	0.0073584349 	0.0073584313 	0.0073584189
	2.3911644981 	0.0000000000 	0.0103060711 	0.0103060662 	0.0103060495
	2.4162732786 	0.0000000000 	0.0142811357 	0.0142811291 	0.0142811070
	2.4413820591 	0.0000000000 	0.0195063983 	0.0195063897 	0.0195063610
	2.4664908396 	0.0000000000 	0.0262219192 	0.0262219082 	0.0262218718
	2.4915996201 	0.0000000000 	0.0346695670 	0.0346695532 	0.0346695079
	2.5167084006 	0.0000000000 	0.0450729023 	0.0450728854 	0.0450728301
	2.5418171812 	0.0000000000 	0.0576128499 	0.0576128296 	0.0576127636
	2.5669259617 	0.0000000000 	0.0724003924 	0.0724003684 	0.0724002914
	2.5920347422 	0.0000000000 	0.0894483703 	0.0894483426 	0.0894482548
	2.6171435227 	0.0000000000 	0.1086452429 	0.1086452115 	0.1086451139
	2.6422523032 	0.0000000000 	0.1297341967 	0.1297341621 	0.1297340561
	2.6673610837 	0.0000000000 	0.1523011406 	0.1523011032 	0.1523009914
	2.6924698642 	0.0000000000 	0.1757747803 	0.1757747410 	0.1757746263
	2.7175786448 	0.0000000000 	0.1994410729 	0.1994410327 	0.1994409189
	2.7426874253 	0.0000000000 	0.2224729603 	0.2224729202 	0.2224728115
	2.7677962058 	0.0000000000 	0.2439745042 	0.2439744656 	0.2439743664
	2.7929049863 	0.0000000000 	0.2630366274 	0.2630365914 	0.2630365061
	2.8180137668 	0.0000000000 	0.2787998790 	0.2787998469 	0.2787997793
	2.8431225473 	0.0000000000 	0.2905183062 	0.2905182791 	0.2905182325
	2.8682313279 	0.0000000000 	0.2976178636 	0.2976178422 	0.2976178189
	2.8933401084 	0.0000000000 	0.2997430035 	0.2997429885 	0.2997429896
	2.9184488889 	0.0000000000 	0.2967861863 	0.2967861779 	0.2967862034
	2.9435576694 	0.0000000000 	0.2888968989 	0.2888968970 	0.2888969455
	2.9686664499 	0.0000000000 	0.2764691297 	0.2764691338 	0.2764692030
	2.9937752304 	0.0000000000 	0.2601087603 	0.2601087699 	0.2601088562
	3.0188840109 	0.0000000000 	0.2405846317 	0.2405846457 	0.2405847453
	3.0439927915 	0.0000000000 	0.2187687837 	0.2187688012 	0.2187689098
	3.0691015720 	0.0000000000 	0.1955723217 	0.1955723416 	0.1955724547
	3.0942103525 	0.0000000000 	0.1718834251 	0.1718834463 	0.1718835598
	3.1193191330 	0.0000000000 	0.1485132408 	0.1485132624 	0.1485133726
	3.1444279135 	0.0000000000 	0.1261539694 	0.1261539904 	0.1261540944
	3.1695366940 	0.0000000000 	0.1053516236 	0.1053516434 	0.1053517389
	3.1946454745 	0.0000000000 	0.0864940264 	0.0864940445 	0.0864941301
	3.2197542551 	0.0000000000 	0.0698128816 	0.0698128978 	0.0698129725
	3.2448630356 	0.0000000000 	0.0553974256 	0.0553974396 	0.0553975035
	3.2699718161 	0.0000000000 	0.0432163585 	0.0432163704 	0.0432164238
	3.2950805966 	0.0000000000 	0.0331444888 	0.0331444986 	0.0331445423
	3.3201893771 	0.0000000000 	0.0249907361 	0.0249907441 	0.0249907790
	3.3452981576 	0.0000000000 	0.0185247067 	0.0185247130 	0.0185247405
	3.3704069382 	0.0000000000 	0.0134998270 	0.0134998318 	0.0134998529
	3.3955157187 	0.0000000000 	0.0096718517 	0.0096718555 	0.0096718714
	3.4206244992 	0.0000000000 	0.0068123292 	0.0068123320 	0.0068123438
	3.4457332797 	0.0000000000 	0.0047172207 	0.0047172227 	0.0047172312
	3.4708420602 	0.0000000000 	0.0032113033 	0.0032113048 	0.0032113108
	3.4959508407 	0.0000000000 	0.0021492208 	0.0021492218 	0.0021492260
	3.5210596212 	0.0000000000 	0.0014141169 	0.0014141176 	0.0014141205
	3.5461684018 	0.0000000000 	0.0009147326 	0.0009147330 	0.0009147350
	3.5712771823 	0.0000000000 	0.0005817114 	0.0005817117 	0.0005817130
	3.5963859628 	0.0000000000 	0.0003636851 	0.0003636853 	0.0003636862
	3.6214947433 	0.0000000000 	0.0002235363 	0.0002235364 	0.0002235370
	3.6466035238 	0.0000000000 	0.0001350751 	0.0001350751 	0.0001350755
	3.6717123043 	0.0000000000 	0.0000802429 	0.0000802430 	0.0000802432
	3.6968210849 	0.0000000000 	0.0000468644 	0.0000468644 	0.0000468646
	3.7219298654 	0.0000000000 	0.0000269082 	0.0000269082 	0.0000269082
	3.7470386459 	0.0000000000 	0.0000151890 	0.0000151890 	0.0000151891
	3.7721474264 	0.0000000000 	0.0000084291 	0.0000084291 	0.0000084291
	3.7972562069 	0.0000000000 	0.0000045987 	0.0000045987 	0.0000045987
	3.8223649874 	0.0000000000 	0.0000024666 	0.0000024666 	0.0000024666
	3.8474737679 	0.0000000000 	0.0000013007 	0.0000013007 	0.0000013007
	3.8725825485 	0.0000000000 	0.0000006743 	0.0000006743 	0.0000006743
	3.8976913290 	0.0000000000 	0.0000003437 	0.0000003437 	0.0000003437
	3.9228001095 	0.0000000001 	0.0000001724 	0.0000001724 	0.0000001724
	3.9479088900 	0.0000000002 	0.0000000852 	0.0000000852 	0.0000000852
	3.9730176705 	0.0000000004 	0.0000000420 	0.0000000420 	0.0000000420
	3.9981264510 	0.0000000009 	0.0000000217 	0.0000000217 	0.0000000217
	4.0232352316 	0.0000000019 	0.0000000138 	0.0000000138 	0.0000000138
	4.0483440121 	0.0000000041 	0.0000000142 	0.0000000142 	0.0000000142
	4.0734527926 	0.0000000087 	0.0000000229 	0.0000000229 	0.0000000229
	4.0985615731 	0.0000000181 	0.0000000445 	0.0000000445 	0.0000000445
	4.1236703536 	0.0000000371 	0.0000000896 	0.0000000896 	0.0000000896
	4.1487791341 	0.0000000747 	0.0000001795 	0.0000001795 	0.0000001795
	4.1738879146 	0.0000001479 	0.0000003542 	0.0000003542 	0.0000003542
	4.1989966952 	0.0000002878 	0.0000006878 	0.0000006878 	0.0000006878
	4.2241054757 	0.0000005509 	0.0000013131 	0.0000013131 	0.0000013131
	4.2492142562 	0.0000010367 	0.0000024647 	0.0000024647 	0.0000024647
	4.2743230367 	0.0000019182 	0.0000045485 	0.0000045485 	0.0000045485
	4.2994318172 	0.0000034894 	0.0000082528 	0.0000082528 	0.0000082528
	4.3245405977 	0.0000062409 	0.0000147218 	0.0000147218 	0.0000147219
	4.3496493782 	0.0000109744 	0.0000258199 	0.0000258199 	0.0000258200
	4.3747581588 	0.0000189737 	0.0000445224 	0.0000445224 	0.0000445225
	4.3998669393 	0.0000322525 	0.0000754799 	0.0000754799 	0.0000754801
	4.4249757198 	0.0000539031 	0.0001258100 	0.0001258100 	0.0001258102
	4.4500845003 	0.0000885731 	0.0002061718 	0.0002061719 	0.0002061723
	4.4751932808 	0.0001430965 	0.0003321809 	0.0003321810 	0.0003321816
	4.5003020613 	0.0002272979 	0.0005262004 	0.0005262006 	0.0005262014
	4.5254108419 	0.0003549777 	0.0008195193 	0.0008195195 	0.0008195208
	4.5505196224 	0.0005450621 	0.0012548704 	0.0012548707 	0.0012548726
	4.5756284029 	0.0008228684 	0.0018891677 	0.0018891682 	0.0018891709
	4.6007371834 	0.0012213901 	0.0027962395 	0.0027962402 	0.0027962439
	4.6258459639 	0.0017824529 	0.0040692152 	0.0040692161 	0.0040692212
	4.6509547444 	0.0025575348 	0.0058220996 	0.0058221009 	0.0058221078
	4.6760635249 	0.0036079867 	0.0081899553 	0.0081899571 	0.0081899663
	4.7011723055 	0.0050043573 	0.0113270444 	0.0113270468 	0.0113270587
	4.7262810860 	0.0068245147 	0.0154022823 	0.0154022855 	0.0154023007
	4.7513898665 	0.0091503015 	0.0205914628 	0.0205914668 	0.0205914858
	4.7764986470 	0.0120625544 	0.0270659450 	0.0270659501 	0.0270659732
	4.8016074275 	0.0156344817 	0.0349778651 	0.0349778713 	0.0349778989
	4.8267162080 	0.0199236123 	0.0444424241 	0.0444424317 	0.0444424639
	4.8518249886 	0.0249627901 	0.0555183749 	0.0555183839 	0.0555184207
	4.8769337691 	0.0307509596 	0.0681884065 	0.0681884171 	0.0681884578
	4.9020425496 	0.0372447254 	0.0823416092 	0.0823416213 	0.0823416654
	4.9271513301 	0.0443518236 	0.0977604949 	0.0977605085 	0.0977605548
	4.9522601106 	0.0519276683 	0.1141150387 	0.1141150537 	0.1141151007
	4.9773688911 	0.0597759976 	0.1309658409 	0.1309658570 	0.1309659031
	5.0024776716 	0.0676543209 	0.1477777547 	0.1477777718 	0.1477778150
	5.0275864522 	0.0752843944 	0.1639442444 	0.1639442621 	0.1639443002
	5.0526952327 	0.0823673536 	0.1788214336 	0.1788214515 	0.1788214827
	5.0778040132 	0.0886025051 	0.1917694659 	0.1917694837 	0.1917695060
	5.1029127937 	0.0937082073 	0.2021976164 	0.2021976337 	0.2021976456
	5.1280215742 	0.0974428534 	0.2096087874 	0.2096088038 	0.2096088044
	5.1531303547 	0.0996237951 	0.2136387417 	0.2136387569 	0.2136387456
	5.1782391353 	0.1001421428 	0.2140857674 	0.2140857811 	0.2140857580
	5.2033479158 	0.0989717763 	0.2109274112 	0.2109274233 	0.2109273890
	5.2284566963 	0.0961715264 	0.2043223477 	0.2043223580 	0.2043223138
	5.2535654768 	0.0918802732 	0.1945971673 	0.1945971757 	0.1945971234
	5.2786742573 	0.0863055316 	0.1822196151 	0.1822196218 	0.1822195632
	5.3037830378 	0.0797068277 	0.1677613334 	0.1677613385 	0.1677612760
	5.3288918183 	0.0723757212 	0.1518542355 	0.1518542391 	0.1518541749
	5.3540005989 	0.0646146079 	0.1351451311 	0.1351451334 	0.1351450695
	5.3791093794 	0.0567164303 	0.1182530919 	0.1182530932 	0.1182530314
	5.4042181599 	0.0489471444 	0.1017333536 	0.1017333541 	0.1017332960
	5.4293269404 	0.0415323068 	0.0860504441 	0.0860504440 	0.0860503908
	5.4544357209 	0.0346485359 	0.0715619077 	0.0715619072 	0.0715618595
	5.4795445014 	0.0284199806 	0.0585126644 	0.0585126637 	0.0585126220
	5.5046532820 	0.0229193675 	0.0470388982 	0.0470388973 	0.0470388617
	5.5297620625 	0.0181727790 	0.0371795245 	0.0371795236 	0.0371794938
	5.5548708430 	0.0141670629 	0.0288928289 	0.0288928280 	0.0288928036
	5.5799796235 	0.0108587030 	0.0220757749 	0.0220757741 	0.0220757545
	5.6050884040 	0.0081830580 	0.0165837069 	0.0165837062 	0.0165836908
	5.6301971845 	0.0060630720 	0.0122486193 	0.0122486187 	0.0122486068
	5.6553059650 	0.0044168141 	0.0088947271 	0.0088947266 	0.0088947176
	5.6804147456 	0.0031634770 	0.0063506499 	0.0063506495 	0.0063506429
	5.7055235261 	0.0022277132 	0.0044580390 	0.0044580387 	0.0044580338
	5.7306323066 	0.0015423849 	0.0030768745 	0.0030768743 	0.0030768708
	5.7557410871 	0.0010499413 	0.0020879304 	0.0020879302 	0.0020879278
	5.7808498676 	0.0007027095 	0.0013930370 	0.0013930369 	0.0013930352
	5.8059586481 	0.0004624078 	0.0009137974 	0.0009137973 	0.0009137962
	5.8310674286 	0.0002991663 	0.0005893567 	0.0005893566 	0.0005893559
	5.8561762092 	0.0001902999 	0.0003737223 	0.0003737223 	0.0003737218
	5.8812849897 	0.0001190151 	0.0002330061 	0.0002330061 	0.0002330058
	5.9063937702 	0.0000731819 	0.0001428399 	0.0001428399 	0.0001428397
	5.9315025507 	0.0000442428 	0.0000861099 	0.0000861099 	0.0000861098
	5.9566113312 	0.0000262978 	0.0000510708 	0.0000510708 	0.0000510707
	5.9817201117 	0.0000153686 	0.0000298454 	0.0000298454 	0.0000298453
	6.0068288923 	0.0000088305 	0.0000172755 	0.0000172755 	0.0000172755
	6.0319376728 	0.0000049885 	0.0000100766 	0.0000100766 	0.0000100766
	6.0570464533 	0.0000027707 	0.0000062392 	0.0000062392 	0.0000062392
	6.0821552338 	0.0000015131 	0.0000046284 	0.0000046284 	0.0000046284
	6.1072640143 	0.0000008124 	0.0000047385 	0.0000047385 	0.0000047385
	6.1323727948 	0.0000004288 	0.0000065747 	0.0000065747 	0.0000065747
	6.1574815753 	0.0000002226 	0.0000106432 	0.0000106432 	0.0000106432
	6.1825903559 	0.0000001136 	0.0000180464 	0.0000180464 	0.0000180464
	6.2076991364 	0.0000000570 	0.0000306897 	0.0000306897 	0.0000306898
	6.2328079169 	0.0000000281 	0.0000516171 	0.0000516172 	0.0000516172
	6.2579166974 	0.0000000136 	0.0000854990 	0.0000854990 	0.0000854991
	6.2830254779 	0.0000000065 	0.0001393012 	0.0001393013 	0.0001393014
	6.3081342584 	0.0000000030 	0.0002231612 	0.0002231613 	0.0002231614
	6.3332430390 	0.0000000014 	0.0003514842 	0.0003514844 	0.0003514845
	6.3583518195 	0.0000000006 	0.0005442558 	0.0005442561 	0.0005442563
	6.3834606000 	0.0000000003 	0.0008285268 	0.0008285271 	0.0008285275
	6.4085693805 	0.0000000001 	0.0012399810 	0.0012399815 	0.0012399820
	6.4336781610 	0.0000000001 	0.0018244343 	0.0018244351 	0.0018244357
	6.4587869415 	0.0000000000 	0.0026390404 	0.0026390414 	0.0026390424
	6.4838957220 	0.0000000000 	0.0037529124 	0.0037529138 	0.0037529150
	6.5090045026 	0.0000000000 	0.0052468105 	0.0052468125 	0.0052468141
	6.5341132831 	0.0000000000 	0.0072115216 	0.0072115242 	0.0072115262
	6.5592220636 	0.0000000000 	0.0097445773 	0.0097445807 	0.0097445832
	6.5843308441 	0.0000000000 	0.0129450482 	0.0129450524 	0.0129450555
	6.6094396246 	0.0000000000 	0.0169063130 	0.0169063183 	0.0169063219
	6.6345484051 	0.0000000000 	0.0217069451 	0.0217069516 	0.0217069557
	6.6596571857 	0.0000000000 	0.0274001587 	0.0274001665 	0.0274001711
	6.6847659662 	0.0000000000 	0.0340025915 	0.0340026007 	0.0340026056
	6.7098747467 	0.0000000000 	0.0414835128 	0.0414835235 	0.0414835286
	6.7349835272 	0.0000000000 	0.0497557872 	0.0497557993 	0.0497558043
	6.7600923077 	0.0000000001 	0.0586700215 	0.0586700350 	0.0586700394
	6.7852010882 	0.0000000002 	0.0680132396 	0.0680132543 	0.0680132580
	6.8103098687 	0.0000000005 	0.0775131250 	0.0775131408 	0.0775131431
	6.8354186493 	0.0000000010 	0.0868483562 	0.0868483726 	0.0868483733
	6.8605274298 	0.0000000021 	0.0956648807 	0.0956648975 	0.0956648960
	6.8856362103 	0.0000000044 	0.1035972068 	0.1035972235 	0.1035972196
	6.9107449908 	0.0000000090 	0.1102930507 	0.1102930671 	0.1102930604
	6.9358537713 	0.0000000182 	0.1154390826 	0.1154390982 	0.1154390885
	6.9609625518 	0.0000000361 	0.1187851744 	0.1187851888 	0.1187851761
	6.9860713324 	0.0000000704 	0.1201645457 	0.1201645586 	0.1201645430
	7.0111801129 	0.0000001350 	0.1195075520 	0.1195075632 	0.1195075450
	7.0362888934 	0.0000002547 	0.1168475326 	0.1168475419 	0.1168475214
	7.0613976739 	0.0000004724 	0.1123180400 	0.1123180475 	0.1123180252
	7.0865064544 	0.0000008613 	0.1061417840 	0.1061417896 	0.1061417661
	7.1116152349 	0.0000015439 	0.0986125772 	0.0986125810 	0.0986125569
	7.1367240154 	0.0000027206 	0.0900723447 	0.0900723470 	0.0900723229
	7.1618327960 	0.0000047135 	0.0808857304 	0.0808857313 	0.0808857079
	7.1869415765 	0.0000080282 	0.0714149554 	0.0714149553 	0.0714149329
	7.2120503570 	0.0000134430 	0.0619973591 	0.0619973582 	0.0619973373
	7.2371591375 	0.0000221299 	0.0529275389 	0.0529275373 	0.0529275183
	7.2622679180 	0.0000358152 	0.0444453015 	0.0444452996 	0.0444452826
	7.2873766985 	0.0000569850 	0.0367298652 	0.0367298631 	0.0367298482
	7.3124854790 	0.0000891371 	0.0299000174 	0.0299000153 	0.0299000025
	7.3375942596 	0.0001370757 	0.0240193383 	0.0240193362 	0.0240193253
	7.3627030401 	0.0002072370 	0.0191051934 	0.0191051914 	0.0191051824
	7.3878118206 	0.0003080198 	0.0151400047 	0.0151400029 	0.0151399954
	7.4129206011 	0.0004500851 	0.0120833074 	0.0120833057 	0.0120832995
	7.4380293816 	0.0006465693 	0.0098832544 	0.0098832529 	0.0098832477
	7.4631381621 	0.0009131457 	0.0084864839 	0.0084864824 	0.0084864780
	7.4882469427 	0.0012678553 	0.0078455693 	0.0078455678 	0.0078455640
	7.5133557232 	0.0017306285 	0.0079235857 	0.0079235841 	0.0079235806
	7.5384645037 	0.0023224298 	0.0086956160 	0.0086956142 	0.0086956108
	7.5635732842 	0.0030639798 	0.0101472890 	0.0101472869 	0.0101472836
	7.5886820647 	0.0039740541 	0.0122706710 	0.0122706686 	0.0122706652
	7.6137908452 	0.0050674120 	0.0150580394 	0.0150580366 	0.0150580331
	7.6388996257 	0.0063524788 	0.0184942491 	0.0184942457 	0.0184942422
	7.6640084063 	0.0078289732 	0.0225485551 	0.0225485512 	0.0225485477
	7.6891171868 	0.0094857343 	0.0271668628 	0.0271668584 	0.0271668551
	7.7142259673 	0.0112990434 	0.0322654217 	0.0322654166 	0.0322654138
	7.7393347478 	0.0132317402 	0.0377269280 	0.0377269224 	0.0377269204
	7.7644435283 	0.0152333994 	0.0433998486 	0.0433998425 	0.0433998416
	7.7895523088 	0.0172417469 	0.0491014955 	0.0491014890 	0.0491014895
	7.8146610894 	0.0191853748 	0.0546250044 	0.0546249976 	0.0546249999
	7.8397698699 	0.0209876545 	0.0597499123 	0.0597499054 	0.0597499098
	7.8648786504 	0.0225715896 	0.0642555593 	0.0642555524 	0.0642555592
	7.8899874309 	0.0238651989 	0.0679361209 	0.0679361141 	0.0679361234
	7.9150962114 	0.0248069137 	0.0706157728 	0.0706157664 	0.0706157782
	7.9402049919 	0.0253504318 	0.0721623727 	0.0721623667 	0.0721623811
	7.9653137724 	0.0254684949 	0.0724981251 	0.0724981196 	0.0724981364
	7.9904225530 	0.0251551642 	0.0716060017 	0.0716059969 	0.0716060157
	8.0155313335 	0.0244263321 	0.0695311608 	0.0695311567 	0.0695311771
	8.0406401140 	0.0233184143 	0.0663771974 	0.0663771940 	0.0663772156
	8.0657488945 	0.0218853795 	0.0622976687 	0.0622976660 	0.0622976882
	8.0908576750 	0.0201944656 	0.0574838813 	0.0574838793 	0.0574839016
	8.1159664555 	0.0183210733 	0.0521503332 	0.0521503319 	0.0521503537
	8.1410752361 	0.0163433977 	0.0465194040 	0.0465194031 	0.0465194241
	8.1661840166 	0.0143373560 	0.0408068789 	0.0408068785 	0.0408068982
	8.1912927971 	0.0123722951 	0.0352096804 	0.0352096803 	0.0352096983
	8.2164015776 	0.0105078354 	0.0298968142 	0.0298968144 	0.0298968306
	8.2415103581 	0.0087920443 	0.0250040868 	0.0250040871 	0.0250041014
	8.2666191386 	0.0072609704 	0.0206326727 	0.0206326731 	0.0206326854
	8.2917279191 	0.0059394156 	0.0168511880 	0.0168511884 	0.0168511988
	8.3168366997 	0.0048427029 	0.0137005862 	0.0137005866 	0.0137005952
	8.3419454802 	0.0039791205 	0.0112009753 	0.0112009756 	0.0112009825
	8.3670542607 	0.0033526840 	0.0093593545 	0.0093593547 	0.0093593601
	8.3921630412 	0.0029658604 	0.0081772795 	0.0081772796 	0.0081772837
	8.4172718217 	0.0028219250 	0.0076575551 	0.0076575550 	0.0076575579
	8.4423806022 	0.0029266771 	0.0078092058 	0.0078092056 	0.0078092074
	8.4674893828 	0.0032893027 	0.0086501676 	0.0086501672 	0.0086501679
	8.4925981633 	0.0039222487 	0.0102073553 	0.0102073546 	0.0102073544
	8.5177069438 	0.0048400604 	0.0125139983 	0.0125139973 	0.0125139962
	8.5428157243 	0.0060572233 	0.0156043883 	0.0156043870 	0.0156043849
	8.5679245048 	0.0075851562 	0.0195064518 	0.0195064501 	0.0195064470
	8.5930332853 	0.0094286014 	0.0242328318 	0.0242328296 	0.0242328254
	8.6181420658 	0.0115817658 	0.0297714246 	0.0297714220 	0.0297714165
	8.6432508464 	0.0140246436 	0.0360765255 	0.0360765224 	0.0360765156
	8.6683596269 	0.0167200094 	0.0430618601 	0.0430618565 	0.0430618481
	8.6934684074 	0.0196115689 	0.0505967682 	0.0505967640 	0.0505967540
	8.7185771879 	0.0226236995 	0.0585066276 	0.0585066229 	0.0585066112
	8.7436859684 	0.0256630846 	0.0665782462 	0.0665782411 	0.0665782276
	8.7687947489 	0.0286223589 	0.0745704184 	0.0745704127 	0.0745703976
	8.7939035294 	0.0313856480 	0.0822291882 	0.0822291821 	0.0822291653
	8.8190123100 	0.0338356373 	0.0893066648 	0.0893066584 	0.0893066401
	8.8441210905 	0.0358615730 	0.0955815921 	0.0955815854 	0.0955815658
	8.8692298710 	0.0373674299 	0.1008794017 	0.1008793948 	0.1008793743
	8.8943386515 	0.0382793948 	0.1050892689 	0.1050892619 	0.1050892407
	8.9194474320 	0.0385518465 	0.1081758127 	0.1081758057 	0.1081757843
	8.9445562125 	0.0381711551 	0.1101835552 	0.1101835482 	0.1101835271
	8.9696649931 	0.0371568621 	0.1112330409 	0.1112330341 	0.1112330137
	8.9947737736 	0.0355601097 	0.1115085279 	0.1115085212 	0.1115085019
	9.0198825541 	0.0334595128 	0.1112382589 	0.1112382524 	0.1112382348
	9.0449913346 	0.0309549600 	0.1106693512 	0.1106693448 	0.1106693293
	9.0701001151 	0.0281600583 	0.1100401428 	0.1100401367 	0.1100401236
	9.0952088956 	0.0251940546 	0.1095532867 	0.1095532808 	0.1095532705
	9.1203176761 	0.0221740741 	0.1093528934 	0.1093528877 	0.1093528804
	9.1454264567 	0.0192084091 	0.1095085909 	0.1095085856 	0.1095085814
	9.1705352372 	0.0163914033 	0.1100085332 	0.1100085282 	0.1100085272
	9.1956440177 	0.0138002282 	0.1107622615 	0.1107622568 	0.1107622591
	9.2207527982 	0.0114935938 	0.1116130647 	0.1116130605 	0.1116130659
	9.2458615787 	0.0095121966 	0.1123582630 	0.1123582592 	0.1123582676
	9.2709703592 	0.0078805311 	0.1127748315 	0.1127748283 	0.1127748393
	9.2960791398 	0.0066095726 	0.1126471236 	0.1126471209 	0.1126471342
	9.3211879203 	0.0056998092 	0.1117932360 	0.1117932339 	0.1117932492
	9.3462967008 	0.0051441319 	0.1100868055 	0.1100868040 	0.1100868207
	9.3714054813 	0.0049301904 	0.1074716932 	0.1074716923 	0.1074717099
	9.3965142618 	0.0050419506 	0.1039680000 	0.1039679996 	0.1039680178
	9.4216230423 	0.0054603490 	0.0996690127 	0.0996690128 	0.0996690309
	9.4467318228 	0.0061630918 	0.0947298450 	0.0947298455 	0.0947298630
	9.4718406034 	0.0071237824 	0.0893495473 	0.0893495481 	0.0893495647
	9.4969493839 	0.0083106726 	0.0837491818 	0.0837491828 	0.0837491982
	9.5220581644 	0.0096853919 	0.0781487169 	0.0781487180 	0.0781487319
	9.5471669449 	0.0112020280 	0.0727455559 	0.0727455571 	0.0727455692
	9.5722757254 	0.0128068912 	0.0676971152 	0.0676971163 	0.0676971266
	9.5973845059 	0.0144392108 	0.0631091845 	0.0631091855 	0.0631091939
	9.6224932865 	0.0160328863 	0.0590309549 	0.0590309558 	0.0590309623
	9.6476020670 	0.0175192621 	0.0554567058 	0.0554567065 	0.0554567113
	9.6727108475 	0.0188307414 	0.0523333366 	0.0523333370 	0.0523333402
	9.6978196280 	0.0199049130 	0.0495722952 	0.0495722955 	0.0495722972
	9.7229284085 	0.0206887651 	0.0470640735 	0.0470640736 	0.0470640741
	9.7480371890 	0.0211425135 	0.0446933193 	0.0446933192 	0.0446933187
	9.7731459695 	0.0212425918 	0.0423527593 	0.0423527591 	0.0423527579
	9.7982547501 	0.0209834356 	0.0399544759 	0.0399544755 	0.0399544737
	9.8233635306 	0.0203778293 	0.0374375716 	0.0374375711 	0.0374375689
	9.8484723111 	0.0194557561 	0.0347718107 	0.0347718102 	0.0347718078
	9.8735810916 	0.0182618720 	0.0319573595 	0.0319573590 	0.0319573565
	9.8986898721 	0.0168518817 	0.0290211969 	0.0290211964 	0.0290211939
	9.9237986526 	0.0152882171 	0.0260110836 	0.0260110831 	0.0260110808
	9.9489074332 	0.0136354751 	0.0229881380 	0.0229881376 	0.0229881354
	9.9740162137 	0.0119560720 	0.0200190717 	0.0200190712 	0.0200190693
	9.9991249942 	0.0103065062 	0.0171690076 	0.0171690073 	0.0171690055
	10.0242337747 	0.0087345204 	0.0144955846 	0.0144955842 	0.0144955828
	10.0493425552 	0.0072773166 	0.0120447733 	0.0120447730 	0.0120447718
	10.0744513357 	0.0059608482 	0.0098485567 	0.0098485565 	0.0098485555
	10.0995601162 	0.0048000907 	0.0079243772 	0.0079243770 	0.0079243762
	10.1246688968 	0.0038001033 	0.0062760732 	0.0062760731 	0.0062760724
	10.1497776773 	0.0029576442 	0.0048959097 	0.0048959096 	0.0048959091
	10.1748864578 	0.0022630858 	0.0037672706 	0.0037672705 	0.0037672702
	10.1999952383 	0.0017023964 	0.0028675985 	0.0028675984 	0.0028675982
	10.2251040188 	0.0012589977 	0.0021712334 	0.0021712333 	0.0021712332
	10.2502127993 	0.0009153638 	0.0016518920 	0.0016518920 	0.0016518920
	10.2753215798 	0.0006542852 	0.0012846248 	0.0012846247 	0.0012846248
	10.3004303604 	0.0004597747 	0.0010471770 	0.0010471770 	0.0010471772
	10.3255391409 	0.0003176344 	0.0009207542 	0.0009207542 	0.0009207545
	10.3506479214 	0.0002157320 	0.0008902422 	0.0008902422 	0.0008902427
	10.3757567019 	0.0001440477 	0.0009439687 	0.0009439686 	0.0009439693
	10.4008654824 	0.0000945589 	0.0010731083 	0.0010731082 	0.0010731091
	10.4259742629 	0.0000610244 	0.0012708415 	0.0012708414 	0.0012708425
	10.4510830435 	0.0000387176 	0.0015313774 	0.0015313774 	0.0015313787
	10.4761918240 	0.0000241501 	0.0018489477 	0.0018489476 	0.0018489492
	10.5013006045 	0.0000148093 	0.0022168714 	0.0022168714 	0.0022168733
	10.5264093850 	0.0000089280 	0.0026267862 	0.0026267862 	0.0026267884
	10.5515181655 	0.0000052915 	0.0030681247 	0.0030681248 	0.0030681273
	10.5766269460 	0.0000030832 	0.0035278997 	0.0035278998 	0.0035279027
	10.6017357265 	0.0000017662 	0.0039908343 	0.0039908345 	0.0039908376
	10.6268445071 	0.0000009947 	0.0044398430 	0.0044398433 	0.0044398467
	10.6519532876 	0.0000005507 	0.0048568312 	0.0048568316 	0.0048568353
	10.6770620681 	0.0000002998 	0.0052237444 	0.0052237450 	0.0052237488
	10.7021708486 	0.0000001604 	0.0055237639 	0.0055237646 	0.0055237685
	10.7272796291 	0.0000000844 	0.0057425243 	0.0057425251 	0.0057425290
	10.7523884096 	0.0000000436 	0.0058692172 	0.0058692182 	0.0058692220
	10.7774971902 	0.0000000222 	0.0058974552 	0.0058974563 	0.0058974600
	10.8026059707 	0.0000000111 	0.0058257921 	0.0058257932 	0.0058257968
	10.8277147512 	0.0000000055 	0.0056578384 	0.0056578395 	0.0056578429
	10.8528235317 	0.0000000026 	0.0054019553 	0.0054019565 	0.0054019596
	10.8779323122 	0.0000000013 	0.0050705629 	0.0050705641 	0.0050705669
	10.9030410927 	0.0000000006 	0.0046791397 	0.0046791410 	0.0046791434
	10.9281498732 	0.0000000003 	0.0042450271 	0.0042450283 	0.0042450304
	10.9532586538 	0.0000000001 	0.0037861648 	0.0037861659 	0.0037861677
	10.9783674343 	0.0000000001 	0.0033198857 	0.0033198867 	0.0033198883
	11.0034762148 	0.0000000000 	0.0028618794 	0.0028618803 	0.0028618816
	11.0285849953 	0.0000000000 	0.0024254040 	0.0024254049 	0.0024254059
	11.0536937758 	0.0000000000 	0.0020207911 	0.0020207919 	0.0020207927
	11.0788025563 	0.0000000000 	0.0016552490 	0.0016552496 	0.0016552503
	11.1039113369 	0.0000000000 	0.0013329376 	0.0013329381 	0.0013329386
	11.1290201174 	0.0000000000 	0.0010552634 	0.0010552638 	0.0010552641
	11.1541288979 	0.0000000000 	0.0008213277 	0.0008213281 	0.0008213283
	11.1792376784 	0.0000000000 	0.0006284586 	0.0006284589 	0.0006284590
	11.2043464589 	0.0000000000 	0.0004727608 	0.0004727610 	0.0004727611
	11.2294552394 	0.0000000001 	0.0003496317 	0.0003496319 	0.0003496320
	11.2545640199 	0.0000000002 	0.0002542055 	0.0002542056 	0.0002542056
	11.2796728005 	0.0000000004 	0.0001817037 	0.0001817038 	0.0001817039
	11.3047815810 	0.0000000008 	0.0001276875 	0.0001276876 	0.0001276876
	11.3298903615 	0.0000000017 	0.0000882146 	0.0000882147 	0.0000882147
	11.3549991420 	0.0000000033 	0.0000599164 	0.0000599164 	0.0000599165
	11.3801079225 	0.0000000064 	0.0000400111 	0.0000400112 	0.0000400112
	11.4052167030 	0.0000000123 	0.0000262721 	0.0000262721 	0.0000262721
	11.4303254836 	0.0000000232 	0.0000169678 	0.0000169678 	0.0000169678
	11.4554342641 	0.0000000429 	0.0000107892 	0.0000107892 	0.0000107892
	11.4805430446 	0.0000000781 	0.0000067727 	0.0000067727 	0.0000067727
	11.5056518251 	0.0000001397 	0.0000042300 	0.0000042301 	0.0000042301
	11.5307606056 	0.0000002457 	0.0000026853 	0.0000026853 	0.0000026853
	11.5558693861 	0.0000004250 	0.0000018253 	0.0000018253 	0.0000018253
	11.5809781666 	0.0000007226 	0.0000014610 	0.0000014610 	0.0000014610
	11.6060869472 	0.0000012078 	0.0000015013 	0.0000015013 	0.0000015013
	11.6311957277 	0.0000019847 	0.0000019371 	0.0000019371 	0.0000019371
	11.6563045082 	0.0000032064 	0.0000028362 	0.0000028362 	0.0000028362
	11.6814132887 	0.0000050926 	0.0000043449 	0.0000043449 	0.0000043449
	11.7065220692 	0.0000079519 	0.0000066989 	0.0000066989 	0.0000066989
	11.7316308497 	0.0000122069 	0.0000102384 	0.0000102384 	0.0000102384
	11.7567396302 	0.0000184222 	0.0000154282 	0.0000154282 	0.0000154282
	11.7818484108 	0.0000273328 	0.0000228788 	0.0000228788 	0.0000228788
	11.8069571913 	0.0000398685 	0.0000333659 	0.0000333659 	0.0000333659
	11.8320659718 	0.0000571717 	0.0000478440 	0.0000478440 	0.0000478440
	11.8571747523 	0.0000806003 	0.0000674488 	0.0000674487 	0.0000674487
	11.8822835328 	0.0001117112 	0.0000934826 	0.0000934826 	0.0000934826
	11.9073923133 	0.0001522163 	0.0001273780 	0.0001273780 	0.0001273780
	11.9325010939 	0.0002039063 	0.0001706332 	0.0001706332 	0.0001706332
	11.9576098744 	0.0002685372 	0.0002247177 	0.0002247176 	0.0002247177
	11.9827186549 	0.0003476825 	0.0002909482 	0.0002909481 	0.0002909482
	12.0078274354 	0.0004425535 	0.0003703384 	0.0003703384 	0.0003703384
	12.0329362159 	0.0005538006 	0.0004634326 	0.0004634325 	0.0004634326
	12.0580449964 	0.0006813114 	0.0005701369 	0.0005701367 	0.0005701369
	12.0831537769 	0.0008240291 	0.0006895672 	0.0006895671 	0.0006895672
	12.1082625575 	0.0009798152 	0.0008199347 	0.0008199345 	0.0008199347
	12.1333713380 	0.0011453829 	0.0009584900 	0.0009584898 	0.0009584899
	12.1584801185 	0.0013163226 	0.0011015452 	0.0011015450 	0.0011015452
	12.1835888990 	0.0014872346 	0.0012445861 	0.0012445859 	0.0012445861
	12.2086976795 	0.0016519727 	0.0013824771 	0.0013824769 	0.0013824771
	12.2338064600 	0.0018039885 	0.0015097523 	0.0015097520 	0.0015097524
	12.2589152406 	0.0019367535 	0.0016209734 	0.0016209731 	0.0016209735
	12.2840240211 	0.0020442243 	0.0017111260 	0.0017111257 	0.0017111262
	12.3091328016 	0.0021213050 	0.0017760190 	0.0017760188 	0.0017760194
	12.3342415821 	0.0021642628 	0.0018126508 	0.0018126508 	0.0018126516
	12.3593503626 	0.0021710516 	0.0018195089 	0.0018195090 	0.0018195102
	12.3844591431 	0.0021415104 	0.0017967784 	0.0017967790 	0.0017967808
	12.4095679236 	0.0020774206 	0.0017464517 	0.0017464530 	0.0017464558
	12.4346767042 	0.0019824183 	0.0016723422 	0.0016723446 	0.0016723492
	12.4597854847 	0.0018617833 	0.0015800264 	0.0015800305 	0.0015800378
	12.4848942652 	0.0017221363 	0.0014767472 	0.0014767541 	0.0014767657
	12.5100030457 	0.0015710905 	0.0013713225 	0.0013713337 	0.0013713518
	12.5351118262 	0.0014169038 	0.0012740984 	0.0012741161 	0.0012741441
	12.5602206067 	0.0012681782 	0.0011969822 	0.0011970096 	0.0011970523
	12.5853293873 	0.0011336373 	0.0011535681 	0.0011536096 	0.0011536737
	12.6104381678 	0.0010220009 	0.0011593470 	0.0011594087 	0.0011595034
	12.6355469483 	0.0009419495 	0.0012319581 	0.0012320483 	0.0012321857
	12.6606557288 	0.0009021587 	0.0013914107 	0.0013915403 	0.0013917366
	12.6857645093 	0.0009113566 	0.0016601751 	0.0016603581 	0.0016606338
	12.7108732898 	0.0009783512 	0.0020630215 	0.0020632754 	0.0020636560
	12.7359820703 	0.0011119661 	0.0026264809 	0.0026268274 	0.0026273440
	12.7610908509 	0.0013208278 	0.0033778176 	0.0033782824 	0.0033789717
	12.7861996314 	0.0016129611 	0.0043434374 	0.0043440503 	0.0043449546
	12.8113084119 	0.0019951775 	0.0055467205 	0.0055475152 	0.0055486815
	12.8364171924 	0.0024722679 	0.0070053492 	0.0070063623 	0.0070078408
	12.8615259729 	0.0030460542 	0.0087282969 	0.0087295668 	0.0087314093
	12.8866347534 	0.0037143885 	0.0107127457 	0.0107143111 	0.0107165680
	12.9117435340 	0.0044702208 	0.0129412833 	0.0129431811 	0.0129458981
	12.9368523145 	0.0053008782 	0.0153797824 	0.0153820455 	0.0153852601
	12.9619610950 	0.0061876993 	0.0179763749 	0.0179790305 	0.0179827672
	12.9870698755 	0.0071061491 	0.0206618772 	0.0206649443 	0.0206692112
	13.0121786560 	0.0080265016 	0.0233519061 	0.0233553948 	0.0233601788
	13.0372874365 	0.0089151134 	0.0259507551 	0.0259546662 	0.0259599297
	13.0623962170 	0.0097362417 	0.0283568868 	0.0283612131 	0.0283668909
	13.0875049976 	0.0104542821 	0.0304696782 	0.0304744075 	0.0304804041
	13.1126137781 	0.0110362350 	0.0321968548 	0.0322019747 	0.0322081626
	13.1377225586 	0.0114541595 	0.0334619071 	0.0334674122 	0.0334736303
	13.1628313391 	0.0116873580 	0.0342107221 	0.0342166227 	0.0342226753
	13.1879401196 	0.0117240487 	0.0344166996 	0.0344230325 	0.0344286874
	13.2130489001 	0.0115623334 	0.0340837581 	0.0340905986 	0.0340955856
	13.2381576806 	0.0112103481 	0.0332468526 	0.0332543269 	0.0332583353
	13.2632664612 	0.0106855763 	0.0319698952 	0.0319781918 	0.0319808679
	13.2883752417 	0.0100134045 	0.0303412488 	0.0303506287 	0.0303515729
	13.3134840222 	0.0092250851 	0.0284672238 	0.0284780268 	0.0284767923
	13.3385928027 	0.0083553323 	0.0264641999 	0.0264768469 	0.0264729398
	13.3637015832 	0.0074398086 	0.0244501118 	0.0244651000 	0.0244579833
	13.3888103637 	0.0065127512 	0.0225360595 	0.0225539515 	0.0225430532
	13.4139191443 	0.0056049521 	0.0208187471 	0.0208401509 	0.0208248789
	13.4390279248 	0.0047422459 	0.0193743271 	0.0193998684 	0.0193796322
	13.4641367053 	0.0039445825 	0.0182540632 	0.0182843504 	0.0182585889
	13.4892454858 	0.0032256923 	0.0174820401 	0.0175176228 	0.0174858395
	13.5143542663 	0.0025932829 	0.0170549709 	0.0170962955 	0.0170580970
	13.5394630468 	0.0020496616 	0.0169439926 	0.0169913576 	0.0169464943
	13.5645718273 	0.0015926490 	0.0170982096 	0.0171517248 	0.0171001290
	13.5896806079 	0.0012166456 	0.0174496364 	0.0175091902 	0.0174510084
	13.6147893884 	0.0009137239 	0.0179191208 	0.0179843591 	0.0179199739
	13.6398981689 	0.0006746426 	0.0184227748 	0.0184930956 	0.0184231334
	13.6650069494 	0.0004897134 	0.0188784224 	0.0189529870 	0.0188783100
	13.6901157299 	0.0003494797 	0.0192115813 	0.0192893431 	0.0192110237
	13.7152245104 	0.0002451981 	0.0193605374 	0.0194402868 	0.0193595658
	13.7403332910 	0.0001691346 	0.0192801493 	0.0193605717 	0.0192788024
	13.7654420715 	0.0001147032 	0.0189441299 	0.0190238723 	0.0189424551
	13.7905508520 	0.0000764821 	0.0183456900 	0.0184234301 	0.0183437433
	13.8156596325 	0.0000501427 	0.0174965810 	0.0175710939 	0.0174944252
	13.8407684130 	0.0000323270 	0.0164247202 	0.0164949370 	0.0164224230
	13.8658771935 	0.0000204993 	0.0151707137 	0.0152357666 	0.0151683441
	13.8909859740 	0.0000127939 	0.0137836779 	0.0138429301 	0.0137813030
	13.9160947546 	0.0000078723 	0.0123168053 	0.0123698635 	0.0123144868
	13.9412035351 	0.0000047995 	0.0108231066 	0.0108698165 	0.0108208980
	13.9663123156 	0.0000029404 	0.0093517008 	0.0093921278 	0.0093496453
	13.9914210961 	0.0000018802 	0.0079449262 	0.0079793248 	0.0079430553
	14.0165298766 	0.0000013638 	0.0066364265 	0.0066652014 	0.0066347599
	14.0416386571 	0.0000012553 	0.0054502407 	0.0054739050 	0.0054487870
	14.0667474377 	0.0000015121 	0.0044008186 	0.0044199512 	0.0043995761
	14.0918562182 	0.0000021730 	0.0034937971 	0.0035090048 	0.0034927563
	14.1169649987 	0.0000033583 	0.0027273258 	0.0027392097 	0.0027264710
	14.1420737792 	0.0000052792 	0.0020937103 	0.0021028402 	0.0020930219
	14.1671825597 	0.0000082564 	0.0015811596 	0.0015880556 	0.0015806157
	14.1922913402 	0.0000127468 	0.0011754561 	0.0011805777 	0.0011750347
	14.2174001207 	0.0000193741 	0.0008614206 	0.0008651615 	0.0008611006
	14.2425089013 	0.0000289643 	0.0006240912 	0.0006267805 	0.0006238540
	14.2676176818 	0.0000425782 	0.0004495893 	0.0004514958 	0.0004494195
	14.2927264623 	0.0000615390 	0.0003256793 	0.0003270192 	0.0003255661
	14.3178352428 	0.0000874454 	0.0002420598 	0.0002430063 	0.0002419982
	14.3429440233 	0.0001221645 	0.0001904360 	0.0001911308 	0.0001904294
	14.3680528038 	0.0001677945 	0.0001644306 	0.0001649972 	0.0001644943
	14.3931615843 	0.0002265902 	0.0001593859 	0.0001599451 	0.0001595539
	14.4182703649 	0.0003008468 	0.0001721056 	0.0001727952 	0.0001724396
	14.4433791454 	0.0003927396 	0.0002005734 	0.0002015734 	0.0002011783
	14.4684879259 	0.0005041261 	0.0002436827 	0.0002452489 	0.0002447283
	14.4935967064 	0.0006363224 	0.0003010009 	0.0003035110 	0.0003027533
	14.5187054869 	0.0007898754 	0.0003725931 	0.0003766076 	0.0003754577
	14.5438142674 	0.0009643595 	0.0004589238 	0.0004652679 	0.0004635025
	14.5689230480 	0.0011582339 	0.0005608578 	0.0005707262 	0.0005680218
	14.5940318285 	0.0013687977 	0.0006797751 	0.0006948637 	0.0006907526
	14.6191406090 	0.0015922802 	0.0008178126 	0.0008404768 	0.0008342891
	14.6442493895 	0.0018240935 	0.0009782343 	0.0010116701 	0.0010024576
	14.6693581700 	0.0020592629 	0.0011659203 	0.0012143600 	0.0012007965
	14.6944669505 	0.0022930313 	0.0013879439 	0.0014568509 	0.0014371051
	14.7195757310 	0.0025216072 	0.0016541889 	0.0017504268 	0.0017220030
	14.7446845116 	0.0027430074 	0.0019779321 	0.0021098778 	0.0020694197
	14.7697932921 	0.0029579142 	0.0023762976 	0.0025538575 	0.0024969139
	14.7949020726 	0.0031704540 	0.0028704707 	0.0031049588 	0.0030257102
	14.8200108531 	0.0033887883 	0.0034855558 	0.0037893889 	0.0036803410
	14.8451196336 	0.0036254075 	0.0042499641 	0.0046361402 	0.0044877956
	14.8702284141 	0.0038970277 	0.0051942445 	0.0056755840 	0.0054761119
	14.8953371947 	0.0042240126 	0.0063493085 	0.0069374625 	0.0066723965
	14.9204459752 	0.0046292790 	0.0077440593 	0.0084483217 	0.0081003267
	14.9455547557 	0.0051366902 	0.0094025097 	0.0102285059 	0.0097772644
	14.9706635362 	0.0057689981 	0.0113405524 	0.0122889141 	0.0117111905
	14.9957723167 	0.0065454544 	0.0135626296 	0.0146277966 	0.0138977402
	15.0208810972 	0.0074792713 	0.0160586167 	0.0172279236 	0.0163176661
	15.0459898777 	0.0085751602 	0.0188012819 	0.0200544891 	0.0189350761
	15.0710986583 	0.0098272151 	0.0217446906 	0.0230540951 	0.0216967674
	15.0962074388 	0.0112174104 	0.0248238930 	0.0261551084 	0.0245329115
	15.1213162193 	0.0127149675 	0.0279561479 	0.0292695741 	0.0273592325
	15.1464249998 	0.0142767793 	0.0310438054 	0.0322967325 	0.0300806762
	15.1715337803 	0.0158489992 	0.0339788115 	0.0351280120 	0.0325964025
	15.1966425608 	0.0173697739 	0.0366486055 	0.0376532019 	0.0348057701
	15.2217513414 	0.0187729740 	0.0389430083 	0.0397673452 	0.0366148408
	15.2468601219 	0.0199926403 	0.0407615414 	0.0413777754 	0.0379428352
	15.2719689024 	0.0209677573 	0.0420205230 	0.0424106581 	0.0387279361
	15.2970776829 	0.0216468960 	0.0426592579 	0.0428164095 	0.0389318727
	15.3221864634 	0.0219922540 	0.0426446971 	0.0425734504 	0.0385428217
	15.3472952439 	0.0219826650 	0.0419740748 	0.0416899081 	0.0375763282
	15.3724040244 	0.0216152553 	0.0406752369 	0.0402030842 	0.0360741501
	15.3975128050 	0.0209055726 	0.0388046120 	0.0381767357 	0.0341011479
	15.4226215855 	0.0198861844 	0.0364430311 	0.0356964441 	0.0317405401
	15.4477303660 	0.0186039175 	0.0336898250 	0.0328635365 	0.0290880046
	15.4728391465 	0.0171160576 	0.0306557975 	0.0297881577 	0.0262452047
	15.4979479270 	0.0154859296 	0.0274557674 	0.0265821475 	0.0233133417
	15.5230567075 	0.0137783237 	0.0242013745 	0.0233523608 	0.0203872962
	15.5481654881 	0.0120552133 	0.0209947689 	0.0201949699 	0.0175508077
	15.5732742686 	0.0103721425 	0.0179236580 	0.0171911483 	0.0148730017
	15.5983830491 	0.0087755433 	0.0150579983 	0.0144043481 	0.0124063983
	15.6234918296 	0.0073011171 	0.0124484170 	0.0118792072 	0.0101863793
	15.6486006101 	0.0059732792 	0.0101262638 	0.0096419502 	0.0082319444
	15.6737093906 	0.0048055535 	0.0081050406 	0.0077020222 	0.0065474920
	15.6988181711 	0.0038017216 	0.0063828600 	0.0060546142 	0.0051252980
	15.7239269517 	0.0029574877 	0.0049455389 	0.0046837095 	0.0039483599
	15.7490357322 	0.0022624079 	0.0037699433 	0.0035652971 	0.0029932977
	15.7741445127 	0.0017018603 	0.0028272508 	0.0026704535 	0.0022330640
	15.7992532932 	0.0012588723 	0.0020858750 	0.0019680663 	0.0016392809
	15.8243620737 	0.0009156807 	0.0015138868 	0.0014270606 	0.0011841041
	15.8494708542 	0.0006549542 	0.0010808545 	0.0010180672 	0.0008415783
	15.8745796347 	0.0004606617 	0.0007590979 	0.0007145389 	0.0005885070
	15.8996884153 	0.0003186086 	0.0005244135 	0.0004933731 	0.0004048984
	15.9247971958 	0.0002166890 	0.0003563566 	0.0003351281 	0.0002740712
	15.9499059763 	0.0001449173 	0.0002381884 	0.0002239331 	0.0001825113
	15.9750147568 	0.0000953032 	0.0001565927 	0.0001471922 	0.0001195671
	16.0001235373 	0.0000616308 	0.0001012579 	0.0000951695 	0.0000770578
	16.0252323178 	0.0000391915 	0.0000643998 	0.0000605266 	0.0000488531
	16.0503410984 	0.0000245069 	0.0000402837 	0.0000378633 	0.0000304668
	16.0754498789 	0.0000150692 	0.0000247832 	0.0000232973 	0.0000186900
	16.1005586594 	0.0000091115 	0.0000149955 	0.0000140992 	0.0000112779
	16.1256674399 	0.0000054175 	0.0000089235 	0.0000083923 	0.0000066939
	16.1507762204 	0.0000031674 	0.0000052224 	0.0000049130 	0.0000039079
	16.1758850009 	0.0000018210 	0.0000030058 	0.0000028288 	0.0000022440
	16.2009937814 	0.0000010295 	0.0000017014 	0.0000016018 	0.0000012673
	16.2261025620 	0.0000005723 	0.0000009471 	0.0000008921 	0.0000007040
	16.2512113425 	0.0000003129 	0.0000005185 	0.0000004886 	0.0000003846
	16.2763201230 	0.0000001682 	0.0000002791 	0.0000002632 	0.0000002067
	16.3014289035 	0.0000000889 	0.0000001478 	0.0000001394 	0.0000001092
	16.3265376840 	0.0000000462 	0.0000000769 	0.0000000726 	0.0000000568
	16.3516464645 	0.0000000236 	0.0000000394 	0.0000000372 	0.0000000290
	16.3767552451 	0.0000000119 	0.0000000198 	0.0000000187 	0.0000000146
	16.4018640256 	0.0000000059 	0.0000000098 	0.0000000093 	0.0000000072
	16.4269728061 	0.0000000029 	0.0000000048 	0.0000000045 	0.0000000035
	16.4520815866 	0.0000000014 	0.0000000023 	0.0000000022 	0.0000000017
	16.4771903671 	0.0000000006 	0.0000000011 	0.0000000010 	0.0000000008
	16.5022991476 	0.0000000003 	0.0000000005 	0.0000000005 	0.0000000004
	16.5274079281 	0.0000000001 	0.0000000002 	0.0000000002 	0.0000000002
	16.5525167087 	0.0000000001 	0.0000000001 	0.0000000001 	0.0000000001
	16.5776254892 	0.0000000000 	0.0000000000 	0.0000000000 	0.0000000000
	16.6027342697 	0.0000000000 	0.0000000000 	0.0000000000 	0.0000000000
	16.6278430502 	0.0000000000 	0.0000000000 	0.0000000000 	0.0000000000
	16.6529518307 	0.0000000000 	0.0000000000 	0.0000000000 	0.0000000000
	16.6780606112 	0.0000000000 	0.0000000000 	0.0000000000 	0.0000000000
	16.7031693918 	0.0000000000 	0.0000000000 	0.0000000000 	0.0000000000
	16.7282781723 	0.0000000000 	0.0000000000 	0.0000000000 	0.0000000000
