
:Description: 
:Desc_PDOS: Projected density of states for each orbital. Unit=states/eV
:Desc_FERMI_LEVEL: Fermi level energy. Unit=eV
:Desc_BROADENING: Gaussian broadening parameter for DOS calculation. Unit=eV
:Desc_GRID_POINTS: Number of energy grid points for PDOS calculation
:Desc_MIN_E: Minimum energy for PDOS calculation. Unit=eV
:Desc_MAX_E: Maximum energy for PDOS calculation. Unit=eV
:Desc_BAND_NUM: Number of bands included in the calculation
:Desc_KPT_NUM: Number of k-points used in the calculation
:Desc_ATOM_TYPE_NUM: Number of atom types in the system
:Desc_TOT_ORBITALS: Total number of atomic orbitals
:Desc_PROJ_ORBITALS: Total number of projected orbitals
:Desc_VOLUME: Lattice unit cell volume. Unit=Bohr^3
:Desc_CALCULATION_TIME: Total calculation time. Unit=seconds
:Desc_M_INDEX_SUMMED_OVER: Whether the m index is summed over 
:Desc_ORTHOGONALIZE_ATOMIC_ORBITALS: Whether the atomic orbitals are orthogonalized
:Desc_ATOM_INDEX_FOR_PDOS: The index of the atom for which the PDOS is calculated
:Desc_PDOS_INFO: The information of the PDOS
    :Desc_ATOM_TYPE: The type of the atom
    :Desc_ATOMIC_NUMBER: The atomic number of the atom
    :Desc_ATOM_INDEX: The index of the atom
    :Desc_ATOM_POSITION_CARTESIAN: The position of the atom in Cartesian coordinates
    :Desc_ATOM_POSITION_FRACTIONAL: The fractional position of the atom
    :Desc_PDOS_UNIT: The unit of the PDOS value
    :Desc_HEADER_FORMAT: The format of the header


:BASIC_INFO:
:FERMI_LEVEL: 4.562
:BROADENING: 0.272
:GRID_POINTS: 1000
:MIN_E: -8.355
:MAX_E: 16.672
:BAND_NUM: 12
:KPT_NUM: 4
:ATOM_TYPE_NUM: 1
:TOT_ORBITALS: 8
:PROJ_ORBITALS: 8
:VOLUME: 298.311
:CALCULATION_TIME: 0.673
:M_INDEX_SUMMED_OVER: False
:ORTHOGONALIZE_ATOMIC_ORBITALS: False
:ATOM_INDEX_FOR_PDOS: All



:PDOS_INFO:
    :ATOM_TYPE: Si
    :ATOMIC_NUMBER: 14
    :ATOM_INDEX: 0
    :ATOM_POSITION_CARTESIAN: [0. 0. 0.]
    :ATOM_POSITION_FRACTIONAL: [0. 0. 0.]
    :PDOS_UNIT: states/eV
    :HEADER_FORMAT: (nl,m)
	Energy(eV)   	(3s, m=0)    	(3p, m=-1)   	(3p, m=0)    	(3p, m=1)   
	-8.3554080983 	0.0000000000 	0.0000000000 	0.0000000000 	0.0000000000
	-8.3303557995 	0.0000000000 	0.0000000000 	0.0000000000 	0.0000000000
	-8.3053035007 	0.0000000000 	0.0000000000 	0.0000000000 	0.0000000000
	-8.2802512019 	0.0000000001 	0.0000000000 	0.0000000000 	0.0000000000
	-8.2551989031 	0.0000000002 	0.0000000001 	0.0000000001 	0.0000000001
	-8.2301466042 	0.0000000005 	0.0000000001 	0.0000000001 	0.0000000001
	-8.2050943054 	0.0000000011 	0.0000000003 	0.0000000003 	0.0000000003
	-8.1800420066 	0.0000000025 	0.0000000007 	0.0000000007 	0.0000000007
	-8.1549897078 	0.0000000055 	0.0000000016 	0.0000000016 	0.0000000016
	-8.1299374090 	0.0000000120 	0.0000000035 	0.0000000035 	0.0000000035
	-8.1048851101 	0.0000000256 	0.0000000075 	0.0000000075 	0.0000000075
	-8.0798328113 	0.0000000537 	0.0000000158 	0.0000000158 	0.0000000158
	-8.0547805125 	0.0000001109 	0.0000000327 	0.0000000327 	0.0000000327
	-8.0297282137 	0.0000002254 	0.0000000665 	0.0000000665 	0.0000000665
	-8.0046759149 	0.0000004502 	0.0000001328 	0.0000001328 	0.0000001328
	-7.9796236161 	0.0000008840 	0.0000002608 	0.0000002608 	0.0000002608
	-7.9545713172 	0.0000017067 	0.0000005035 	0.0000005035 	0.0000005035
	-7.9295190184 	0.0000032399 	0.0000009557 	0.0000009557 	0.0000009557
	-7.9044667196 	0.0000060468 	0.0000017837 	0.0000017837 	0.0000017837
	-7.8794144208 	0.0000110958 	0.0000032731 	0.0000032731 	0.0000032731
	-7.8543621220 	0.0000200185 	0.0000059051 	0.0000059051 	0.0000059051
	-7.8293098232 	0.0000355093 	0.0000104746 	0.0000104746 	0.0000104746
	-7.8042575243 	0.0000619285 	0.0000182678 	0.0000182678 	0.0000182678
	-7.7792052255 	0.0001061882 	0.0000313237 	0.0000313237 	0.0000313237
	-7.7541529267 	0.0001790193 	0.0000528076 	0.0000528076 	0.0000528076
	-7.7291006279 	0.0002967299 	0.0000875302 	0.0000875302 	0.0000875302
	-7.7040483291 	0.0004835712 	0.0001426453 	0.0001426452 	0.0001426452
	-7.6789960302 	0.0007748140 	0.0002285569 	0.0002285568 	0.0002285569
	-7.6539437314 	0.0012205969 	0.0003600553 	0.0003600552 	0.0003600552
	-7.6288914326 	0.0018905356 	0.0005576758 	0.0005576756 	0.0005576757
	-7.6038391338 	0.0028789576 	0.0008492434 	0.0008492431 	0.0008492433
	-7.5787868350 	0.0043104586 	0.0012715118 	0.0012715114 	0.0012715116
	-7.5537345362 	0.0063452611 	0.0018717438 	0.0018717433 	0.0018717436
	-7.5286822373 	0.0091836075 	0.0027090076 	0.0027090068 	0.0027090073
	-7.5036299385 	0.0130681748 	0.0038548887 	0.0038548876 	0.0038548882
	-7.4785776397 	0.0182832904 	0.0053932589 	0.0053932573 	0.0053932582
	-7.4535253409 	0.0251496290 	0.0074187116 	0.0074187094 	0.0074187107
	-7.4284730421 	0.0340131309 	0.0100332935 	0.0100332906 	0.0100332923
	-7.4034207433 	0.0452271729 	0.0133412447 	0.0133412407 	0.0133412430
	-7.3783684444 	0.0591275760 	0.0174416266 	0.0174416214 	0.0174416244
	-7.3533161456 	0.0760008609 	0.0224189578 	0.0224189512 	0.0224189550
	-7.3282638468 	0.0960472093 	0.0283322888 	0.0283322804 	0.0283322852
	-7.3032115480 	0.1193407583 	0.0352034885 	0.0352034780 	0.0352034841
	-7.2781592492 	0.1457909742 	0.0430058511 	0.0430058383 	0.0430058457
	-7.2531069503 	0.1751097330 	0.0516543849 	0.0516543696 	0.0516543785
	-7.2280546515 	0.2067891444 	0.0609992710 	0.0609992529 	0.0609992634
	-7.2030023527 	0.2400949301 	0.0708239098 	0.0708238888 	0.0708239010
	-7.1779500539 	0.2740791795 	0.0808486838 	0.0808486599 	0.0808486737
	-7.1528977551 	0.3076145719 	0.0907410526 	0.0907410258 	0.0907410413
	-7.1278454563 	0.3394498070 	0.1001319041 	0.1001318744 	0.1001318916
	-7.1027931574 	0.3682833038 	0.1086372939 	0.1086372617 	0.1086372804
	-7.0777408586 	0.3928495841 	0.1158839276 	0.1158838933 	0.1158839132
	-7.0526885598 	0.4120105793 	0.1215360944 	0.1215360585 	0.1215360793
	-7.0276362610 	0.4248427785 	0.1253213744 	0.1253213372 	0.1253213588
	-7.0025839622 	0.4307109530 	0.1270523858 	0.1270523481 	0.1270523700
	-6.9775316633 	0.4293202706 	0.1266421582 	0.1266421207 	0.1266421424
	-6.9524793645 	0.4207408457 	0.1241113741 	0.1241113374 	0.1241113587
	-6.9274270657 	0.4054018810 	0.1195866412 	0.1195866057 	0.1195866263
	-6.9023747669 	0.3840560812 	0.1132899942 	0.1132899607 	0.1132899802
	-6.8773224681 	0.3577184462 	0.1055208411 	0.1055208098 	0.1055208280
	-6.8522701693 	0.3275863733 	0.0966323934 	0.0966323648 	0.0966323814
	-6.8272178704 	0.2949498116 	0.0870051643 	0.0870051386 	0.0870051535
	-6.8021655716 	0.2611008111 	0.0770202864 	0.0770202636 	0.0770202769
	-6.7771132728 	0.2272511667 	0.0670352186 	0.0670351988 	0.0670352103
	-6.7520609740 	0.1944651688 	0.0573639084 	0.0573638914 	0.0573639012
	-6.7270086752 	0.1636120669 	0.0482627695 	0.0482627552 	0.0482627635
	-6.7019563764 	0.1353401459 	0.0399230349 	0.0399230231 	0.0399230300
	-6.6769040775 	0.1100717198 	0.0324692802 	0.0324692705 	0.0324692761
	-6.6518517787 	0.0880162106 	0.0259632811 	0.0259632734 	0.0259632779
	-6.6267994799 	0.0691970188 	0.0204119404 	0.0204119344 	0.0204119379
	-6.6017471811 	0.0534872050 	0.0157778133 	0.0157778086 	0.0157778113
	-6.5766948823 	0.0406490338 	0.0119907717 	0.0119907682 	0.0119907703
	-6.5516425834 	0.0303730464 	0.0089595307 	0.0089595281 	0.0089595296
	-6.5265902846 	0.0223133247 	0.0065820502 	0.0065820483 	0.0065820494
	-6.5015379858 	0.0161167707 	0.0047541725 	0.0047541711 	0.0047541719
	-6.4764856870 	0.0114453635 	0.0033761870 	0.0033761860 	0.0033761866
	-6.4514333882 	0.0079913294 	0.0023573057 	0.0023573050 	0.0023573054
	-6.4263810894 	0.0054858825 	0.0016182414 	0.0016182409 	0.0016182412
	-6.4013287905 	0.0037026490 	0.0010922174 	0.0010922171 	0.0010922173
	-6.3762764917 	0.0024570776 	0.0007247941 	0.0007247939 	0.0007247940
	-6.3512241929 	0.0016031389 	0.0004728946 	0.0004728944 	0.0004728945
	-6.3261718941 	0.0010284612 	0.0003033700 	0.0003033699 	0.0003033700
	-6.3011195953 	0.0006488282 	0.0001913757 	0.0001913756 	0.0001913757
	-6.2760672965 	0.0004027121 	0.0001187575 	0.0001187575 	0.0001187575
	-6.2510149976 	0.0002462797 	0.0000725771 	0.0000725771 	0.0000725771
	-6.2259626988 	0.0001491151 	0.0000438468 	0.0000438468 	0.0000438468
	-6.2009104000 	0.0000907549 	0.0000265019 	0.0000265019 	0.0000265019
	-6.1758581012 	0.0000580385 	0.0000166098 	0.0000166098 	0.0000166098
	-6.1508058024 	0.0000432287 	0.0000117999 	0.0000117999 	0.0000117999
	-6.1257535035 	0.0000428447 	0.0000108937 	0.0000108937 	0.0000108938
	-6.1007012047 	0.0000571728 	0.0000137206 	0.0000137206 	0.0000137206
	-6.0756489059 	0.0000904537 	0.0000211107 	0.0000211106 	0.0000211107
	-6.0505966071 	0.0001518056 	0.0000350736 	0.0000350735 	0.0000350737
	-6.0255443083 	0.0002569969 	0.0000591840 	0.0000591838 	0.0000591841
	-6.0004920095 	0.0004312425 	0.0000992104 	0.0000992102 	0.0000992106
	-5.9754397106 	0.0007132439 	0.0001640358 	0.0001640353 	0.0001640360
	-5.9503874118 	0.0011607134 	0.0002669218 	0.0002669211 	0.0002669222
	-5.9253351130 	0.0018575968 	0.0004271671 	0.0004271661 	0.0004271678
	-5.9002828142 	0.0029231210 	0.0006721857 	0.0006721842 	0.0006721868
	-5.8752305154 	0.0045226133 	0.0010399938 	0.0010399915 	0.0010399954
	-5.8501782166 	0.0068797525 	0.0015820266 	0.0015820231 	0.0015820287
	-5.8251259177 	0.0102895141 	0.0023661142 	0.0023661093 	0.0023661173
	-5.8000736189 	0.0151305596 	0.0034793314 	0.0034793244 	0.0034793357
	-5.7750213201 	0.0218752488 	0.0050302990 	0.0050302891 	0.0050303049
	-5.7499690213 	0.0310948767 	0.0071503885 	0.0071503750 	0.0071503963
	-5.7249167225 	0.0434572748 	0.0099931703 	0.0099931520 	0.0099931804
	-5.6998644236 	0.0597136946 	0.0137313976 	0.0137313735 	0.0137314105
	-5.6748121248 	0.0806720700 	0.0185508580 	0.0185508267 	0.0185508740
	-5.6497598260 	0.1071544623 	0.0246405877 	0.0246405479 	0.0246406072
	-5.6247075272 	0.1399378268 	0.0321792506 	0.0321792008 	0.0321792737
	-5.5996552284 	0.1796791944 	0.0413179336 	0.0413178725 	0.0413179602
	-5.5746029296 	0.2268288344 	0.0521601778 	0.0521601044 	0.0521602075
	-5.5495506307 	0.2815376836 	0.0647406918 	0.0647406052 	0.0647407239
	-5.5244983319 	0.3435679219 	0.0790047879 	0.0790046876 	0.0790048212
	-5.4994460331 	0.4122175575 	0.0947910404 	0.0947909266 	0.0947910733
	-5.4743937343 	0.4862707716 	0.1118198669 	0.1118197405 	0.1118198975
	-5.4493414355 	0.5639851246 	0.1296905867 	0.1296904490 	0.1296906126
	-5.4242891367 	0.6431243237 	0.1478889555 	0.1478888088 	0.1478889742
	-5.3992368378 	0.7210411060 	0.1658062248 	0.1658060718 	0.1658062335
	-5.3741845390 	0.7948092555 	0.1827694998 	0.1827693438 	0.1827694959
	-5.3491322402 	0.8613975064 	0.1980817291 	0.1980815738 	0.1980817102
	-5.3240799414 	0.9178719696 	0.2110682533 	0.2110681025 	0.2110682176
	-5.2990276426 	0.9616087519 	0.2211256980 	0.2211255553 	0.2211256443
	-5.2739753437 	0.9904955075 	0.2277683209 	0.2277681897 	0.2277682487
	-5.2489230449 	1.0031004278 	0.2306668720 	0.2306667551 	0.2306667819
	-5.2238707461 	0.9987898584 	0.2296756401 	0.2296755396 	0.2296755334
	-5.1988184473 	0.9777810926 	0.2248445924 	0.2248445097 	0.2248444714
	-5.1737661485 	0.9411242172 	0.2164152006 	0.2164151360 	0.2164150682
	-5.1487138497 	0.8906151235 	0.2048004370 	0.2048003900 	0.2048002965
	-5.1236615508 	0.8286497145 	0.1905512487 	0.1905512182 	0.1905511039
	-5.0986092520 	0.7580357837 	0.1743132989 	0.1743132831 	0.1743131536
	-5.0735569532 	0.6817831009 	0.1567786959 	0.1567786926 	0.1567785537
	-5.0485046544 	0.6028934425 	0.1386377100 	0.1386377167 	0.1386375740
	-5.0234523556 	0.5241706392 	0.1205350930 	0.1205351072 	0.1205349659
	-4.9984000568 	0.4480666541 	0.1030346835 	0.1030347028 	0.1030345672
	-4.9733477579 	0.3765740250 	0.0865946733 	0.0865946955 	0.0865945692
	-4.9482954591 	0.3111686956 	0.0715544615 	0.0715544848 	0.0715543702
	-4.9232431603 	0.2528012640 	0.0581326419 	0.0581326648 	0.0581325634
	-4.8981908615 	0.2019297863 	0.0464345462 	0.0464345677 	0.0464344801
	-4.8731385627 	0.1585839872 	0.0364670098 	0.0364670292 	0.0364669551
	-4.8480862638 	0.1224492369 	0.0281576823 	0.0281576993 	0.0281576380
	-4.8230339650 	0.0929588272 	0.0213762469 	0.0213762613 	0.0213762118
	-4.7979816662 	0.0693845845 	0.0159552574 	0.0159552692 	0.0159552299
	-4.7729293674 	0.0509182126 	0.0117088427 	0.0117088522 	0.0117088217
	-4.7478770686 	0.0367384738 	0.0084481562 	0.0084481636 	0.0084481404
	-4.7228247698 	0.0260619481 	0.0059930472 	0.0059930529 	0.0059930356
	-4.6977724709 	0.0181773447 	0.0041799517 	0.0041799560 	0.0041799433
	-4.6727201721 	0.0124649865 	0.0028663726 	0.0028663757 	0.0028663666
	-4.6476678733 	0.0084040956 	0.0019325548 	0.0019325570 	0.0019325506
	-4.6226155745 	0.0055709333 	0.0012810580 	0.0012810596 	0.0012810551
	-4.5975632757 	0.0036308034 	0.0008349175 	0.0008349186 	0.0008349156
	-4.5725109769 	0.0023265657 	0.0005350029 	0.0005350036 	0.0005350016
	-4.5474586780 	0.0014657696 	0.0003370595 	0.0003370600 	0.0003370586
	-4.5224063792 	0.0009079332 	0.0002087828 	0.0002087831 	0.0002087823
	-4.4973540804 	0.0005529424 	0.0001271513 	0.0001271515 	0.0001271509
	-4.4723017816 	0.0003310882 	0.0000761350 	0.0000761352 	0.0000761348
	-4.4472494828 	0.0001949150 	0.0000448215 	0.0000448215 	0.0000448213
	-4.4221971839 	0.0001128196 	0.0000259433 	0.0000259434 	0.0000259432
	-4.3971448851 	0.0000642040 	0.0000147640 	0.0000147640 	0.0000147639
	-4.3720925863 	0.0000359234 	0.0000082607 	0.0000082607 	0.0000082607
	-4.3470402875 	0.0000197619 	0.0000045443 	0.0000045443 	0.0000045443
	-4.3219879887 	0.0000106886 	0.0000024579 	0.0000024579 	0.0000024579
	-4.2969356899 	0.0000056839 	0.0000013070 	0.0000013070 	0.0000013070
	-4.2718833910 	0.0000029718 	0.0000006834 	0.0000006834 	0.0000006834
	-4.2468310922 	0.0000015276 	0.0000003513 	0.0000003513 	0.0000003513
	-4.2217787934 	0.0000007721 	0.0000001775 	0.0000001775 	0.0000001775
	-4.1967264946 	0.0000003837 	0.0000000882 	0.0000000882 	0.0000000882
	-4.1716741958 	0.0000001874 	0.0000000431 	0.0000000431 	0.0000000431
	-4.1466218970 	0.0000000900 	0.0000000207 	0.0000000207 	0.0000000207
	-4.1215695981 	0.0000000425 	0.0000000098 	0.0000000098 	0.0000000098
	-4.0965172993 	0.0000000197 	0.0000000045 	0.0000000045 	0.0000000045
	-4.0714650005 	0.0000000090 	0.0000000021 	0.0000000021 	0.0000000021
	-4.0464127017 	0.0000000040 	0.0000000009 	0.0000000009 	0.0000000009
	-4.0213604029 	0.0000000018 	0.0000000004 	0.0000000004 	0.0000000004
	-3.9963081040 	0.0000000008 	0.0000000002 	0.0000000002 	0.0000000002
	-3.9712558052 	0.0000000003 	0.0000000001 	0.0000000001 	0.0000000001
	-3.9462035064 	0.0000000001 	0.0000000000 	0.0000000000 	0.0000000000
	-3.9211512076 	0.0000000001 	0.0000000000 	0.0000000000 	0.0000000000
	-3.8960989088 	0.0000000000 	0.0000000000 	0.0000000000 	0.0000000000
	-3.8710466100 	0.0000000001 	0.0000000000 	0.0000000000 	0.0000000000
	-3.8459943111 	0.0000000001 	0.0000000001 	0.0000000001 	0.0000000001
	-3.8209420123 	0.0000000003 	0.0000000002 	0.0000000002 	0.0000000002
	-3.7958897135 	0.0000000008 	0.0000000006 	0.0000000006 	0.0000000006
	-3.7708374147 	0.0000000018 	0.0000000013 	0.0000000013 	0.0000000013
	-3.7457851159 	0.0000000039 	0.0000000028 	0.0000000028 	0.0000000028
	-3.7207328171 	0.0000000086 	0.0000000062 	0.0000000062 	0.0000000062
	-3.6956805182 	0.0000000185 	0.0000000133 	0.0000000133 	0.0000000133
	-3.6706282194 	0.0000000392 	0.0000000282 	0.0000000282 	0.0000000282
	-3.6455759206 	0.0000000815 	0.0000000587 	0.0000000587 	0.0000000587
	-3.6205236218 	0.0000001669 	0.0000001202 	0.0000001202 	0.0000001202
	-3.5954713230 	0.0000003361 	0.0000002419 	0.0000002419 	0.0000002419
	-3.5704190241 	0.0000006652 	0.0000004788 	0.0000004788 	0.0000004788
	-3.5453667253 	0.0000012943 	0.0000009317 	0.0000009317 	0.0000009317
	-3.5203144265 	0.0000024764 	0.0000017826 	0.0000017826 	0.0000017826
	-3.4952621277 	0.0000046582 	0.0000033531 	0.0000033531 	0.0000033531
	-3.4702098289 	0.0000086150 	0.0000062014 	0.0000062014 	0.0000062014
	-3.4451575301 	0.0000156652 	0.0000112763 	0.0000112763 	0.0000112763
	-3.4201052312 	0.0000280061 	0.0000201597 	0.0000201596 	0.0000201596
	-3.3950529324 	0.0000492274 	0.0000354354 	0.0000354354 	0.0000354354
	-3.3700006336 	0.0000850745 	0.0000612392 	0.0000612392 	0.0000612392
	-3.3449483348 	0.0001445537 	0.0001040542 	0.0001040542 	0.0001040542
	-3.3198960360 	0.0002414889 	0.0001738312 	0.0001738310 	0.0001738310
	-3.2948437372 	0.0003966457 	0.0002855179 	0.0002855176 	0.0002855176
	-3.2697914383 	0.0006405399 	0.0004610805 	0.0004610801 	0.0004610801
	-3.2447391395 	0.0010170153 	0.0007320791 	0.0007320785 	0.0007320785
	-3.2196868407 	0.0015876199 	0.0011428179 	0.0011428170 	0.0011428171
	-3.1946345419 	0.0024367075 	0.0017540174 	0.0017540160 	0.0017540162
	-3.1695822431 	0.0036770375 	0.0026468454 	0.0026468431 	0.0026468436
	-3.1445299442 	0.0054554494 	0.0039270012 	0.0039269978 	0.0039269987
	-3.1194776454 	0.0079579426 	0.0057283732 	0.0057283682 	0.0057283697
	-3.0944253466 	0.0114132381 	0.0082156018 	0.0082155945 	0.0082155969
	-3.0693730478 	0.0160936575 	0.0115847123 	0.0115847020 	0.0115847058
	-3.0443207490 	0.0223119966 	0.0160608650 	0.0160608506 	0.0160608563
	-3.0192684502 	0.0304130460 	0.0218922507 	0.0218922308 	0.0218922394
	-2.9942161513 	0.0407585950 	0.0293392964 	0.0293392696 	0.0293392822
	-2.9691638525 	0.0537051944 	0.0386586587 	0.0386586230 	0.0386586409
	-2.9441115537 	0.0695746747 	0.0500820007 	0.0500819541 	0.0500819790
	-2.9190592549 	0.0886183947 	0.0637902584 	0.0637901986 	0.0637902324
	-2.8940069561 	0.1109773565 	0.0798849294 	0.0798848538 	0.0798848989
	-2.8689546573 	0.1366415171 	0.0983587844 	0.0983586905 	0.0983587495
	-2.8439023584 	0.1654126722 	0.1190691498 	0.1190690352 	0.1190691106
	-2.8188500596 	0.1968759573 	0.1417173932 	0.1417172556 	0.1417173503
	-2.7937977608 	0.2303851016 	0.1658383090 	0.1658381466 	0.1658382631
	-2.7687454620 	0.2650659252 	0.1908026353 	0.1908024470 	0.1908025876
	-2.7436931632 	0.2998411365 	0.2158349047 	0.2158346898 	0.2158348564
	-2.7186408643 	0.3334773424 	0.2400472824 	0.2400470415 	0.2400472350
	-2.6935885655 	0.3646525467 	0.2624881549 	0.2624878894 	0.2624881100
	-2.6685362667 	0.3920396321 	0.2822022224 	0.2822019345 	0.2822021814
	-2.6434839679 	0.4143988082 	0.2982970454 	0.2982967387 	0.2982970099
	-2.6184316691 	0.4306702032 	0.3100096956 	0.3100093743 	0.3100096669
	-2.5933793703 	0.4400570222 	0.3167666154 	0.3167662846 	0.3167665945
	-2.5683270714 	0.4420902009 	0.3182301583 	0.3182298233 	0.3182301456
	-2.5432747726 	0.4366672535 	0.3143265517 	0.3143262182 	0.3143265474
	-2.5182224738 	0.4240608342 	0.3052520605 	0.3052517342 	0.3052520644
	-2.4931701750 	0.4048960172 	0.2914566327 	0.2914563187 	0.2914566440
	-2.4681178762 	0.3800989318 	0.2736069247 	0.2736066277 	0.2736069425
	-2.4430655773 	0.3508226268 	0.2525329367 	0.2525326605 	0.2525329598
	-2.4180132785 	0.3183584239 	0.2291642017 	0.2291639492 	0.2291642287
	-2.3929609797 	0.2840422201 	0.2044623398 	0.2044621128 	0.2044623692
	-2.3679086809 	0.2491651243 	0.1793567307 	0.1793565302 	0.1793567613
	-2.3428563821 	0.2148965346 	0.1546891435 	0.1546889692 	0.1546891739
	-2.3178040833 	0.1822255934 	0.1311715931 	0.1311714442 	0.1311716223
	-2.2927517844 	0.1519242625 	0.1093597614 	0.1093596365 	0.1093597887
	-2.2676994856 	0.1245324991 	0.0896423263 	0.0896422231 	0.0896423509
	-2.2426471868 	0.1003635635 	0.0722447820 	0.0722446982 	0.0722448038
	-2.2175948880 	0.0795256532 	0.0572450125 	0.0572449457 	0.0572450313
	-2.1925425892 	0.0619549798 	0.0445971008 	0.0445970484 	0.0445971166
	-2.1674902904 	0.0474551114 	0.0341596492 	0.0341596087 	0.0341596622
	-2.1424379915 	0.0357377806 	0.0257251538 	0.0257251231 	0.0257251642
	-2.1173856927 	0.0264612260 	0.0190476043 	0.0190475814 	0.0190476125
	-2.0923333939 	0.0192632760 	0.0138662985 	0.0138662817 	0.0138663048
	-2.0672810951 	0.0137875829 	0.0099247261 	0.0099247140 	0.0099247309
	-2.0422287963 	0.0097025062 	0.0069841622 	0.0069841537 	0.0069841658
	-2.0171764974 	0.0067130135 	0.0048322335 	0.0048322275 	0.0048322361
	-1.9921241986 	0.0045665574 	0.0032871484 	0.0032871443 	0.0032871502
	-1.9670718998 	0.0030542045 	0.0021985103 	0.0021985075 	0.0021985116
	-1.9420196010 	0.0020083765 	0.0014456911 	0.0014456893 	0.0014456920
	-1.9169673022 	0.0012984640 	0.0009346743 	0.0009346731 	0.0009346749
	-1.8919150034 	0.0008253773 	0.0005941320 	0.0005941312 	0.0005941324
	-1.8668627045 	0.0005158375 	0.0003713157 	0.0003713152 	0.0003713160
	-1.8418104057 	0.0003169649 	0.0002281611 	0.0002281608 	0.0002281612
	-1.8167581069 	0.0001914905 	0.0001378407 	0.0001378405 	0.0001378408
	-1.7917058081 	0.0001137420 	0.0000818750 	0.0000818749 	0.0000818751
	-1.7666535093 	0.0000664252 	0.0000478149 	0.0000478148 	0.0000478149
	-1.7416012105 	0.0000381401 	0.0000274544 	0.0000274544 	0.0000274545
	-1.7165489116 	0.0000215313 	0.0000154989 	0.0000154988 	0.0000154989
	-1.6914966128 	0.0000119507 	0.0000086025 	0.0000086025 	0.0000086025
	-1.6664443140 	0.0000065216 	0.0000046945 	0.0000046945 	0.0000046945
	-1.6413920152 	0.0000034991 	0.0000025188 	0.0000025188 	0.0000025188
	-1.6163397164 	0.0000018458 	0.0000013287 	0.0000013287 	0.0000013287
	-1.5912874175 	0.0000009574 	0.0000006891 	0.0000006891 	0.0000006891
	-1.5662351187 	0.0000004882 	0.0000003514 	0.0000003514 	0.0000003514
	-1.5411828199 	0.0000002448 	0.0000001762 	0.0000001762 	0.0000001762
	-1.5161305211 	0.0000001207 	0.0000000868 	0.0000000868 	0.0000000868
	-1.4910782223 	0.0000000585 	0.0000000421 	0.0000000421 	0.0000000421
	-1.4660259235 	0.0000000279 	0.0000000201 	0.0000000201 	0.0000000201
	-1.4409736246 	0.0000000131 	0.0000000094 	0.0000000094 	0.0000000094
	-1.4159213258 	0.0000000060 	0.0000000043 	0.0000000043 	0.0000000043
	-1.3908690270 	0.0000000027 	0.0000000020 	0.0000000020 	0.0000000020
	-1.3658167282 	0.0000000013 	0.0000000010 	0.0000000010 	0.0000000010
	-1.3407644294 	0.0000000006 	0.0000000006 	0.0000000006 	0.0000000006
	-1.3157121306 	0.0000000005 	0.0000000007 	0.0000000007 	0.0000000007
	-1.2906598317 	0.0000000006 	0.0000000013 	0.0000000013 	0.0000000013
	-1.2656075329 	0.0000000012 	0.0000000027 	0.0000000027 	0.0000000027
	-1.2405552341 	0.0000000024 	0.0000000057 	0.0000000057 	0.0000000057
	-1.2155029353 	0.0000000051 	0.0000000120 	0.0000000120 	0.0000000120
	-1.1904506365 	0.0000000105 	0.0000000248 	0.0000000248 	0.0000000248
	-1.1653983376 	0.0000000215 	0.0000000505 	0.0000000505 	0.0000000505
	-1.1403460388 	0.0000000430 	0.0000001012 	0.0000001012 	0.0000001012
	-1.1152937400 	0.0000000848 	0.0000001993 	0.0000001993 	0.0000001993
	-1.0902414412 	0.0000001643 	0.0000003861 	0.0000003861 	0.0000003861
	-1.0651891424 	0.0000003129 	0.0000007354 	0.0000007354 	0.0000007354
	-1.0401368436 	0.0000005859 	0.0000013771 	0.0000013771 	0.0000013771
	-1.0150845447 	0.0000010786 	0.0000025353 	0.0000025353 	0.0000025353
	-0.9900322459 	0.0000019524 	0.0000045892 	0.0000045892 	0.0000045892
	-0.9649799471 	0.0000034746 	0.0000081674 	0.0000081673 	0.0000081673
	-0.9399276483 	0.0000060798 	0.0000142909 	0.0000142909 	0.0000142909
	-0.9148753495 	0.0000104594 	0.0000245854 	0.0000245854 	0.0000245854
	-0.8898230507 	0.0000176913 	0.0000415846 	0.0000415845 	0.0000415845
	-0.8647707518 	0.0000294207 	0.0000691553 	0.0000691552 	0.0000691552
	-0.8397184530 	0.0000481042 	0.0001130723 	0.0001130721 	0.0001130721
	-0.8146661542 	0.0000773306 	0.0001817712 	0.0001817707 	0.0001817708
	-0.7896138554 	0.0001222243 	0.0002872974 	0.0002872967 	0.0002872968
	-0.7645615566 	0.0001899335 	0.0004464536 	0.0004464525 	0.0004464527
	-0.7395092577 	0.0002901907 	0.0006821176 	0.0006821160 	0.0006821163
	-0.7144569589 	0.0004359164 	0.0010246618 	0.0010246593 	0.0010246598
	-0.6894046601 	0.0006438146 	0.0015133537 	0.0015133500 	0.0015133507
	-0.6643523613 	0.0009348813 	0.0021975527 	0.0021975474 	0.0021975484
	-0.6393000625 	0.0013347200 	0.0031374560 	0.0031374484 	0.0031374498
	-0.6142477637 	0.0018735360 	0.0044040902 	0.0044040795 	0.0044040815
	-0.5891954648 	0.0025856650 	0.0060782149 	0.0060782000 	0.0060782028
	-0.5641431660 	0.0035084965 	0.0082478109 	0.0082477908 	0.0082477945
	-0.5390908672 	0.0046806781 	0.0110038928 	0.0110038660 	0.0110038710
	-0.5140385684 	0.0061395410 	0.0144345145 	0.0144344792 	0.0144344858
	-0.4889862696 	0.0079177751 	0.0186170445 	0.0186169990 	0.0186170075
	-0.4639339708 	0.0100394879 	0.0236090534 	0.0236089957 	0.0236090064
	-0.4388816719 	0.0125159139 	0.0294384624 	0.0294383906 	0.0294384039
	-0.4138293731 	0.0153411632 	0.0360939112 	0.0360938230 	0.0360938394
	-0.3887770743 	0.0184885040 	0.0435165584 	0.0435164521 	0.0435164717
	-0.3637247755 	0.0219077301 	0.0515946811 	0.0515945550 	0.0515945782
	-0.3386724767 	0.0255241575 	0.0601624285 	0.0601622813 	0.0601623083
	-0.3136201778 	0.0292397006 	0.0690038847 	0.0690037156 	0.0690037465
	-0.2885678790 	0.0329363086 	0.0778631824 	0.0778629913 	0.0778630261
	-0.2635155802 	0.0364817900 	0.0864608162 	0.0864606034 	0.0864606418
	-0.2384632814 	0.0397377686 	0.0945155764 	0.0945153429 	0.0945153846
	-0.2134109826 	0.0425692084 	0.1017707532 	0.1017705005 	0.1017705449
	-0.1883586838 	0.0448546905 	0.1080225421 	0.1080222721 	0.1080223187
	-0.1633063849 	0.0464964462 	0.1131480191 	0.1131477336 	0.1131477815
	-0.1382540861 	0.0474290885 	0.1171297322 	0.1171294330 	0.1171294815
	-0.1132017873 	0.0476260648 	0.1200739395 	0.1200736277 	0.1200736760
	-0.0881494885 	0.0471030554 	0.1222198143 	0.1222194901 	0.1222195376
	-0.0630971897 	0.0459178572 	0.1239375378 	0.1239372003 	0.1239372464
	-0.0380448909 	0.0441666712 	0.1257140385 	0.1257136851 	0.1257137296
	-0.0129925920 	0.0419770977 	0.1281261538 	0.1281257803 	0.1281258234
	0.0120597068 	0.0394984939 	0.1318020996 	0.1318017001 	0.1318017424
	0.0371120056 	0.0368906091 	0.1373732553 	0.1373728221 	0.1373728646
	0.0621643044 	0.0343115595 	0.1454193337 	0.1454188579 	0.1454189023
	0.0872166032 	0.0319062321 	0.1564109295 	0.1564104013 	0.1564104499
	0.1122689021 	0.0297961079 	0.1706541488 	0.1706535579 	0.1706536137
	0.1373212009 	0.0280713181 	0.1882424309 	0.1882417677 	0.1882418339
	0.1623734997 	0.0267854920 	0.2090206901 	0.2090199463 	0.2090200267
	0.1874257985 	0.0259536883 	0.2325664376 	0.2325656070 	0.2325657056
	0.2124780973 	0.0255534211 	0.2581915336 	0.2581906129 	0.2581907337
	0.2375303961 	0.0255285434 	0.2849666609 	0.2849656506 	0.2849657972
	0.2625826950 	0.0257955404 	0.3117685709 	0.3117674753 	0.3117676507
	0.2876349938 	0.0262516171 	0.3373477981 	0.3373466259 	0.3373468323
	0.3126872926 	0.0267838545 	0.3604121385 	0.3604109022 	0.3604111407
	0.3377395914 	0.0272786570 	0.3797190472 	0.3797177632 	0.3797180334
	0.3627918902 	0.0276307126 	0.3941685874 	0.3941672747 	0.3941675749
	0.3878441890 	0.0277507603 	0.4028879383 	0.4028866179 	0.4028869449
	0.4128964879 	0.0275715755 	0.4052989308 	0.4052976245 	0.4052979737
	0.4379487867 	0.0270517662 	0.4011616458 	0.4011603749 	0.4011607404
	0.4630010855 	0.0261771796 	0.3905896260 	0.3905884102 	0.3905887856
	0.4880533843 	0.0249599534 	0.3740353951 	0.3740342517 	0.3740346298
	0.5131056831 	0.0234354654 	0.3522483064 	0.3522472494 	0.3522476228
	0.5381579820 	0.0216576259 	0.3262097844 	0.3262088239 	0.3262091858
	0.5632102808 	0.0196930896 	0.2970533413 	0.2970524833 	0.2970528277
	0.5882625796 	0.0176150266 	0.2659780381 	0.2659772850 	0.2659776064
	0.6133148784 	0.0154970766 	0.2341641836 	0.2341635337 	0.2341638283
	0.6383671772 	0.0134080266 	0.2026990759 	0.2026985248 	0.2026987897
	0.6634194760 	0.0114076140 	0.1725187279 	0.1725182687 	0.1725185026
	0.6884717749 	0.0095436863 	0.1443691077 	0.1443687317 	0.1443689344
	0.7135240737 	0.0078507753 	0.1187878816 	0.1187875792 	0.1187877515
	0.7385763725 	0.0063499839 	0.0961053252 	0.0961050862 	0.0961052299
	0.7636286713 	0.0050499664 	0.0764612622 	0.0764610770 	0.0764611942
	0.7886809701 	0.0039487047 	0.0598337691 	0.0598336284 	0.0598337217
	0.8137332689 	0.0030357591 	0.0460749748 	0.0460748707 	0.0460749424
	0.8387855678 	0.0022946888 	0.0349495269 	0.0349494524 	0.0349495048
	0.8638378666 	0.0017053844 	0.0261720074 	0.0261719570 	0.0261719916
	0.8888901654 	0.0012461246 	0.0194405802 	0.0194405501 	0.0194405675
	0.9139424642 	0.0008952421 	0.0144652232 	0.0144652108 	0.0144652107
	0.9389947630 	0.0006323518 	0.0109898671 	0.0109898716 	0.0109898523
	0.9640470619 	0.0004391529 	0.0088085203 	0.0088085428 	0.0088085007
	0.9890993607 	0.0002998550 	0.0077759255 	0.0077759684 	0.0077758983
	1.0141516595 	0.0002013006 	0.0078134758 	0.0078135438 	0.0078134380
	1.0392039583 	0.0001328669 	0.0089110517 	0.0089111512 	0.0089110000
	1.0642562571 	0.0000862237 	0.0111251959 	0.0111253353 	0.0111251264
	1.0893085559 	0.0000550142 	0.0145737205 	0.0145739104 	0.0145736294
	1.1143608548 	0.0000345112 	0.0194265412 	0.0194267940 	0.0194264244
	1.1394131536 	0.0000212855 	0.0258923406 	0.0258926701 	0.0258921942
	1.1644654524 	0.0000129076 	0.0342006694 	0.0342010906 	0.0342004903
	1.1895177512 	0.0000076956 	0.0445793375 	0.0445798659 	0.0445791238
	1.2145700500 	0.0000045111 	0.0572274396 	0.0572280898 	0.0572271912
	1.2396223488 	0.0000025999 	0.0722850649 	0.0722858501 	0.0722847843
	1.2646746477 	0.0000014732 	0.0898015777 	0.0898025078 	0.0898012704
	1.2897269465 	0.0000008208 	0.1097051774 	0.1097062580 	0.1097048527
	1.3147792453 	0.0000004496 	0.1317771154 	0.1317783464 	0.1317767862
	1.3398315441 	0.0000002421 	0.1556342672 	0.1556356419 	0.1556339503
	1.3648838429 	0.0000001282 	0.1807236101 	0.1807251144 	0.1807233256
	1.3899361418 	0.0000000667 	0.2063314311 	0.2063330436 	0.2063312016
	1.4149884406 	0.0000000342 	0.2316088073 	0.2316104995 	0.2316086568
	1.4400407394 	0.0000000172 	0.2556131439 	0.2556148813 	0.2556130959
	1.4650930382 	0.0000000085 	0.2773635476 	0.2773652917 	0.2773636237
	1.4901453370 	0.0000000041 	0.2959058279 	0.2959075379 	0.2959060457
	1.5151976358 	0.0000000020 	0.3103812775 	0.3103829132 	0.3103816494
	1.5402499347 	0.0000000009 	0.3200923861 	0.3200939100 	0.3200929176
	1.5653022335 	0.0000000004 	0.3245584993 	0.3245598793 	0.3245591882
	1.5903545323 	0.0000000002 	0.3235552401 	0.3235564512 	0.3235560765
	1.6154068311 	0.0000000001 	0.3171331888 	0.3171342144 	0.3171341551
	1.6404591299 	0.0000000000 	0.3056136551 	0.3056144879 	0.3056147276
	1.6655114287 	0.0000000000 	0.2895620343 	0.2895626760 	0.2895631842
	1.6905637276 	0.0000000000 	0.2697418219 	0.2697422824 	0.2697430178
	1.7156160264 	0.0000000000 	0.2470544936 	0.2470547896 	0.2470557030
	1.7406683252 	0.0000000000 	0.2224718330 	0.2224719863 	0.2224730249
	1.7657206240 	0.0000000000 	0.1969677463 	0.1969677818 	0.1969688926
	1.7907729228 	0.0000000000 	0.1714561279 	0.1714560715 	0.1714572050
	1.8158252217 	0.0000000000 	0.1467400747 	0.1467399517 	0.1467410643
	1.8408775205 	0.0000000000 	0.1234759353 	0.1234757690 	0.1234768251
	1.8659298193 	0.0000000000 	0.1021536450 	0.1021534554 	0.1021544283
	1.8909821181 	0.0000000000 	0.0830928360 	0.0830926395 	0.0830935116
	1.9160344169 	0.0000000000 	0.0664526034 	0.0664524124 	0.0664531743
	1.9410867157 	0.0000000000 	0.0522516989 	0.0522515222 	0.0522521720
	1.9661390146 	0.0000000000 	0.0403954073 	0.0403952501 	0.0403957917
	1.9911913134 	0.0000000000 	0.0307053774 	0.0307052423 	0.0307056837
	2.0162436122 	0.0000000000 	0.0229491482 	0.0229490355 	0.0229493875
	2.0412959110 	0.0000000000 	0.0168668606 	0.0168667693 	0.0168670441
	2.0663482098 	0.0000000000 	0.0121935255 	0.0121934534 	0.0121936634
	2.0914005086 	0.0000000000 	0.0086760837 	0.0086760281 	0.0086761851
	2.1164528075 	0.0000000000 	0.0060852331 	0.0060851914 	0.0060853060
	2.1415051063 	0.0000000000 	0.0042225533 	0.0042225228 	0.0042226039
	2.1665574051 	0.0000000000 	0.0029237996 	0.0029237780 	0.0029238329
	2.1916097039 	0.0000000000 	0.0020593923 	0.0020593776 	0.0020594120
	2.2166620027 	0.0000000000 	0.0015331093 	0.0015331001 	0.0015331178
	2.2417143016 	0.0000000000 	0.0012798647 	0.0012798599 	0.0012798630
	2.2667666004 	0.0000000000 	0.0012632498 	0.0012632488 	0.0012632380
	2.2918188992 	0.0000000000 	0.0014732780 	0.0014732805 	0.0014732549
	2.3168711980 	0.0000000000 	0.0019245265 	0.0019245326 	0.0019244899
	2.3419234968 	0.0000000000 	0.0026546411 	0.0026546516 	0.0026545880
	2.3669757956 	0.0000000000 	0.0037229662 	0.0037229818 	0.0037228922
	2.3920280945 	0.0000000000 	0.0052089017 	0.0052089237 	0.0052088017
	2.4170803933 	0.0000000000 	0.0072094841 	0.0072095142 	0.0072093523
	2.4421326921 	0.0000000000 	0.0098356502 	0.0098356902 	0.0098354804
	2.4671849909 	0.0000000000 	0.0132066857 	0.0132067379 	0.0132064716
	2.4922372897 	0.0000000000 	0.0174425054 	0.0174425722 	0.0174422413
	2.5172895886 	0.0000000000 	0.0226536494 	0.0226537333 	0.0226533308
	2.5423418874 	0.0000000000 	0.0289292147 	0.0289293182 	0.0289288390
	2.5673941862 	0.0000000000 	0.0363233398 	0.0363234650 	0.0363229072
	2.5924464850 	0.0000000000 	0.0448412772 	0.0448414260 	0.0448407915
	2.6174987838 	0.0000000000 	0.0544264663 	0.0544266398 	0.0544259355
	2.6425510826 	0.0000000000 	0.0649502743 	0.0649504731 	0.0649497109
	2.6676033815 	0.0000000000 	0.0762061475 	0.0762063709 	0.0762055687
	2.6926556803 	0.0000000000 	0.0879097360 	0.0879099824 	0.0879091632
	2.7177079791 	0.0000000000 	0.0997061182 	0.0997063849 	0.0997055762
	2.7427602779 	0.0000000000 	0.1111845567 	0.1111848398 	0.1111840722
	2.7678125767 	0.0000000000 	0.1219003471 	0.1219006418 	0.1218999475
	2.7928648755 	0.0000000000 	0.1314023774 	0.1314026781 	0.1314020885
	2.8179171744 	0.0000000000 	0.1392641420 	0.1392644428 	0.1392639860
	2.8429694732 	0.0000000000 	0.1451152974 	0.1451155921 	0.1451152915
	2.8680217720 	0.0000000000 	0.1486705294 	0.1486708122 	0.1486706837
	2.8930740708 	0.0000000000 	0.1497526038 	0.1497528694 	0.1497529208
	2.9181263696 	0.0000000000 	0.1483070101 	0.1483072540 	0.1483074842
	2.9431786685 	0.0000000000 	0.1444065125 	0.1444067314 	0.1444071299
	2.9682309673 	0.0000000000 	0.1382450795 	0.1382452713 	0.1382458197
	2.9932832661 	0.0000000000 	0.1301218977 	0.1301220614 	0.1301227348
	3.0183355649 	0.0000000000 	0.1204173032 	0.1204174392 	0.1204182078
	3.0433878637 	0.0000000000 	0.1095633261 	0.1095634358 	0.1095642674
	3.0684401625 	0.0000000000 	0.0980120160 	0.0980121014 	0.0980129638
	3.0934924614 	0.0000000000 	0.0862047584 	0.0862048225 	0.0862056851
	3.1185447602 	0.0000000000 	0.0745454187 	0.0745454645 	0.0745463005
	3.1435970590 	0.0000000000 	0.0633794522 	0.0633794830 	0.0633802703
	3.1686493578 	0.0000000000 	0.0529802259 	0.0529802449 	0.0529809670
	3.1937016566 	0.0000000000 	0.0435428583 	0.0435428682 	0.0435435143
	3.2187539554 	0.0000000000 	0.0351850251 	0.0351850286 	0.0351855931
	3.2438062543 	0.0000000000 	0.0279535261 	0.0279535253 	0.0279540076
	3.2688585531 	0.0000000000 	0.0218349969 	0.0218349935 	0.0218353966
	3.2939108519 	0.0000000000 	0.0167690119 	0.0167690071 	0.0167693370
	3.3189631507 	0.0000000000 	0.0126619215 	0.0126619162 	0.0126621806
	3.3440154495 	0.0000000000 	0.0094000369 	0.0094000318 	0.0094002394
	3.3690677484 	0.0000000000 	0.0068611562 	0.0068611516 	0.0068613114
	3.3941200472 	0.0000000000 	0.0049238278 	0.0049238239 	0.0049239445
	3.4191723460 	0.0000000000 	0.0034741312 	0.0034741279 	0.0034742172
	3.4442246448 	0.0000000000 	0.0024100573 	0.0024100547 	0.0024101196
	3.4692769436 	0.0000000000 	0.0016437900 	0.0016437880 	0.0016438342
	3.4943292424 	0.0000000000 	0.0011023083 	0.0011023069 	0.0011023392
	3.5193815413 	0.0000000000 	0.0007267711 	0.0007267701 	0.0007267922
	3.5444338401 	0.0000000000 	0.0004711183 	0.0004711176 	0.0004711326
	3.5694861389 	0.0000000000 	0.0003002619 	0.0003002614 	0.0003002713
	3.5945384377 	0.0000000000 	0.0001881517 	0.0001881514 	0.0001881578
	3.6195907365 	0.0000000000 	0.0001159188 	0.0001159186 	0.0001159227
	3.6446430353 	0.0000000000 	0.0000702162 	0.0000702161 	0.0000702187
	3.6696953342 	0.0000000000 	0.0000418176 	0.0000418175 	0.0000418191
	3.6947476330 	0.0000000000 	0.0000244860 	0.0000244860 	0.0000244869
	3.7197999318 	0.0000000000 	0.0000140966 	0.0000140966 	0.0000140972
	3.7448522306 	0.0000000000 	0.0000079790 	0.0000079790 	0.0000079793
	3.7699045294 	0.0000000000 	0.0000044404 	0.0000044404 	0.0000044406
	3.7949568283 	0.0000000000 	0.0000024296 	0.0000024296 	0.0000024297
	3.8200091271 	0.0000000000 	0.0000013070 	0.0000013070 	0.0000013071
	3.8450614259 	0.0000000000 	0.0000006913 	0.0000006913 	0.0000006913
	3.8701137247 	0.0000000000 	0.0000003595 	0.0000003595 	0.0000003595
	3.8951660235 	0.0000000000 	0.0000001838 	0.0000001838 	0.0000001838
	3.9202183223 	0.0000000000 	0.0000000925 	0.0000000925 	0.0000000925
	3.9452706212 	0.0000000001 	0.0000000459 	0.0000000459 	0.0000000459
	3.9703229200 	0.0000000002 	0.0000000226 	0.0000000226 	0.0000000226
	3.9953752188 	0.0000000004 	0.0000000116 	0.0000000116 	0.0000000116
	4.0204275176 	0.0000000009 	0.0000000071 	0.0000000071 	0.0000000071
	4.0454798164 	0.0000000019 	0.0000000069 	0.0000000069 	0.0000000069
	4.0705321152 	0.0000000040 	0.0000000107 	0.0000000107 	0.0000000107
	4.0955844141 	0.0000000083 	0.0000000205 	0.0000000205 	0.0000000205
	4.1206367129 	0.0000000171 	0.0000000412 	0.0000000412 	0.0000000412
	4.1456890117 	0.0000000344 	0.0000000826 	0.0000000826 	0.0000000826
	4.1707413105 	0.0000000682 	0.0000001630 	0.0000001630 	0.0000001630
	4.1957936093 	0.0000001329 	0.0000003167 	0.0000003167 	0.0000003167
	4.2208459082 	0.0000002545 	0.0000006050 	0.0000006050 	0.0000006050
	4.2458982070 	0.0000004794 	0.0000011365 	0.0000011365 	0.0000011365
	4.2709505058 	0.0000008877 	0.0000020992 	0.0000020992 	0.0000020991
	4.2960028046 	0.0000016163 	0.0000038124 	0.0000038124 	0.0000038121
	4.3210551034 	0.0000028938 	0.0000068077 	0.0000068078 	0.0000068073
	4.3461074022 	0.0000050941 	0.0000119527 	0.0000119528 	0.0000119520
	4.3711597011 	0.0000088175 	0.0000206345 	0.0000206347 	0.0000206333
	4.3962119999 	0.0000150070 	0.0000350256 	0.0000350259 	0.0000350236
	4.4212642987 	0.0000251139 	0.0000584575 	0.0000584581 	0.0000584544
	4.4463165975 	0.0000413244 	0.0000959311 	0.0000959320 	0.0000959262
	4.4713688963 	0.0000668607 	0.0001547898 	0.0001547913 	0.0001547822
	4.4964211951 	0.0001063670 	0.0002455782 	0.0002455804 	0.0002455665
	4.5214734940 	0.0001663854 	0.0003830908 	0.0003830940 	0.0003830733
	4.5465257928 	0.0002559152 	0.0005875954 	0.0005876000 	0.0005875696
	4.5715780916 	0.0003870342 	0.0008861763 	0.0008861828 	0.0008861389
	4.5966303904 	0.0005755398 	0.0013140960 	0.0013141051 	0.0013140430
	4.6216826892 	0.0008415388 	0.0019160181 	0.0019160305 	0.0019159442
	4.6467349881 	0.0012098898 	0.0027468686 	0.0027468850 	0.0027467674
	4.6717872869 	0.0017103714 	0.0038720607 	0.0038720820 	0.0038719247
	4.6968395857 	0.0023774322 	0.0053667661 	0.0053667930 	0.0053665869
	4.7218918845 	0.0032493689 	0.0073139106 	0.0073139440 	0.0073136788
	4.7469441833 	0.0043667983 	0.0098006152 	0.0098006555 	0.0098003212
	4.7719964821 	0.0057703292 	0.0129129055 	0.0129129527 	0.0129125398
	4.7970487810 	0.0074974131 	0.0167286842 	0.0167287378 	0.0167282381
	4.8221010798 	0.0095784616 	0.0213091926 	0.0213092513 	0.0213086594
	4.8471533786 	0.0120324376 	0.0266894631 	0.0266895246 	0.0266888386
	4.8722056774 	0.0148622670 	0.0328685490 	0.0328686103 	0.0328678328
	4.8972579762 	0.0180505376 	0.0398005711 	0.0398006278 	0.0397997672
	4.9223102750 	0.0215560362 	0.0473877806 	0.0473878276 	0.0473868982
	4.9473625739 	0.0253117043 	0.0554768694 	0.0554769005 	0.0554759228
	4.9724148727 	0.0292245361 	0.0638596077 	0.0638596162 	0.0638586164
	4.9974671715 	0.0331778047 	0.0722785584 	0.0722785374 	0.0722775466
	5.0225194703 	0.0370357776 	0.0804381105 	0.0804380533 	0.0804371055
	5.0475717691 	0.0406508008 	0.0880204502 	0.0880203510 	0.0880194814
	5.0726240680 	0.0438723168 	0.0947054252 	0.0947052794 	0.0947045221
	5.0976763668 	0.0465570937 	0.1001926530 	0.1001924579 	0.1001918431
	5.1227286656 	0.0485797169 	0.1042237834 	0.1042235384 	0.1042230904
	5.1477809644 	0.0498422816 	0.1066026308 	0.1066023376 	0.1066020729
	5.1728332632 	0.0502822440 	0.1072109954 	0.1072106580 	0.1072105840
	5.1978855620 	0.0498775564 	0.1060183971 	0.1060180219 	0.1060181364
	5.2229378609 	0.0486484984 	0.1030846068 	0.1030842020 	0.1030844935
	5.2479901597 	0.0466559925 	0.0985546813 	0.0985542565 	0.0985547051
	5.2730424585 	0.0439965991 	0.0926470771 	0.0926466427 	0.0926472219
	5.2980947573 	0.0407947636 	0.0856361983 	0.0856357646 	0.0856364436
	5.3231470561 	0.0371931808 	0.0778313190 	0.0778308960 	0.0778316417
	5.3481993549 	0.0333423152 	0.0695541287 	0.0695537251 	0.0695545049
	5.3732516538 	0.0293901399 	0.0611171514 	0.0611167747 	0.0611175580
	5.3983039526 	0.0254730505 	0.0528050075 	0.0528046632 	0.0528054235
	5.4233562514 	0.0217086885 	0.0448599797 	0.0448596713 	0.0448603871
	5.4484085502 	0.0181911212 	0.0374727129 	0.0374724422 	0.0374730975
	5.4734608490 	0.0149885117 	0.0307782151 	0.0307779822 	0.0307785669
	5.4985131479 	0.0121431296 	0.0248567354 	0.0248565389 	0.0248570479
	5.5235654467 	0.0096733238 	0.0197386404 	0.0197384777 	0.0197389107
	5.5486177455 	0.0075769374 	0.0154121415 	0.0154120094 	0.0154123696
	5.5736700443 	0.0058355856 	0.0118326348 	0.0118325295 	0.0118328227
	5.5987223431 	0.0044192427 	0.0089324946 	0.0089324123 	0.0089326460
	5.6237746419 	0.0032906659 	0.0066303583 	0.0066302951 	0.0066304776
	5.6488269408 	0.0024093071 	0.0048392078 	0.0048391601 	0.0048392997
	5.6738792396 	0.0017344941 	0.0034728391 	0.0034728038 	0.0034729086
	5.6989315384 	0.0012277944 	0.0024505765 	0.0024505509 	0.0024506280
	5.7239838372 	0.0008545756 	0.0017002985 	0.0017002802 	0.0017003358
	5.7490361360 	0.0005848536 	0.0011599932 	0.0011599804 	0.0011600198
	5.7740884348 	0.0003935643 	0.0007781426 	0.0007781338 	0.0007781612
	5.7991407337 	0.0002604088 	0.0005132590 	0.0005132531 	0.0005132717
	5.8241930325 	0.0001694210 	0.0003328802 	0.0003328762 	0.0003328887
	5.8492453313 	0.0001083802 	0.0002122826 	0.0002122800 	0.0002122882
	5.8742976301 	0.0000681716 	0.0001331126 	0.0001331110 	0.0001331163
	5.8993499289 	0.0000421627 	0.0000820757 	0.0000820746 	0.0000820780
	5.9244022278 	0.0000256404 	0.0000497668 	0.0000497662 	0.0000497683
	5.9494545266 	0.0000153317 	0.0000296848 	0.0000296844 	0.0000296856
	5.9745068254 	0.0000090142 	0.0000174367 	0.0000174364 	0.0000174372
	5.9995591242 	0.0000052111 	0.0000101232 	0.0000101231 	0.0000101236
	6.0246114230 	0.0000029622 	0.0000058803 	0.0000058802 	0.0000058805
	6.0496637218 	0.0000016556 	0.0000035503 	0.0000035503 	0.0000035504
	6.0747160207 	0.0000009099 	0.0000024582 	0.0000024582 	0.0000024582
	6.0997683195 	0.0000004917 	0.0000022696 	0.0000022697 	0.0000022696
	6.1248206183 	0.0000002612 	0.0000029148 	0.0000029151 	0.0000029149
	6.1498729171 	0.0000001365 	0.0000045687 	0.0000045692 	0.0000045688
	6.1749252159 	0.0000000701 	0.0000076821 	0.0000076829 	0.0000076822
	6.1999775147 	0.0000000354 	0.0000130671 	0.0000130684 	0.0000130673
	6.2250298136 	0.0000000176 	0.0000220423 	0.0000220444 	0.0000220426
	6.2500821124 	0.0000000086 	0.0000366504 	0.0000366539 	0.0000366509
	6.2751344112 	0.0000000041 	0.0000599603 	0.0000599658 	0.0000599612
	6.3001867100 	0.0000000019 	0.0000964676 	0.0000964762 	0.0000964689
	6.3252390088 	0.0000000009 	0.0001526037 	0.0001526167 	0.0001526057
	6.3502913077 	0.0000000004 	0.0002373527 	0.0002373722 	0.0002373558
	6.3753436065 	0.0000000002 	0.0003629640 	0.0003629928 	0.0003629686
	6.4003959053 	0.0000000001 	0.0005457219 	0.0005457636 	0.0005457287
	6.4254482041 	0.0000000000 	0.0008067097 	0.0008067689 	0.0008067196
	6.4505005029 	0.0000000000 	0.0011724680 	0.0011725507 	0.0011724821
	6.4755528017 	0.0000000000 	0.0016754157 	0.0016755288 	0.0016754354
	6.5006051006 	0.0000000000 	0.0023538672 	0.0023540190 	0.0023538942
	6.5256573994 	0.0000000000 	0.0032514654 	0.0032516653 	0.0032515019
	6.5507096982 	0.0000000000 	0.0044158480 	0.0044161064 	0.0044158964
	6.5757619970 	0.0000000000 	0.0058963995 	0.0058967268 	0.0058964627
	6.6008142958 	0.0000000000 	0.0077410075 	0.0077414141 	0.0077410885
	6.6258665946 	0.0000000000 	0.0099918494 	0.0099923443 	0.0099919513
	6.6509188935 	0.0000000000 	0.0126803743 	0.0126809644 	0.0126805004
	6.6759711923 	0.0000000000 	0.0158218066 	0.0158224954 	0.0158219598
	6.7010234911 	0.0000000000 	0.0194096574 	0.0194104443 	0.0194098404
	6.7260757899 	0.0000000000 	0.0234108656 	0.0234117447 	0.0234110803
	6.7511280887 	0.0000000000 	0.0277622639 	0.0277632232 	0.0277625113
	6.7761803876 	0.0000000001 	0.0323690600 	0.0323700816 	0.0323693401
	6.8012326864 	0.0000000002 	0.0371059111 	0.0371069712 	0.0371062228
	6.8262849852 	0.0000000004 	0.0418209524 	0.0418220219 	0.0418212929
	6.8513372840 	0.0000000008 	0.0463428293 	0.0463438758 	0.0463431947
	6.8763895828 	0.0000000017 	0.0504904200 	0.0504914089 	0.0504908051
	6.9014418816 	0.0000000035 	0.0540845527 	0.0540854501 	0.0540849513
	6.9264941805 	0.0000000071 	0.0569607028 	0.0569614774 	0.0569611079
	6.9515464793 	0.0000000141 	0.0589814311 	0.0589820566 	0.0589818354
	6.9765987781 	0.0000000277 	0.0600472613 	0.0600477183 	0.0600476575
	7.0016510769 	0.0000000534 	0.0601047997 	0.0601050773 	0.0601051808
	7.0267033757 	0.0000001013 	0.0591511764 	0.0591512725 	0.0591515363
	7.0517556745 	0.0000001888 	0.0572342959 	0.0572342175 	0.0572346294
	7.0768079734 	0.0000003461 	0.0544488716 	0.0544486340 	0.0544491748
	7.1018602722 	0.0000006236 	0.0509287073 	0.0509283326 	0.0509289778
	7.1269125710 	0.0000011049 	0.0468361109 	0.0468356262 	0.0468363476
	7.1519648698 	0.0000019245 	0.0423496200 	0.0423490550 	0.0423498232
	7.1770171686 	0.0000032959 	0.0376513462 	0.0376507313 	0.0376515171
	7.2020694675 	0.0000055498 	0.0329151988 	0.0329145628 	0.0329153396
	7.2271217663 	0.0000091877 	0.0282970463 	0.0282964152 	0.0282971599
	7.2521740651 	0.0000149546 	0.0239275582 	0.0239269535 	0.0239276478
	7.2772263639 	0.0000239322 	0.0199080944 	0.0199075327 	0.0199081633
	7.3022786627 	0.0000376554 	0.0163096350 	0.0163091278 	0.0163096867
	7.3273309615 	0.0000582520 	0.0131744211 	0.0131739750 	0.0131744584
	7.3523832604 	0.0000885996 	0.0105197320 	0.0105193492 	0.0105197577
	7.3774355592 	0.0001324922 	0.0083430946 	0.0083427738 	0.0083431108
	7.4024878580 	0.0001947990 	0.0066281754 	0.0066279128 	0.0066281839
	7.4275401568 	0.0002815924 	0.0053506611 	0.0053504508 	0.0053506631
	7.4525924556 	0.0004002147 	0.0044835347 	0.0044833702 	0.0044835308
	7.4776447545 	0.0005592459 	0.0040013025 	0.0040011768 	0.0040012931
	7.5026970533 	0.0007683348 	0.0038828780 	0.0038827845 	0.0038828630
	7.5277493521 	0.0010378532 	0.0041129798 	0.0041129123 	0.0041129588
	7.5528016509 	0.0013783489 	0.0046820347 	0.0046819880 	0.0046820072
	7.5778539497 	0.0017997834 	0.0055847010 	0.0055846706 	0.0055846662
	7.6029062485 	0.0023105698 	0.0068172275 	0.0068172100 	0.0068171848
	7.6279585474 	0.0029164581 	0.0083739632 	0.0083739559 	0.0083739119
	7.6530108462 	0.0036193469 	0.0102434078 	0.0102434086 	0.0102433474
	7.6780631450 	0.0044161364 	0.0124042600 	0.0124042675 	0.0124041904
	7.7031154438 	0.0052977633 	0.0148219542 	0.0148219674 	0.0148218757
	7.7281677426 	0.0062485669 	0.0174461740 	0.0174461922 	0.0174460872
	7.7532200414 	0.0072461297 	0.0202097774 	0.0202098001 	0.0202096836
	7.7782723403 	0.0082617033 	0.0230294609 	0.0230294876 	0.0230293615
	7.8033246391 	0.0092612774 	0.0258083222 	0.0258083527 	0.0258082195
	7.8283769379 	0.0102072798 	0.0284402768 	0.0284403106 	0.0284401731
	7.8534292367 	0.0110608114 	0.0308160504 	0.0308160871 	0.0308159482
	7.8784815355 	0.0117842469 	0.0328302537 	0.0328302928 	0.0328301558
	7.9035338344 	0.0123439634 	0.0343888669 	0.0343889077 	0.0343887759
	7.9285861332 	0.0127129254 	0.0354163604 	0.0354164022 	0.0354162784
	7.9536384320 	0.0128728497 	0.0358616735 	0.0358617157 	0.0358616024
	7.9786907308 	0.0128157111 	0.0357023739 	0.0357024157 	0.0357023151
	8.0037430296 	0.0125444160 	0.0349465123 	0.0349465531 	0.0349464664
	8.0287953284 	0.0120725683 	0.0336319560 	0.0336319950 	0.0336319229
	8.0538476273 	0.0114233566 	0.0318232785 	0.0318233153 	0.0318232578
	8.0788999261 	0.0106276943 	0.0296065705 	0.0296066045 	0.0296065611
	8.1039522249 	0.0097218270 	0.0270827669 	0.0270827978 	0.0270827672
	8.1290045237 	0.0087446752 	0.0243602345 	0.0243602621 	0.0243602427
	8.1540568225 	0.0077351938 	0.0215474062 	0.0215474303 	0.0215474204
	8.1791091213 	0.0067300130 	0.0187461921 	0.0187462128 	0.0187462103
	8.2041614202 	0.0057615682 	0.0160467511 	0.0160467683 	0.0160467713
	8.2292137190 	0.0048568570 	0.0135240020 	0.0135240158 	0.0135240223
	8.2542660178 	0.0040368778 	0.0112360254 	0.0112360358 	0.0112360441
	8.2793183166 	0.0033167219 	0.0092242838 	0.0092242908 	0.0092242994
	8.3043706154 	0.0027062290 	0.0075154006 	0.0075154040 	0.0075154116
	8.3294229143 	0.0022110597 	0.0061241033 	0.0061241028 	0.0061241082
	8.3544752131 	0.0018340176 	0.0050568589 	0.0050568539 	0.0050568560
	8.3795275119 	0.0015764384 	0.0043157096 	0.0043156992 	0.0043156969
	8.4045798107 	0.0014394771 	0.0039018404 	0.0039018234 	0.0039018157
	8.4296321095 	0.0014251418 	0.0038184733 	0.0038184480 	0.0038184338
	8.4546844083 	0.0015369533 	0.0040727644 	0.0040727286 	0.0040727067
	8.4797367072 	0.0017801449 	0.0046764793 	0.0046764306 	0.0046763997
	8.5047890060 	0.0021613554 	0.0056453353 	0.0056452706 	0.0056452293
	8.5298413048 	0.0026878148 	0.0069970123 	0.0069969284 	0.0069968754
	8.5548936036 	0.0033660662 	0.0087479707 	0.0087478638 	0.0087477978
	8.5799459024 	0.0042003219 	0.0109093410 	0.0109092073 	0.0109091273
	8.6049982012 	0.0051905998 	0.0134822893 	0.0134821252 	0.0134820305
	8.6300505001 	0.0063308347 	0.0164533796 	0.0164531817 	0.0164530723
	8.6551027989 	0.0076071917 	0.0197905384 	0.0197903039 	0.0197901802
	8.6801550977 	0.0089968250 	0.0234402618 	0.0234399889 	0.0234398522
	8.7052073965 	0.0104673125 	0.0273266611 	0.0273263493 	0.0273262017
	8.7302596953 	0.0119769521 	0.0313528129 	0.0313524632 	0.0313523078
	8.7553119942 	0.0134760301 	0.0354046591 	0.0354042741 	0.0354041148
	8.7803642930 	0.0149090659 	0.0393574095 	0.0393569939 	0.0393568352
	8.8054165918 	0.0162179199 	0.0430840576 	0.0430836178 	0.0430834649
	8.8304688906 	0.0173455301 	0.0464652841 	0.0464648286 	0.0464646870
	8.8555211894 	0.0182399414 	0.0493997358 	0.0493992746 	0.0493991497
	8.8805734882 	0.0188582265 	0.0518134866 	0.0518130313 	0.0518129284
	8.9056257871 	0.0191698822 	0.0536674612 	0.0536670242 	0.0536669480
	8.9306780859 	0.0191593223 	0.0549617347 	0.0549613289 	0.0549612834
	8.9557303847 	0.0188271852 	0.0557359364 	0.0557355748 	0.0557355631
	8.9807826835 	0.0181903048 	0.0560654274 	0.0560651223 	0.0560651464
	9.0058349823 	0.0172803529 	0.0560534501 	0.0560532127 	0.0560532735
	9.0308872811 	0.0161413144 	0.0558199856 	0.0558198256 	0.0558199228
	9.0559395800 	0.0148260905 	0.0554885215 	0.0554884464 	0.0554885786
	9.0809918788 	0.0133926107 	0.0551722567 	0.0551722715 	0.0551724362
	9.1060441776 	0.0118998736 	0.0549614029 	0.0549615099 	0.0549617039
	9.1310964764 	0.0104043089 	0.0549131490 	0.0549133478 	0.0549135669
	9.1561487752 	0.0089567866 	0.0550455481 	0.0550458351 	0.0550460748
	9.1812010741 	0.0076004885 	0.0553361055 	0.0553364744 	0.0553367294
	9.2062533729 	0.0063697346 	0.0557252505 	0.0557256925 	0.0557259572
	9.2313056717 	0.0052897307 	0.0561242518 	0.0561247556 	0.0561250247
	9.2563579705 	0.0043771019 	0.0564265685 	0.0564271212 	0.0564273890
	9.2814102693 	0.0036409968 	0.0565211990 	0.0565217864 	0.0565220476
	9.3064625681 	0.0030845127 	0.0563063546 	0.0563069618 	0.0563072118
	9.3315148670 	0.0027061866 	0.0557017729 	0.0557023851 	0.0557026196
	9.3565671658 	0.0025013287 	0.0546582002 	0.0546588032 	0.0546590189
	9.3816194646 	0.0024630300 	0.0531629738 	0.0531635548 	0.0531637490
	9.4066717634 	0.0025827472 	0.0512411643 	0.0512417120 	0.0512418832
	9.4317240622 	0.0028504432 	0.0489523207 	0.0489528259 	0.0489529734
	9.4567763610 	0.0032543371 	0.0463834106 	0.0463838666 	0.0463839906
	9.4818286599 	0.0037803774 	0.0436389969 	0.0436393990 	0.0436395004
	9.5068809587 	0.0044115985 	0.0408299746 	0.0408303206 	0.0408304011
	9.5319332575 	0.0051275409 	0.0380622933 	0.0380625832 	0.0380626448
	9.5569855563 	0.0059039137 	0.0354269941 	0.0354272296 	0.0354272746
	9.5820378551 	0.0067126496 	0.0329926323 	0.0329928165 	0.0329928475
	9.6070901540 	0.0075224506 	0.0308007827 	0.0308009199 	0.0308009394
	9.6321424528 	0.0082998570 	0.0288648904 	0.0288649857 	0.0288649961
	9.6571947516 	0.0090107943 	0.0271722996 	0.0271723586 	0.0271723619
	9.6822470504 	0.0096224780 	0.0256889250 	0.0256889533 	0.0256889514
	9.7072993492 	0.0101054953 	0.0243657632 	0.0243657664 	0.0243657609
	9.7323516480 	0.0104358409 	0.0231463038 	0.0231462871 	0.0231462793
	9.7574039469 	0.0105966755 	0.0219738894 	0.0219738578 	0.0219738486
	9.7824562457 	0.0105795952 	0.0207981908 	0.0207981486 	0.0207981389
	9.8075085445 	0.0103852558 	0.0195801619 	0.0195801129 	0.0195801031
	9.8325608433 	0.0100232669 	0.0182950998 	0.0182950471 	0.0182950378
	9.8576131421 	0.0095113608 	0.0169337086 	0.0169336551 	0.0169336463
	9.8826654409 	0.0088739252 	0.0155013161 	0.0155012636 	0.0155012556
	9.9077177398 	0.0081400630 	0.0140155900 	0.0140155403 	0.0140155331
	9.9327700386 	0.0073413882 	0.0125032329 	0.0125031870 	0.0125031807
	9.9578223374 	0.0065097868 	0.0109961798 	0.0109961384 	0.0109961329
	9.9828746362 	0.0056753589 	0.0095278034 	0.0095277669 	0.0095277622
	10.0079269350 	0.0048647196 	0.0081295476 	0.0081295161 	0.0081295121
	10.0329792339 	0.0040997763 	0.0068282886 	0.0068282620 	0.0068282586
	10.0580315327 	0.0033970375 	0.0056445851 	0.0056445631 	0.0056445602
	10.0830838315 	0.0027674409 	0.0045918470 	0.0045918292 	0.0045918267
	10.1081361303 	0.0022166349 	0.0036763386 	0.0036763247 	0.0036763225
	10.1331884291 	0.0017456123 	0.0028978563 	0.0028978457 	0.0028978437
	10.1582407279 	0.0013515721 	0.0022508727 	0.0022508652 	0.0022508632
	10.1832930268 	0.0010288889 	0.0017259373 	0.0017259326 	0.0017259304
	10.2083453256 	0.0007700794 	0.0013111347 	0.0013111326 	0.0013111300
	10.2333976244 	0.0005666832 	0.0009934451 	0.0009934457 	0.0009934424
	10.2584499232 	0.0004099992 	0.0007598941 	0.0007598974 	0.0007598932
	10.2835022220 	0.0002916510 	0.0005984274 	0.0005984337 	0.0005984282
	10.3085545208 	0.0002039772 	0.0004984869 	0.0004984966 	0.0004984895
	10.3336068197 	0.0001402613 	0.0004512981 	0.0004513120 	0.0004513028
	10.3586591185 	0.0000948269 	0.0004499007 	0.0004499194 	0.0004499078
	10.3837114173 	0.0000630323 	0.0004889671 	0.0004889915 	0.0004889771
	10.4087637161 	0.0000411939 	0.0005644631 	0.0005644940 	0.0005644765
	10.4338160149 	0.0000264692 	0.0006732039 	0.0006732423 	0.0006732214
	10.4588683138 	0.0000167219 	0.0008123599 	0.0008124068 	0.0008123823
	10.4839206126 	0.0000103865 	0.0009789645 	0.0009790206 	0.0009789925
	10.5089729114 	0.0000063429 	0.0011694714 	0.0011695374 	0.0011695059
	10.5340252102 	0.0000038084 	0.0013794079 	0.0013794841 	0.0013794495
	10.5590775090 	0.0000022482 	0.0016031596 	0.0016032460 	0.0016032089
	10.5841298078 	0.0000013049 	0.0018339139 	0.0018340102 	0.0018339714
	10.6091821067 	0.0000007446 	0.0020637781 	0.0020638835 	0.0020638439
	10.6342344055 	0.0000004178 	0.0022840664 	0.0022841797 	0.0022841405
	10.6592867043 	0.0000002305 	0.0024857363 	0.0024858560 	0.0024858183
	10.6843390031 	0.0000001250 	0.0026599350 	0.0026600592 	0.0026600242
	10.7093913019 	0.0000000667 	0.0027986007 	0.0027987273 	0.0027986960
	10.7344436007 	0.0000000349 	0.0028950552 	0.0028951819 	0.0028951553
	10.7594958996 	0.0000000180 	0.0029445213 	0.0029446458 	0.0029446247
	10.7845481984 	0.0000000091 	0.0029445060 	0.0029446263 	0.0029446110
	10.8096004972 	0.0000000045 	0.0028950034 	0.0028951173 	0.0028951081
	10.8346527960 	0.0000000022 	0.0027984918 	0.0027985979 	0.0027985946
	10.8597050948 	0.0000000011 	0.0026597271 	0.0026598240 	0.0026598262
	10.8847573937 	0.0000000005 	0.0024853529 	0.0024854398 	0.0024854468
	10.9098096925 	0.0000000002 	0.0022833733 	0.0022834498 	0.0022834608
	10.9348619913 	0.0000000001 	0.0020625458 	0.0020626119 	0.0020626260
	10.9599142901 	0.0000000000 	0.0018317581 	0.0018318141 	0.0018318303
	10.9849665889 	0.0000000000 	0.0015994492 	0.0015994957 	0.0015995131
	11.0100188877 	0.0000000000 	0.0013731266 	0.0013731646 	0.0013731822
	11.0350711866 	0.0000000000 	0.0011590136 	0.0011590439 	0.0011590611
	11.0601234854 	0.0000000000 	0.0009618432 	0.0009618669 	0.0009618831
	11.0851757842 	0.0000000000 	0.0007847979 	0.0007848161 	0.0007848309
	11.1102280830 	0.0000000000 	0.0006295775 	0.0006295912 	0.0006296043
	11.1352803818 	0.0000000000 	0.0004965675 	0.0004965776 	0.0004965889
	11.1603326806 	0.0000000000 	0.0003850750 	0.0003850822 	0.0003850918
	11.1853849795 	0.0000000000 	0.0002935959 	0.0002936010 	0.0002936089
	11.2104372783 	0.0000000000 	0.0002200861 	0.0002200896 	0.0002200960
	11.2354895771 	0.0000000001 	0.0001622083 	0.0001622106 	0.0001622156
	11.2605418759 	0.0000000001 	0.0001175416 	0.0001175431 	0.0001175469
	11.2855941747 	0.0000000002 	0.0000837429 	0.0000837439 	0.0000837468
	11.3106464736 	0.0000000005 	0.0000586602 	0.0000586608 	0.0000586630
	11.3356987724 	0.0000000010 	0.0000404000 	0.0000404003 	0.0000404019
	11.3607510712 	0.0000000019 	0.0000273569 	0.0000273571 	0.0000273582
	11.3858033700 	0.0000000037 	0.0000182147 	0.0000182148 	0.0000182156
	11.4108556688 	0.0000000071 	0.0000119264 	0.0000119264 	0.0000119270
	11.4359079676 	0.0000000134 	0.0000076825 	0.0000076825 	0.0000076829
	11.4609602665 	0.0000000246 	0.0000048743 	0.0000048743 	0.0000048746
	11.4860125653 	0.0000000446 	0.0000030565 	0.0000030565 	0.0000030567
	11.5110648641 	0.0000000794 	0.0000019126 	0.0000019126 	0.0000019127
	11.5361171629 	0.0000001390 	0.0000012255 	0.0000012255 	0.0000012256
	11.5611694617 	0.0000002392 	0.0000008544 	0.0000008544 	0.0000008544
	11.5862217605 	0.0000004047 	0.0000007162 	0.0000007162 	0.0000007162
	11.6112740594 	0.0000006733 	0.0000007746 	0.0000007746 	0.0000007746
	11.6363263582 	0.0000011012 	0.0000010328 	0.0000010328 	0.0000010328
	11.6613786570 	0.0000017709 	0.0000015314 	0.0000015314 	0.0000015314
	11.6864309558 	0.0000028001 	0.0000023510 	0.0000023510 	0.0000023510
	11.7114832546 	0.0000043528 	0.0000036172 	0.0000036172 	0.0000036172
	11.7365355535 	0.0000066529 	0.0000055089 	0.0000055089 	0.0000055089
	11.7615878523 	0.0000099974 	0.0000082682 	0.0000082682 	0.0000082681
	11.7866401511 	0.0000147708 	0.0000122107 	0.0000122107 	0.0000122106
	11.8116924499 	0.0000214564 	0.0000177350 	0.0000177350 	0.0000177349
	11.8367447487 	0.0000306441 	0.0000253280 	0.0000253280 	0.0000253278
	11.8617970475 	0.0000430305 	0.0000355650 	0.0000355650 	0.0000355647
	11.8868493464 	0.0000594078 	0.0000491007 	0.0000491006 	0.0000491003
	11.9119016452 	0.0000806395 	0.0000666486 	0.0000666485 	0.0000666481
	11.9369539440 	0.0001076194 	0.0000889474 	0.0000889473 	0.0000889467
	11.9620062428 	0.0001412117 	0.0001167115 	0.0001167113 	0.0001167105
	11.9870585416 	0.0001821750 	0.0001505677 	0.0001505674 	0.0001505664
	12.0121108405 	0.0002310705 	0.0001909799 	0.0001909795 	0.0001909783
	12.0371631393 	0.0002881630 	0.0002381670 	0.0002381665 	0.0002381650
	12.0622154381 	0.0003533213 	0.0002920206 	0.0002920200 	0.0002920182
	12.0872677369 	0.0004259311 	0.0003520332 	0.0003520325 	0.0003520303
	12.1123200357 	0.0005048319 	0.0004172461 	0.0004172452 	0.0004172426
	12.1373723345 	0.0005882913 	0.0004862279 	0.0004862269 	0.0004862238
	12.1624246334 	0.0006740257 	0.0005570925 	0.0005570914 	0.0005570879
	12.1874769322 	0.0007592755 	0.0006275614 	0.0006275601 	0.0006275562
	12.2125292310 	0.0008409339 	0.0006950712 	0.0006950698 	0.0006950654
	12.2375815298 	0.0009157257 	0.0007569223 	0.0007569207 	0.0007569160
	12.2626338286 	0.0009804203 	0.0008104582 	0.0008104566 	0.0008104514
	12.2876861274 	0.0010320646 	0.0008532611 	0.0008532594 	0.0008532540
	12.3127384263 	0.0010682096 	0.0008833463 	0.0008833445 	0.0008833390
	12.3377907251 	0.0010871115 	0.0008993376 	0.0008993358 	0.0008993302
	12.3628430239 	0.0010878836 	0.0009006083 	0.0009006065 	0.0009006009
	12.3878953227 	0.0010705851 	0.0008873769 	0.0008873750 	0.0008873695
	12.4129476215 	0.0010362391 	0.0008607533 	0.0008607515 	0.0008607462
	12.4379999204 	0.0009867798 	0.0008227410 	0.0008227392 	0.0008227343
	12.4630522192 	0.0009249406 	0.0007762053 	0.0007762036 	0.0007761990
	12.4881045180 	0.0008540998 	0.0007248258 	0.0007248241 	0.0007248201
	12.5131568168 	0.0007781065 	0.0006730546 	0.0006730528 	0.0006730495
	12.5382091156 	0.0007011108 	0.0006260991 	0.0006260972 	0.0006260947
	12.5632614144 	0.0006274194 	0.0005899454 	0.0005899434 	0.0005899418
	12.5883137133 	0.0005613918 	0.0005714278 	0.0005714254 	0.0005714250
	12.6133660121 	0.0005073841 	0.0005783367 	0.0005783340 	0.0005783348
	12.6384183109 	0.0004697380 	0.0006195449 	0.0006195415 	0.0006195440
	12.6634706097 	0.0004527999 	0.0007051118 	0.0007051075 	0.0007051120
	12.6885229085 	0.0004609501 	0.0008463170 	0.0008463116 	0.0008463185
	12.7135752073 	0.0004986121 	0.0010555626 	0.0010555560 	0.0010555657
	12.7386275062 	0.0005702128 	0.0013460816 	0.0013460735 	0.0013460867
	12.7636798050 	0.0006800657 	0.0017314005 	0.0017313908 	0.0017314079
	12.7887321038 	0.0008321574 	0.0022245214 	0.0022245100 	0.0022245317
	12.8137844026 	0.0010298297 	0.0028368227 	0.0028368097 	0.0028368365
	12.8388367014 	0.0012753667 	0.0035767161 	0.0035767018 	0.0035767341
	12.8638890003 	0.0015695158 	0.0044481497 	0.0044481344 	0.0044481726
	12.8889412991 	0.0019109869 	0.0054490896 	0.0054490741 	0.0054491182
	12.9139935979 	0.0022959935 	0.0065701595 	0.0065701446 	0.0065701944
	12.9390458967 	0.0027179062 	0.0077936351 	0.0077936220 	0.0077936771
	12.9640981955 	0.0031670892 	0.0090929973 	0.0090929875 	0.0090930469
	12.9891504943 	0.0036309821 	0.0104332129 	0.0104332078 	0.0104332704
	13.0142027932 	0.0040944668 	0.0117718560 	0.0117718574 	0.0117719217
	13.0392550920 	0.0045405291 	0.0130610954 	0.0130611048 	0.0130611690
	13.0643073908 	0.0049511875 	0.0142504668 	0.0142504856 	0.0142505478
	13.0893596896 	0.0053086250 	0.0152902436 	0.0152902731 	0.0152903311
	13.1144119884 	0.0055964260 	0.0161351218 	0.0161351629 	0.0161352149
	13.1394642872 	0.0058007974 	0.0167478672 	0.0167479204 	0.0167479643
	13.1645165861 	0.0059116454 	0.0171025473 	0.0171026126 	0.0171026468
	13.1895688849 	0.0059233889 	0.0171869925 	0.0171870694 	0.0171870924
	13.2146211837 	0.0058354165 	0.0170042003 	0.0170042878 	0.0170042986
	13.2396734825 	0.0056521330 	0.0165725046 	0.0165726014 	0.0165725993
	13.2647257813 	0.0053825903 	0.0159244668 	0.0159245712 	0.0159245558
	13.2897780802 	0.0050397435 	0.0151045801 	0.0151046905 	0.0151046616
	13.3148303790 	0.0046394186 	0.0141660067 	0.0141661210 	0.0141660788
	13.3398826778 	0.0041991036 	0.0131666563 	0.0131667726 	0.0131667175
	13.3649349766 	0.0037366937 	0.0121649738 	0.0121650903 	0.0121650228
	13.3899872754 	0.0032693111 	0.0112158072 	0.0112159221 	0.0112158431
	13.4150395742 	0.0028123077 	0.0103667009 	0.0103668125 	0.0103667230
	13.4400918731 	0.0023785222 	0.0096548939 	0.0096550004 	0.0096549017
	13.4651441719 	0.0019778321 	0.0091052214 	0.0091053213 	0.0091052150
	13.4901964707 	0.0016169978 	0.0087290294 	0.0087291210 	0.0087290090
	13.5152487695 	0.0012997722 	0.0085241218 	0.0085242032 	0.0085240880
	13.5403010683 	0.0010272185 	0.0084756853 	0.0084757546 	0.0084756389
	13.5653533671 	0.0007981716 	0.0085580699 	0.0085581250 	0.0085580121
	13.5904056660 	0.0006097720 	0.0087372539 	0.0087372929 	0.0087371861
	13.6154579648 	0.0004580116 	0.0089737841 	0.0089738052 	0.0089737080
	13.6405102636 	0.0003382387 	0.0092259607 	0.0092259623 	0.0092258780
	13.6655625624 	0.0002455885 	0.0094530218 	0.0094530029 	0.0094529346
	13.6906148612 	0.0001753196 	0.0096180934 	0.0096180537 	0.0096180038
	13.7156671601 	0.0001230526 	0.0096906863 	0.0096906258 	0.0096905961
	13.7407194589 	0.0000849160 	0.0096485617 	0.0096484817 	0.0096484730
	13.7657717577 	0.0000576139 	0.0094788451 	0.0094787473 	0.0094787595
	13.7908240565 	0.0000384332 	0.0091783293 	0.0091782165 	0.0091782484
	13.8158763553 	0.0000252079 	0.0087529892 	0.0087528646 	0.0087529141
	13.8409286541 	0.0000162570 	0.0082167981 	0.0082166653 	0.0082167298
	13.8659809530 	0.0000103108 	0.0075900018 	0.0075898647 	0.0075899408
	13.8910332518 	0.0000064346 	0.0068970486 	0.0068969109 	0.0068969952
	13.9160855506 	0.0000039574 	0.0061643948 	0.0061642601 	0.0061643488
	13.9411378494 	0.0000024101 	0.0054183982 	0.0054182697 	0.0054183594
	13.9661901482 	0.0000014737 	0.0046834829 	0.0046833631 	0.0046834508
	13.9912424470 	0.0000009397 	0.0039807097 	0.0039806005 	0.0039806837
	14.0162947459 	0.0000006797 	0.0033268277 	0.0033267302 	0.0033268069
	14.0413470447 	0.0000006250 	0.0027338221 	0.0027337369 	0.0027338058
	14.0663993435 	0.0000007538 	0.0022089188 	0.0022088458 	0.0022089063
	14.0914516423 	0.0000010851 	0.0017549666 	0.0017549054 	0.0017549573
	14.1165039411 	0.0000016786 	0.0013710906 	0.0013710403 	0.0013710837
	14.1415562400 	0.0000026393 	0.0010535044 	0.0010534638 	0.0010534995
	14.1666085388 	0.0000041271 	0.0007963753 	0.0007963432 	0.0007963718
	14.1916608376 	0.0000063695 	0.0005926523 	0.0005926273 	0.0005926498
	14.2167131364 	0.0000096774 	0.0004347939 	0.0004347749 	0.0004347922
	14.2417654352 	0.0000144622 	0.0003153554 	0.0003153412 	0.0003153542
	14.2668177340 	0.0000212527 	0.0002274218 	0.0002274114 	0.0002274208
	14.2918700329 	0.0000307088 	0.0001648890 	0.0001648813 	0.0001648880
	14.3169223317 	0.0000436283 	0.0001226121 	0.0001226065 	0.0001226107
	14.3419746305 	0.0000609444 	0.0000964457 	0.0000964415 	0.0000964436
	14.3670269293 	0.0000837075 	0.0000832037 	0.0000832000 	0.0000831999
	14.3920792281 	0.0001130499 	0.0000805650 	0.0000805611 	0.0000805584
	14.4171315269 	0.0001501297 	0.0000869510 	0.0000869457 	0.0000869395
	14.4421838258 	0.0001960528 	0.0001013920 	0.0001013836 	0.0001013721
	14.4672361246 	0.0002517782 	0.0001234012 	0.0001233868 	0.0001233674
	14.4922884234 	0.0003180099 	0.0001528688 	0.0001528439 	0.0001528122
	14.5173407222 	0.0003950892 	0.0001899890 	0.0001899460 	0.0001898960
	14.5423930210 	0.0004828991 	0.0002352298 	0.0002351569 	0.0002350796
	14.5674453199 	0.0005808017 	0.0002893570 	0.0002892354 	0.0002891183
	14.5924976187 	0.0006876255 	0.0003535183 	0.0003533188 	0.0003531452
	14.6175499175 	0.0008017217 	0.0004293943 	0.0004290725 	0.0004288201
	14.6426022163 	0.0009211039 	0.0005194130 	0.0005189029 	0.0005185437
	14.6676545151 	0.0010436760 	0.0006270207 	0.0006262260 	0.0006257258
	14.6927068139 	0.0011675471 	0.0007569870 	0.0007557697 	0.0007550888
	14.7177591128 	0.0012914145 	0.0009157119 	0.0009138788 	0.0009129735
	14.7428114116 	0.0014149860 	0.0011114893 	0.0011087754 	0.0011076015
	14.7678637104 	0.0015393989 	0.0013546692 	0.0013507191 	0.0013492371
	14.7929160092 	0.0016675812 	0.0016576548 	0.0016520017 	0.0016501847
	14.8179683080 	0.0018044977 	0.0020346674 	0.0020267128 	0.0020245570
	14.8430206068 	0.0019572194 	0.0025012237 	0.0024902186 	0.0024877555
	14.8680729057 	0.0021347666 	0.0030732866 	0.0030583165 	0.0030556280
	14.8931252045 	0.0023476882 	0.0037660808 	0.0037460587 	0.0037432925
	14.9181775033 	0.0026073645 	0.0045926067 	0.0045662762 	0.0045636608
	14.9432298021 	0.0029250489 	0.0055619296 	0.0055278836 	0.0055257400
	14.9682821009 	0.0033106998 	0.0066773753 	0.0066340910 	0.0066328403
	14.9933343998 	0.0037716869 	0.0079348012 	0.0078806940 	0.0078808569
	15.0183866986 	0.0043114880 	0.0093211461 	0.0092546434 	0.0092568307
	15.0434389974 	0.0049285154 	0.0108134728 	0.0107331051 	0.0107379968
	15.0684912962 	0.0056152214 	0.0123786990 	0.0122832039 	0.0122915176
	15.0935435950 	0.0063576233 	0.0139741702 	0.0138626027 	0.0138750509
	15.1185958938 	0.0071353639 	0.0155491514 	0.0154209918 	0.0154382320
	15.1436481927 	0.0079223755 	0.0170472232 	0.0169024726 	0.0169250528
	15.1687004915 	0.0086881548 	0.0184094567 	0.0182487090 	0.0182770140
	15.1937527903 	0.0093995848 	0.0195781405 	0.0194026217 	0.0194368262
	15.2188050891 	0.0100231678 	0.0205007436 	0.0203123111 	0.0203523441
	15.2438573879 	0.0105274738 	0.0211337450 	0.0209348420 	0.0209803688
	15.2689096867 	0.0108855661 	0.0214459470 	0.0212395139 	0.0212899365
	15.2939619856 	0.0110771558 	0.0214209278 	0.0212102742 	0.0212647536
	15.3190142844 	0.0110902528 	0.0210583693 	0.0208470157 	0.0209045136
	15.3440665832 	0.0109221353 	0.0203741133 	0.0201656158 	0.0202249520
	15.3691188820 	0.0105795337 	0.0193989393 	0.0191967109 	0.0192566327
	15.3941711808 	0.0100780152 	0.0181761957 	0.0179833399 	0.0180425952
	15.4192234797 	0.0094406460 	0.0167585395 	0.0165777089 	0.0166351172
	15.4442757785 	0.0086960915 	0.0152041239 	0.0150374146 	0.0150919301
	15.4693280773 	0.0078763668 	0.0135726189 	0.0134215082 	0.0134722681
	15.4943803761 	0.0070144808 	0.0119214402 	0.0117867680 	0.0118331246
	15.5194326749 	0.0061422075 	0.0103025098 	0.0101845029 	0.0102260372
	15.5444849737 	0.0052881863 	0.0087597867 	0.0086581189 	0.0086946367
	15.5695372726 	0.0044764935 	0.0073276982 	0.0072415779 	0.0072730911
	15.5945895714 	0.0037257611 	0.0060304942 	0.0059587688 	0.0059854645
	15.6196418702 	0.0030488470 	0.0048824477 	0.0048237143 	0.0048459177
	15.6446941690 	0.0024530038 	0.0038887505 	0.0038414633 	0.0038595968
	15.6697464678 	0.0019404462 	0.0030469059 	0.0030094737 	0.0030240176
	15.6947987666 	0.0015091935 	0.0023484079 	0.0023192745 	0.0023307312
	15.7198510655 	0.0011540580 	0.0017805038 	0.0017582102 	0.0017670747
	15.7449033643 	0.0008676594 	0.0013278739 	0.0013111008 	0.0013178385
	15.7699556631 	0.0006413713 	0.0009741040 	0.0009616963 	0.0009667273
	15.7950079619 	0.0004661312 	0.0007028759 	0.0006938517 	0.0006975424
	15.8200602607 	0.0003330773 	0.0004988472 	0.0004923941 	0.0004950543
	15.8451125596 	0.0002340022 	0.0003482274 	0.0003436904 	0.0003455744
	15.8701648584 	0.0001616341 	0.0002390872 	0.0002359508 	0.0002372619
	15.8952171572 	0.0001097701 	0.0001614504 	0.0001593188 	0.0001602154
	15.9202694560 	0.0000732948 	0.0001072268 	0.0001058024 	0.0001064050
	15.9453217548 	0.0000481171 	0.0000700393 	0.0000691034 	0.0000695014
	15.9703740536 	0.0000310574 	0.0000449932 	0.0000443886 	0.0000446469
	15.9954263525 	0.0000197091 	0.0000284257 	0.0000280417 	0.0000282065
	16.0204786513 	0.0000122972 	0.0000176615 	0.0000174218 	0.0000175251
	16.0455309501 	0.0000075437 	0.0000107918 	0.0000106446 	0.0000107082
	16.0705832489 	0.0000045499 	0.0000064848 	0.0000063959 	0.0000064345
	16.0956355477 	0.0000026981 	0.0000038321 	0.0000037793 	0.0000038023
	16.1206878465 	0.0000015731 	0.0000022269 	0.0000021961 	0.0000022096
	16.1457401454 	0.0000009017 	0.0000012726 	0.0000012550 	0.0000012627
	16.1707924442 	0.0000005082 	0.0000007152 	0.0000007052 	0.0000007096
	16.1958447430 	0.0000002816 	0.0000003952 	0.0000003897 	0.0000003921
	16.2208970418 	0.0000001534 	0.0000002148 	0.0000002118 	0.0000002131
	16.2459493406 	0.0000000822 	0.0000001148 	0.0000001131 	0.0000001139
	16.2710016395 	0.0000000433 	0.0000000603 	0.0000000595 	0.0000000598
	16.2960539383 	0.0000000224 	0.0000000312 	0.0000000307 	0.0000000309
	16.3211062371 	0.0000000114 	0.0000000158 	0.0000000156 	0.0000000157
	16.3461585359 	0.0000000057 	0.0000000079 	0.0000000078 	0.0000000078
	16.3712108347 	0.0000000028 	0.0000000039 	0.0000000038 	0.0000000039
	16.3962631335 	0.0000000014 	0.0000000019 	0.0000000019 	0.0000000019
	16.4213154324 	0.0000000006 	0.0000000009 	0.0000000009 	0.0000000009
	16.4463677312 	0.0000000003 	0.0000000004 	0.0000000004 	0.0000000004
	16.4714200300 	0.0000000001 	0.0000000002 	0.0000000002 	0.0000000002
	16.4964723288 	0.0000000001 	0.0000000001 	0.0000000001 	0.0000000001
	16.5215246276 	0.0000000000 	0.0000000000 	0.0000000000 	0.0000000000
	16.5465769264 	0.0000000000 	0.0000000000 	0.0000000000 	0.0000000000
	16.5716292253 	0.0000000000 	0.0000000000 	0.0000000000 	0.0000000000
	16.5966815241 	0.0000000000 	0.0000000000 	0.0000000000 	0.0000000000
	16.6217338229 	0.0000000000 	0.0000000000 	0.0000000000 	0.0000000000
	16.6467861217 	0.0000000000 	0.0000000000 	0.0000000000 	0.0000000000
	16.6718384205 	0.0000000000 	0.0000000000 	0.0000000000 	0.0000000000

:PDOS_INFO:
    :ATOM_TYPE: Si
    :ATOMIC_NUMBER: 14
    :ATOM_INDEX: 1
    :ATOM_POSITION_CARTESIAN: [2.65165043 2.65165043 2.65165043]
    :ATOM_POSITION_FRACTIONAL: [0.25 0.25 0.25]
    :PDOS_UNIT: states/eV
    :HEADER_FORMAT: (nl,m)
	Energy(eV)   	(3s, m=0)    	(3p, m=-1)   	(3p, m=0)    	(3p, m=1)   
	-8.3554080983 	0.0000000000 	0.0000000000 	0.0000000000 	0.0000000000
	-8.3303557995 	0.0000000000 	0.0000000000 	0.0000000000 	0.0000000000
	-8.3053035007 	0.0000000000 	0.0000000000 	0.0000000000 	0.0000000000
	-8.2802512019 	0.0000000001 	0.0000000000 	0.0000000000 	0.0000000000
	-8.2551989031 	0.0000000002 	0.0000000001 	0.0000000001 	0.0000000001
	-8.2301466042 	0.0000000005 	0.0000000001 	0.0000000001 	0.0000000001
	-8.2050943054 	0.0000000011 	0.0000000003 	0.0000000003 	0.0000000003
	-8.1800420066 	0.0000000025 	0.0000000007 	0.0000000007 	0.0000000007
	-8.1549897078 	0.0000000055 	0.0000000016 	0.0000000016 	0.0000000016
	-8.1299374090 	0.0000000120 	0.0000000035 	0.0000000035 	0.0000000035
	-8.1048851101 	0.0000000256 	0.0000000075 	0.0000000075 	0.0000000075
	-8.0798328113 	0.0000000538 	0.0000000158 	0.0000000158 	0.0000000158
	-8.0547805125 	0.0000001111 	0.0000000327 	0.0000000327 	0.0000000327
	-8.0297282137 	0.0000002256 	0.0000000664 	0.0000000664 	0.0000000664
	-8.0046759149 	0.0000004507 	0.0000001325 	0.0000001325 	0.0000001325
	-7.9796236161 	0.0000008850 	0.0000002603 	0.0000002603 	0.0000002603
	-7.9545713172 	0.0000017087 	0.0000005025 	0.0000005025 	0.0000005025
	-7.9295190184 	0.0000032436 	0.0000009539 	0.0000009539 	0.0000009539
	-7.9044667196 	0.0000060537 	0.0000017804 	0.0000017804 	0.0000017804
	-7.8794144208 	0.0000111084 	0.0000032670 	0.0000032670 	0.0000032670
	-7.8543621220 	0.0000200413 	0.0000058942 	0.0000058942 	0.0000058942
	-7.8293098232 	0.0000355496 	0.0000104553 	0.0000104553 	0.0000104553
	-7.8042575243 	0.0000619988 	0.0000182341 	0.0000182341 	0.0000182341
	-7.7792052255 	0.0001063087 	0.0000312659 	0.0000312659 	0.0000312659
	-7.7541529267 	0.0001792225 	0.0000527101 	0.0000527101 	0.0000527101
	-7.7291006279 	0.0002970667 	0.0000873686 	0.0000873686 	0.0000873686
	-7.7040483291 	0.0004841201 	0.0001423818 	0.0001423818 	0.0001423818
	-7.6789960302 	0.0007756935 	0.0002281348 	0.0002281348 	0.0002281348
	-7.6539437314 	0.0012219824 	0.0003593902 	0.0003593903 	0.0003593903
	-7.6288914326 	0.0018926815 	0.0005566457 	0.0005566458 	0.0005566458
	-7.6038391338 	0.0028822255 	0.0008476748 	0.0008476750 	0.0008476750
	-7.5787868350 	0.0043153514 	0.0012691633 	0.0012691635 	0.0012691635
	-7.5537345362 	0.0063524635 	0.0018682867 	0.0018682870 	0.0018682870
	-7.5286822373 	0.0091940317 	0.0027040040 	0.0027040045 	0.0027040045
	-7.5036299385 	0.0130830083 	0.0038477686 	0.0038477694 	0.0038477693
	-7.4785776397 	0.0183040435 	0.0053832974 	0.0053832984 	0.0053832983
	-7.4535253409 	0.0251781760 	0.0074050091 	0.0074050105 	0.0074050104
	-7.4284730421 	0.0340517387 	0.0100147618 	0.0100147638 	0.0100147636
	-7.4034207433 	0.0452785096 	0.0133166031 	0.0133166057 	0.0133166054
	-7.3783684444 	0.0591946909 	0.0174094115 	0.0174094148 	0.0174094145
	-7.3533161456 	0.0760871284 	0.0223775495 	0.0223775538 	0.0223775534
	-7.3282638468 	0.0961562312 	0.0282799584 	0.0282799638 	0.0282799633
	-7.3032115480 	0.1194762204 	0.0351384668 	0.0351384736 	0.0351384729
	-7.2781592492 	0.1459564595 	0.0429264183 	0.0429264265 	0.0429264257
	-7.2531069503 	0.1753084976 	0.0515589780 	0.0515589880 	0.0515589870
	-7.2280546515 	0.2070238679 	0.0608866039 	0.0608866156 	0.0608866145
	-7.2030023527 	0.2403674586 	0.0706930964 	0.0706931100 	0.0706931087
	-7.1779500539 	0.2743902831 	0.0806993544 	0.0806993699 	0.0806993685
	-7.1528977551 	0.3079637410 	0.0905734518 	0.0905734692 	0.0905734676
	-7.1278454563 	0.3398351118 	0.0999469581 	0.0999469774 	0.0999469755
	-7.1027931574 	0.3687013371 	0.1084366383 	0.1084366592 	0.1084366572
	-7.0777408586 	0.3932955023 	0.1156698873 	0.1156699096 	0.1156699075
	-7.0526885598 	0.4124782469 	0.1213116145 	0.1213116378 	0.1213116356
	-7.0276362610 	0.4253250117 	0.1250899029 	0.1250899270 	0.1250899247
	-7.0025839622 	0.4311998471 	0.1268177171 	0.1268177415 	0.1268177392
	-6.9775316633 	0.4298075861 	0.1264082472 	0.1264082715 	0.1264082692
	-6.9524793645 	0.4212184228 	0.1238821375 	0.1238821614 	0.1238821592
	-6.9274270657 	0.4058620472 	0.1193657619 	0.1193657848 	0.1193657827
	-6.9023747669 	0.3844920180 	0.1130807450 	0.1130807668 	0.1130807647
	-6.8773224681 	0.3581244875 	0.1053259416 	0.1053259619 	0.1053259600
	-6.8522701693 	0.3279582121 	0.0964539112 	0.0964539297 	0.0964539280
	-6.8272178704 	0.2952846050 	0.0868444638 	0.0868444805 	0.0868444789
	-6.8021655716 	0.2613971830 	0.0768780282 	0.0768780430 	0.0768780416
	-6.7771132728 	0.2275091164 	0.0669114030 	0.0669114159 	0.0669114147
	-6.7520609740 	0.1946859036 	0.0572579559 	0.0572579669 	0.0572579659
	-6.7270086752 	0.1637977807 	0.0481736270 	0.0481736363 	0.0481736354
	-6.7019563764 	0.1354937686 	0.0398492962 	0.0398493038 	0.0398493031
	-6.6769040775 	0.1101966607 	0.0324093086 	0.0324093149 	0.0324093143
	-6.6518517787 	0.0881161166 	0.0259153263 	0.0259153313 	0.0259153308
	-6.6267994799 	0.0692755633 	0.0203742391 	0.0203742430 	0.0203742427
	-6.6017471811 	0.0535479176 	0.0157486713 	0.0157486743 	0.0157486741
	-6.5766948823 	0.0406951740 	0.0119686245 	0.0119686268 	0.0119686266
	-6.5516425834 	0.0304075225 	0.0089429822 	0.0089429840 	0.0089429838
	-6.5265902846 	0.0223386523 	0.0065698930 	0.0065698943 	0.0065698942
	-6.5015379858 	0.0161350646 	0.0047453914 	0.0047453923 	0.0047453922
	-6.4764856870 	0.0114583550 	0.0033699511 	0.0033699517 	0.0033699517
	-6.4514333882 	0.0080004002 	0.0023529517 	0.0023529522 	0.0023529521
	-6.4263810894 	0.0054921095 	0.0016152525 	0.0016152528 	0.0016152527
	-6.4013287905 	0.0037068519 	0.0010902001 	0.0010902003 	0.0010902003
	-6.3762764917 	0.0024598668 	0.0007234553 	0.0007234555 	0.0007234555
	-6.3512241929 	0.0016049590 	0.0004720210 	0.0004720211 	0.0004720211
	-6.3261718941 	0.0010296293 	0.0003028094 	0.0003028095 	0.0003028095
	-6.3011195953 	0.0006495662 	0.0001910218 	0.0001910218 	0.0001910218
	-6.2760672965 	0.0004031723 	0.0001185373 	0.0001185373 	0.0001185373
	-6.2510149976 	0.0002465654 	0.0000724413 	0.0000724413 	0.0000724413
	-6.2259626988 	0.0001492964 	0.0000437622 	0.0000437623 	0.0000437623
	-6.2009104000 	0.0000908812 	0.0000264460 	0.0000264460 	0.0000264461
	-6.1758581012 	0.0000581485 	0.0000165660 	0.0000165660 	0.0000165660
	-6.1508058024 	0.0000433598 	0.0000117536 	0.0000117536 	0.0000117536
	-6.1257535035 	0.0000430439 	0.0000108288 	0.0000108288 	0.0000108288
	-6.1007012047 	0.0000575090 	0.0000136145 	0.0000136145 	0.0000136145
	-6.0756489059 	0.0000910371 	0.0000209285 	0.0000209285 	0.0000209286
	-6.0505966071 	0.0001528154 	0.0000347594 	0.0000347593 	0.0000347594
	-6.0255443083 	0.0002587231 	0.0000586474 	0.0000586473 	0.0000586475
	-6.0004920095 	0.0004341478 	0.0000983076 	0.0000983075 	0.0000983078
	-5.9754397106 	0.0007180535 	0.0001625414 	0.0001625411 	0.0001625417
	-5.9503874118 	0.0011685426 	0.0002644893 	0.0002644889 	0.0002644898
	-5.9253351130 	0.0018701276 	0.0004232738 	0.0004232732 	0.0004232746
	-5.9002828142 	0.0029428402 	0.0006660591 	0.0006660582 	0.0006660603
	-5.8752305154 	0.0045531227 	0.0010305147 	0.0010305134 	0.0010305165
	-5.8501782166 	0.0069261632 	0.0015676069 	0.0015676051 	0.0015676096
	-5.8251259177 	0.0103589270 	0.0023445479 	0.0023445453 	0.0023445517
	-5.8000736189 	0.0152326302 	0.0034476185 	0.0034476149 	0.0034476238
	-5.7750213201 	0.0220228190 	0.0049844495 	0.0049844447 	0.0049844568
	-5.7499690213 	0.0313046424 	0.0070852150 	0.0070852087 	0.0070852249
	-5.7249167225 	0.0437504371 	0.0099020858 	0.0099020776 	0.0099020989
	-5.6998644236 	0.0601165226 	0.0136062404 	0.0136062301 	0.0136062574
	-5.6748121248 	0.0812162829 	0.0183817730 	0.0183817603 	0.0183817945
	-5.6497598260 	0.1078773252 	0.0244159968 	0.0244159817 	0.0244160236
	-5.6247075272 	0.1408818460 	0.0318859473 	0.0318859298 	0.0318859800
	-5.5996552284 	0.1808913084 	0.0409413342 	0.0409413146 	0.0409413731
	-5.5746029296 	0.2283590194 	0.0516847549 	0.0516847338 	0.0516848002
	-5.5495506307 	0.2834369340 	0.0641506016 	0.0641505799 	0.0641506531
	-5.5244983319 	0.3458856276 	0.0782846851 	0.0782846641 	0.0782847422
	-5.4994460331 	0.4149983730 	0.0939270511 	0.0939270323 	0.0939271126
	-5.4743937343 	0.4895511493 	0.1108006654 	0.1108006510 	0.1108007297
	-5.4493414355 	0.5677897625 	0.1285084994 	0.1285084917 	0.1285085645
	-5.4242891367 	0.6474628339 	0.1465409960 	0.1465409974 	0.1465410594
	-5.3992368378 	0.7259052420 	0.1642949553 	0.1642949683 	0.1642950142
	-5.3741845390 	0.8001710307 	0.1811036156 	0.1811036425 	0.1811036671
	-5.3491322402 	0.8672084852 	0.1962762789 	0.1962763217 	0.1962763202
	-5.3240799414 	0.9240639246 	0.2091444352 	0.2091444954 	0.2091444637
	-5.2990276426 	0.9680957548 	0.2191102096 	0.2191102879 	0.2191102232
	-5.2739753437 	0.9971773801 	0.2256922872 	0.2256923835 	0.2256922845
	-5.2489230449 	1.0098673331 	0.2285644189 	0.2285645324 	0.2285643993
	-5.2238707461 	1.0055276847 	0.2275822217 	0.2275823506 	0.2275821853
	-5.1988184473 	0.9843771940 	0.2227952075 	0.2227953491 	0.2227951553
	-5.1737661485 	0.9474730317 	0.2144426469 	0.2144427981 	0.2144425808
	-5.1487138497 	0.8966232041 	0.2029337480 	0.2029339052 	0.2029336704
	-5.1236615508 	0.8342397771 	0.1888144364 	0.1888145958 	0.1888143502
	-5.0986092520 	0.7631494854 	0.1727244902 	0.1727246480 	0.1727243986
	-5.0735569532 	0.6863824028 	0.1553497094 	0.1553498622 	0.1553496155
	-5.0485046544 	0.6069605555 	0.1373740726 	0.1373742173 	0.1373739794
	-5.0234523556 	0.5277066890 	0.1194364551 	0.1194365892 	0.1194363652
	-4.9984000568 	0.4510893072 	0.1020955561 	0.1020956778 	0.1020954717
	-4.9733477579 	0.3791143896 	0.0858053912 	0.0858054995 	0.0858053139
	-4.9482954591 	0.3132678365 	0.0709022660 	0.0709023604 	0.0709021969
	-4.9232431603 	0.2545066588 	0.0576027819 	0.0576028626 	0.0576027215
	-4.8981908615 	0.2032920026 	0.0460113105 	0.0460113782 	0.0460112588
	-4.8731385627 	0.1596537932 	0.0361346249 	0.0361346806 	0.0361345817
	-4.8480862638 	0.1232752782 	0.0279010342 	0.0279010791 	0.0279009988
	-4.8230339650 	0.0935859265 	0.0211814094 	0.0211814450 	0.0211813809
	-4.7979816662 	0.0698526522 	0.0158098304 	0.0158098581 	0.0158098080
	-4.7729293674 	0.0512617064 	0.0116021205 	0.0116021416 	0.0116021031
	-4.7478770686 	0.0369863112 	0.0083711540 	0.0083711698 	0.0083711409
	-4.7228247698 	0.0262377617 	0.0059384226 	0.0059384342 	0.0059384128
	-4.6977724709 	0.0182999689 	0.0041418528 	0.0041418612 	0.0041418457
	-4.6727201721 	0.0125490752 	0.0028402465 	0.0028402525 	0.0028402414
	-4.6476678733 	0.0084607895 	0.0019149402 	0.0019149443 	0.0019149366
	-4.6226155745 	0.0056085148 	0.0012693816 	0.0012693844 	0.0012693791
	-4.5975632757 	0.0036552968 	0.0008273075 	0.0008273094 	0.0008273058
	-4.5725109769 	0.0023422607 	0.0005301265 	0.0005301278 	0.0005301254
	-4.5474586780 	0.0014756576 	0.0003339873 	0.0003339881 	0.0003339866
	-4.5224063792 	0.0009140581 	0.0002068798 	0.0002068803 	0.0002068794
	-4.4973540804 	0.0005566725 	0.0001259923 	0.0001259927 	0.0001259920
	-4.4723017816 	0.0003333217 	0.0000754411 	0.0000754413 	0.0000754409
	-4.4472494828 	0.0001962299 	0.0000444129 	0.0000444131 	0.0000444128
	-4.4221971839 	0.0001135807 	0.0000257069 	0.0000257069 	0.0000257068
	-4.3971448851 	0.0000646371 	0.0000146294 	0.0000146294 	0.0000146293
	-4.3720925863 	0.0000361657 	0.0000081854 	0.0000081854 	0.0000081854
	-4.3470402875 	0.0000198953 	0.0000045029 	0.0000045029 	0.0000045029
	-4.3219879887 	0.0000107607 	0.0000024355 	0.0000024355 	0.0000024355
	-4.2969356899 	0.0000057223 	0.0000012951 	0.0000012951 	0.0000012951
	-4.2718833910 	0.0000029918 	0.0000006771 	0.0000006771 	0.0000006771
	-4.2468310922 	0.0000015379 	0.0000003481 	0.0000003481 	0.0000003481
	-4.2217787934 	0.0000007773 	0.0000001759 	0.0000001759 	0.0000001759
	-4.1967264946 	0.0000003862 	0.0000000874 	0.0000000874 	0.0000000874
	-4.1716741958 	0.0000001887 	0.0000000427 	0.0000000427 	0.0000000427
	-4.1466218970 	0.0000000906 	0.0000000205 	0.0000000205 	0.0000000205
	-4.1215695981 	0.0000000428 	0.0000000097 	0.0000000097 	0.0000000097
	-4.0965172993 	0.0000000199 	0.0000000045 	0.0000000045 	0.0000000045
	-4.0714650005 	0.0000000091 	0.0000000021 	0.0000000021 	0.0000000021
	-4.0464127017 	0.0000000041 	0.0000000009 	0.0000000009 	0.0000000009
	-4.0213604029 	0.0000000018 	0.0000000004 	0.0000000004 	0.0000000004
	-3.9963081040 	0.0000000008 	0.0000000002 	0.0000000002 	0.0000000002
	-3.9712558052 	0.0000000003 	0.0000000001 	0.0000000001 	0.0000000001
	-3.9462035064 	0.0000000001 	0.0000000000 	0.0000000000 	0.0000000000
	-3.9211512076 	0.0000000001 	0.0000000000 	0.0000000000 	0.0000000000
	-3.8960989088 	0.0000000000 	0.0000000000 	0.0000000000 	0.0000000000
	-3.8710466100 	0.0000000001 	0.0000000000 	0.0000000000 	0.0000000000
	-3.8459943111 	0.0000000001 	0.0000000001 	0.0000000001 	0.0000000001
	-3.8209420123 	0.0000000003 	0.0000000002 	0.0000000002 	0.0000000002
	-3.7958897135 	0.0000000008 	0.0000000006 	0.0000000006 	0.0000000006
	-3.7708374147 	0.0000000017 	0.0000000013 	0.0000000013 	0.0000000013
	-3.7457851159 	0.0000000039 	0.0000000028 	0.0000000028 	0.0000000028
	-3.7207328171 	0.0000000085 	0.0000000062 	0.0000000062 	0.0000000062
	-3.6956805182 	0.0000000182 	0.0000000134 	0.0000000134 	0.0000000134
	-3.6706282194 	0.0000000386 	0.0000000284 	0.0000000284 	0.0000000284
	-3.6455759206 	0.0000000803 	0.0000000591 	0.0000000591 	0.0000000591
	-3.6205236218 	0.0000001645 	0.0000001210 	0.0000001210 	0.0000001210
	-3.5954713230 	0.0000003311 	0.0000002436 	0.0000002436 	0.0000002436
	-3.5704190241 	0.0000006553 	0.0000004821 	0.0000004821 	0.0000004821
	-3.5453667253 	0.0000012752 	0.0000009382 	0.0000009382 	0.0000009382
	-3.5203144265 	0.0000024397 	0.0000017950 	0.0000017950 	0.0000017950
	-3.4952621277 	0.0000045892 	0.0000033764 	0.0000033764 	0.0000033764
	-3.4702098289 	0.0000084875 	0.0000062445 	0.0000062445 	0.0000062445
	-3.4451575301 	0.0000154332 	0.0000113547 	0.0000113547 	0.0000113547
	-3.4201052312 	0.0000275914 	0.0000202998 	0.0000202999 	0.0000202998
	-3.3950529324 	0.0000484984 	0.0000356818 	0.0000356819 	0.0000356818
	-3.3700006336 	0.0000838146 	0.0000616651 	0.0000616651 	0.0000616650
	-3.3449483348 	0.0001424131 	0.0001047778 	0.0001047779 	0.0001047777
	-3.3198960360 	0.0002379128 	0.0001750400 	0.0001750401 	0.0001750398
	-3.2948437372 	0.0003907720 	0.0002875033 	0.0002875036 	0.0002875031
	-3.2697914383 	0.0006310545 	0.0004642868 	0.0004642872 	0.0004642865
	-3.2447391395 	0.0010019549 	0.0007371698 	0.0007371705 	0.0007371694
	-3.2196868407 	0.0015641097 	0.0011507649 	0.0011507659 	0.0011507642
	-3.1946345419 	0.0024006236 	0.0017662146 	0.0017662161 	0.0017662136
	-3.1695822431 	0.0036225863 	0.0026652511 	0.0026652534 	0.0026652497
	-3.1445299442 	0.0053746627 	0.0039543089 	0.0039543124 	0.0039543070
	-3.1194776454 	0.0078400979 	0.0057682074 	0.0057682123 	0.0057682047
	-3.0944253466 	0.0112442258 	0.0082727316 	0.0082727387 	0.0082727281
	-3.0693730478 	0.0158553355 	0.0116652704 	0.0116652802 	0.0116652657
	-3.0443207490 	0.0219815907 	0.0161725495 	0.0161725629 	0.0161725434
	-3.0192684502 	0.0299626761 	0.0220444856 	0.0220445037 	0.0220444780
	-2.9942161513 	0.0401550236 	0.0295433168 	0.0295433408 	0.0295433074
	-2.9691638525 	0.0529099040 	0.0389274842 	0.0389275155 	0.0389274730
	-2.9441115537 	0.0685443820 	0.0504302621 	0.0504303023 	0.0504302490
	-2.9190592549 	0.0873060941 	0.0642338446 	0.0642338952 	0.0642338297
	-2.8940069561 	0.1093339544 	0.0804404351 	0.0804404977 	0.0804404187
	-2.8689546573 	0.1346180687 	0.0990427540 	0.0990428302 	0.0990427366
	-2.8439023584 	0.1629631678 	0.1198971355 	0.1198972268 	0.1198971179
	-2.8188500596 	0.1939605305 	0.1427028707 	0.1427029781 	0.1427028538
	-2.7937977608 	0.2269734565 	0.1669915189 	0.1669916431 	0.1669915039
	-2.7687454620 	0.2611407110 	0.1921294427 	0.1921295838 	0.1921294308
	-2.7436931632 	0.2954009556 	0.2173357818 	0.2173359396 	0.2173357746
	-2.7186408643 	0.3285390615 	0.2417165280 	0.2417167013 	0.2417165267
	-2.6935885655 	0.3592526095 	0.2643134502 	0.2643136374 	0.2643134563
	-2.6685362667 	0.3862341348 	0.2841646056 	0.2841648043 	0.2841646202
	-2.6434839679 	0.4082622063 	0.3003713489 	0.3003715563 	0.3003713729
	-2.6184316691 	0.4242926472 	0.3121654466 	0.3121656594 	0.3121654803
	-2.5933793703 	0.4335404620 	0.3189693527 	0.3189695674 	0.3189693962
	-2.5683270714 	0.4355435325 	0.3204430726 	0.3204432854 	0.3204431254
	-2.5432747726 	0.4302008905 	0.3165123209 	0.3165125283 	0.3165123820
	-2.5182224738 	0.4177811526 	0.3073747272 	0.3073749259 	0.3073747953
	-2.4931701750 	0.3989001368 	0.2934833684 	0.2934835555 	0.2934834417
	-2.4681178762 	0.3744702576 	0.2755095367 	0.2755097099 	0.2755096133
	-2.4430655773 	0.3456274893 	0.2542890039 	0.2542891616 	0.2542890818
	-2.4180132785 	0.3136440307 	0.2307577670 	0.2307579080 	0.2307578442
	-2.3929609797 	0.2798359966 	0.2058841328 	0.2058842568 	0.2058842075
	-2.3679086809 	0.2454753763 	0.1806039440 	0.1806040512 	0.1806040146
	-2.3428563821 	0.2117142511 	0.1557648228 	0.1557649139 	0.1557648882
	-2.3178040833 	0.1795271157 	0.1320837357 	0.1320838118 	0.1320837949
	-2.2927517844 	0.1496745005 	0.1101202287 	0.1101202911 	0.1101202811
	-2.2676994856 	0.1226883664 	0.0902656821 	0.0902657325 	0.0902657276
	-2.2426471868 	0.0988773352 	0.0727471586 	0.0727471985 	0.0727471973
	-2.2175948880 	0.0783480019 	0.0576430835 	0.0576431146 	0.0576431158
	-2.1925425892 	0.0610375229 	0.0449072206 	0.0449072444 	0.0449072470
	-2.1674902904 	0.0467523750 	0.0343971889 	0.0343972069 	0.0343972101
	-2.1424379915 	0.0352085596 	0.0259040416 	0.0259040549 	0.0259040583
	-2.1173856927 	0.0260693763 	0.0191800577 	0.0191800674 	0.0191800706
	-2.0923333939 	0.0189780168 	0.0139627220 	0.0139627290 	0.0139627318
	-2.0672810951 	0.0135834102 	0.0099937407 	0.0099937456 	0.0099937480
	-2.0422287963 	0.0095588271 	0.0070327288 	0.0070327321 	0.0070327341
	-2.0171764974 	0.0066136042 	0.0048658359 	0.0048658382 	0.0048658397
	-1.9921241986 	0.0044989338 	0.0033100066 	0.0033100081 	0.0033100093
	-1.9670718998 	0.0030089765 	0.0022137983 	0.0022137993 	0.0022138002
	-1.9420196010 	0.0019786355 	0.0014557441 	0.0014557448 	0.0014557454
	-1.9169673022 	0.0012792358 	0.0009411739 	0.0009411743 	0.0009411747
	-1.8919150034 	0.0008131548 	0.0005982634 	0.0005982637 	0.0005982640
	-1.8668627045 	0.0005081988 	0.0003738978 	0.0003738979 	0.0003738981
	-1.8418104057 	0.0003122711 	0.0002297477 	0.0002297477 	0.0002297479
	-1.8167581069 	0.0001886548 	0.0001387992 	0.0001387993 	0.0001387994
	-1.7917058081 	0.0001120577 	0.0000824444 	0.0000824444 	0.0000824444
	-1.7666535093 	0.0000654415 	0.0000481474 	0.0000481474 	0.0000481474
	-1.7416012105 	0.0000375753 	0.0000276453 	0.0000276454 	0.0000276454
	-1.7165489116 	0.0000212124 	0.0000156066 	0.0000156066 	0.0000156066
	-1.6914966128 	0.0000117738 	0.0000086623 	0.0000086623 	0.0000086623
	-1.6664443140 	0.0000064251 	0.0000047271 	0.0000047271 	0.0000047271
	-1.6413920152 	0.0000034473 	0.0000025363 	0.0000025363 	0.0000025363
	-1.6163397164 	0.0000018185 	0.0000013379 	0.0000013379 	0.0000013379
	-1.5912874175 	0.0000009432 	0.0000006939 	0.0000006939 	0.0000006939
	-1.5662351187 	0.0000004810 	0.0000003539 	0.0000003539 	0.0000003539
	-1.5411828199 	0.0000002411 	0.0000001774 	0.0000001774 	0.0000001774
	-1.5161305211 	0.0000001189 	0.0000000875 	0.0000000875 	0.0000000875
	-1.4910782223 	0.0000000576 	0.0000000424 	0.0000000424 	0.0000000424
	-1.4660259235 	0.0000000275 	0.0000000202 	0.0000000202 	0.0000000202
	-1.4409736246 	0.0000000129 	0.0000000095 	0.0000000095 	0.0000000095
	-1.4159213258 	0.0000000059 	0.0000000044 	0.0000000044 	0.0000000044
	-1.3908690270 	0.0000000027 	0.0000000020 	0.0000000020 	0.0000000020
	-1.3658167282 	0.0000000012 	0.0000000010 	0.0000000010 	0.0000000010
	-1.3407644294 	0.0000000006 	0.0000000006 	0.0000000006 	0.0000000006
	-1.3157121306 	0.0000000005 	0.0000000007 	0.0000000007 	0.0000000007
	-1.2906598317 	0.0000000006 	0.0000000013 	0.0000000013 	0.0000000013
	-1.2656075329 	0.0000000012 	0.0000000027 	0.0000000027 	0.0000000027
	-1.2405552341 	0.0000000024 	0.0000000057 	0.0000000057 	0.0000000057
	-1.2155029353 	0.0000000050 	0.0000000120 	0.0000000120 	0.0000000120
	-1.1904506365 	0.0000000105 	0.0000000248 	0.0000000248 	0.0000000248
	-1.1653983376 	0.0000000213 	0.0000000506 	0.0000000506 	0.0000000506
	-1.1403460388 	0.0000000427 	0.0000001015 	0.0000001015 	0.0000001015
	-1.1152937400 	0.0000000841 	0.0000001999 	0.0000001999 	0.0000001999
	-1.0902414412 	0.0000001629 	0.0000003872 	0.0000003872 	0.0000003872
	-1.0651891424 	0.0000003103 	0.0000007375 	0.0000007375 	0.0000007375
	-1.0401368436 	0.0000005810 	0.0000013810 	0.0000013810 	0.0000013810
	-1.0150845447 	0.0000010696 	0.0000025424 	0.0000025424 	0.0000025424
	-0.9900322459 	0.0000019360 	0.0000046021 	0.0000046021 	0.0000046021
	-0.9649799471 	0.0000034455 	0.0000081902 	0.0000081902 	0.0000081902
	-0.9399276483 	0.0000060288 	0.0000143309 	0.0000143309 	0.0000143309
	-0.9148753495 	0.0000103716 	0.0000246542 	0.0000246542 	0.0000246542
	-0.8898230507 	0.0000175429 	0.0000417009 	0.0000417010 	0.0000417010
	-0.8647707518 	0.0000291739 	0.0000693488 	0.0000693488 	0.0000693488
	-0.8397184530 	0.0000477007 	0.0001133886 	0.0001133887 	0.0001133887
	-0.8146661542 	0.0000766819 	0.0001822796 	0.0001822798 	0.0001822797
	-0.7896138554 	0.0001211991 	0.0002881009 	0.0002881013 	0.0002881011
	-0.7645615566 	0.0001883403 	0.0004477024 	0.0004477029 	0.0004477026
	-0.7395092577 	0.0002877564 	0.0006840255 	0.0006840264 	0.0006840259
	-0.7144569589 	0.0004322597 	0.0010275278 	0.0010275290 	0.0010275284
	-0.6894046601 	0.0006384140 	0.0015175865 	0.0015175884 	0.0015175874
	-0.6643523613 	0.0009270391 	0.0022036992 	0.0022037019 	0.0022037005
	-0.6393000625 	0.0013235238 	0.0031462312 	0.0031462351 	0.0031462330
	-0.6142477637 	0.0018578199 	0.0044164079 	0.0044164133 	0.0044164104
	-0.5891954648 	0.0025639753 	0.0060952144 	0.0060952218 	0.0060952179
	-0.5641431660 	0.0034790657 	0.0082708775 	0.0082708876 	0.0082708822
	-0.5390908672 	0.0046414144 	0.0110346656 	0.0110346791 	0.0110346719
	-0.5140385684 	0.0060880397 	0.0144748780 	0.0144748956 	0.0144748863
	-0.4889862696 	0.0078513570 	0.0186690978 	0.0186691206 	0.0186691085
	-0.4639339708 	0.0099552716 	0.0236750537 	0.0236750826 	0.0236750672
	-0.4388816719 	0.0124109236 	0.0295207400 	0.0295207760 	0.0295207569
	-0.4138293731 	0.0152124724 	0.0361947562 	0.0361948004 	0.0361947769
	-0.3887770743 	0.0183334101 	0.0436380834 	0.0436381366 	0.0436381083
	-0.3637247755 	0.0217239511 	0.0517386652 	0.0517387283 	0.0517386946
	-0.3386724767 	0.0253100371 	0.0603301549 	0.0603302284 	0.0603301890
	-0.3136201778 	0.0289944043 	0.0691959842 	0.0691960685 	0.0691960231
	-0.2885678790 	0.0326599903 	0.0780794987 	0.0780795938 	0.0780795423
	-0.2635155802 	0.0361757103 	0.0867003078 	0.0867004133 	0.0867003557
	-0.2384632814 	0.0394043452 	0.0947762695 	0.0947763849 	0.0947763210
	-0.2134109826 	0.0422119870 	0.1020497552 	0.1020498794 	0.1020498095
	-0.1883586838 	0.0444782292 	0.1083161206 	0.1083162524 	0.1083161766
	-0.1633063849 	0.0461061147 	0.1134517438 	0.1134518820 	0.1134518002
	-0.1382540861 	0.0470307945 	0.1174386736 	0.1174388170 	0.1174387289
	-0.1132017873 	0.0472259258 	0.1203829072 	0.1203830548 	0.1203829599
	-0.0881494885 	0.0467070413 	0.1225236174 	0.1225237688 	0.1225236659
	-0.0630971897 	0.0455314350 	0.1242312457 	0.1242314010 	0.1242312887
	-0.0380448909 	0.0437944807 	0.1259932197 	0.1259933799 	0.1259932559
	-0.0129925920 	0.0416226869 	0.1283870741 	0.1283872415 	0.1283871029
	0.0120597068 	0.0391641364 	0.1320418651 	0.1320420430 	0.1320418864
	0.0371120056 	0.0365772183 	0.1375898914 	0.1375900845 	0.1375899059
	0.0621643044 	0.0340187065 	0.1456117991 	0.1456120134 	0.1456118083
	0.0872166032 	0.0316322625 	0.1565790691 	0.1565793115 	0.1565790756
	0.1122689021 	0.0295383467 	0.1707985953 	0.1707988740 	0.1707986030
	0.1373212009 	0.0278263432 	0.1883644704 	0.1883647938 	0.1883644840
	0.1623734997 	0.0265494536 	0.2091221051 	0.2091224818 	0.2091221305
	0.1874257985 	0.0257226458 	0.2326493436 	0.2326497817 	0.2326493874
	0.2124780973 	0.0253236718 	0.2582582231 	0.2582587297 	0.2582582926
	0.2375303961 	0.0252969175 	0.2850194653 	0.2850200455 	0.2850195676
	0.2625826950 	0.0255596409 	0.3118097461 	0.3118104028 	0.3118098881
	0.2876349938 	0.0260099873 	0.3373794398 	0.3373801731 	0.3373796274
	0.3126872926 	0.0265360650 	0.3604361250 	0.3604369318 	0.3604363626
	0.3377395914 	0.0270253069 	0.3797370087 	0.3797378826 	0.3797372989
	0.3627918902 	0.0273733508 	0.3941818978 	0.3941828290 	0.3941822405
	0.3878441890 	0.0274917358 	0.4028977235 	0.4028986994 	0.4028981165
	0.4128964879 	0.0273138340 	0.4053060897 	0.4053070954 	0.4053065281
	0.4379487867 	0.0267986117 	0.4011668779 	0.4011678968 	0.4011673545
	0.4630010855 	0.0259320233 	0.3905934629 	0.3905944776 	0.3905939684
	0.4880533843 	0.0247260718 	0.3740382314 	0.3740392245 	0.3740387552
	0.5131056831 	0.0232157864 	0.3522504284 	0.3522513839 	0.3522509591
	0.5381579820 	0.0214545589 	0.3262113960 	0.3262122995 	0.3262119221
	0.5632102808 	0.0195084088 	0.2970545851 	0.2970554247 	0.2970550956
	0.5882625796 	0.0174498128 	0.2659790127 	0.2659797795 	0.2659794980
	0.6133148784 	0.0153517145 	0.2341649565 	0.2341656449 	0.2341654085
	0.6383671772 	0.0132822520 	0.2026996940 	0.2027003014 	0.2027001067
	0.6634194760 	0.0113005997 	0.1725192242 	0.1725197510 	0.1725195937
	0.6884717749 	0.0094541548 	0.1443695065 	0.1443699555 	0.1443698309
	0.7135240737 	0.0077771238 	0.1187882015 	0.1187885778 	0.1187884808
	0.7385763725 	0.0062904111 	0.0961055816 	0.0961058916 	0.0961058175
	0.7636286713 	0.0050025894 	0.0764614688 	0.0764617200 	0.0764616641
	0.7886809701 	0.0039116591 	0.0598339388 	0.0598341391 	0.0598340971
	0.8137332689 	0.0030072783 	0.0460751211 	0.0460752784 	0.0460752465
	0.8387855678 	0.0022731605 	0.0349496647 	0.0349497869 	0.0349497614
	0.8638378666 	0.0016893848 	0.0261721547 	0.0261722489 	0.0261722264
	0.8888901654 	0.0012344337 	0.0194407601 	0.0194408329 	0.0194408100
	0.9139424642 	0.0008868431 	0.0144654663 	0.0144655238 	0.0144654967
	0.9389947630 	0.0006264191 	0.0109902153 	0.0109902629 	0.0109902276
	0.9640470619 	0.0004350328 	0.0088090310 	0.0088090737 	0.0088090253
	0.9890993607 	0.0002970418 	0.0077766768 	0.0077767191 	0.0077766517
	1.0141516595 	0.0001994120 	0.0078145730 	0.0078146191 	0.0078145257
	1.0392039583 	0.0001316204 	0.0089126340 	0.0089126881 	0.0089125602
	1.0642562571 	0.0000854148 	0.0111274438 	0.0111275099 	0.0111273377
	1.0893085559 	0.0000544981 	0.0145768635 	0.0145769450 	0.0145767177
	1.1143608548 	0.0000341875 	0.0194308637 	0.0194309638 	0.0194306694
	1.1394131536 	0.0000210858 	0.0258981862 	0.0258983071 	0.0258979338
	1.1644654524 	0.0000127865 	0.0342084428 	0.0342085852 	0.0342081218
	1.1895177512 	0.0000076234 	0.0445895011 	0.0445896642 	0.0445891015
	1.2145700500 	0.0000044688 	0.0572405051 	0.0572406853 	0.0572400174
	1.2396223488 	0.0000025755 	0.0723015789 	0.0723017697 	0.0723009957
	1.2646746477 	0.0000014594 	0.0898220995 	0.0898222907 	0.0898214160
	1.2897269465 	0.0000008131 	0.1097302510 	0.1097304287 	0.1097294666
	1.3147792453 	0.0000004454 	0.1318072354 	0.1318073818 	0.1318063540
	1.3398315441 	0.0000002399 	0.1556698412 	0.1556699349 	0.1556688722
	1.3648838429 	0.0000001270 	0.1807649193 	0.1807649361 	0.1807638776
	1.3899361418 	0.0000000661 	0.2063785940 	0.2063785080 	0.2063775000
	1.4149884406 	0.0000000338 	0.2316617482 	0.2316615338 	0.2316606272
	1.4400407394 	0.0000000170 	0.2556715718 	0.2556712050 	0.2556704528
	1.4650930382 	0.0000000084 	0.2774269472 	0.2774264080 	0.2774258612
	1.4901453370 	0.0000000041 	0.2959734658 	0.2959727400 	0.2959724440
	1.5151976358 	0.0000000020 	0.3104522242 	0.3104513049 	0.3104512958
	1.5402499347 	0.0000000009 	0.3201655526 	0.3201644415 	0.3201647431
	1.5653022335 	0.0000000004 	0.3246326867 	0.3246313949 	0.3246320159
	1.5903545323 	0.0000000002 	0.3236291982 	0.3236277456 	0.3236286791
	1.6154068311 	0.0000000001 	0.3172056789 	0.3172040937 	0.3172053167
	1.6404591299 	0.0000000000 	0.3056835121 	0.3056818289 	0.3056833043
	1.6655114287 	0.0000000000 	0.2896282223 	0.2896264800 	0.2896281592
	1.6905637276 	0.0000000000 	0.2698034793 	0.2698017190 	0.2698035453
	1.7156160264 	0.0000000000 	0.2471109652 	0.2471092271 	0.2471111398
	1.7406683252 	0.0000000000 	0.2225226855 	0.2225210071 	0.2225229456
	1.7657206240 	0.0000000000 	0.1970127691 	0.1970111829 	0.1970130904
	1.7907729228 	0.0000000000 	0.1714953193 	0.1714938512 	0.1714956782
	1.8158252217 	0.0000000000 	0.1467736165 	0.1467722853 	0.1467739915
	1.8408775205 	0.0000000000 	0.1235041594 	0.1235029764 	0.1235045320
	1.8659298193 	0.0000000000 	0.1021769953 	0.1021759646 	0.1021773508
	1.8909821181 	0.0000000000 	0.0831118295 	0.0831109488 	0.0831121570
	1.9160344169 	0.0000000000 	0.0664677933 	0.0664670551 	0.0664680860
	1.9410867157 	0.0000000000 	0.0522636430 	0.0522630360 	0.0522638973
	1.9661390146 	0.0000000000 	0.0404046417 	0.0404041519 	0.0404048569
	1.9911913134 	0.0000000000 	0.0307123976 	0.0307120096 	0.0307125752
	2.0162436122 	0.0000000000 	0.0229543967 	0.0229540951 	0.0229545399
	2.0412959110 	0.0000000000 	0.0168707210 	0.0168704908 	0.0168708339
	2.0663482098 	0.0000000000 	0.0121963215 	0.0121961491 	0.0121964083
	2.0914005086 	0.0000000000 	0.0086780822 	0.0086779553 	0.0086781473
	2.1164528075 	0.0000000000 	0.0060866503 	0.0060865586 	0.0060866975
	2.1415051063 	0.0000000000 	0.0042235623 	0.0042234973 	0.0042235951
	2.1665574051 	0.0000000000 	0.0029245401 	0.0029244949 	0.0029245611
	2.1916097039 	0.0000000000 	0.0020599799 	0.0020599491 	0.0020599908
	2.2166620027 	0.0000000000 	0.0015336458 	0.0015336253 	0.0015336475
	2.2417143016 	0.0000000000 	0.0012804484 	0.0012804351 	0.0012804409
	2.2667666004 	0.0000000000 	0.0012639866 	0.0012639783 	0.0012639688
	2.2918188992 	0.0000000000 	0.0014742927 	0.0014742878 	0.0014742623
	2.3168711980 	0.0000000000 	0.0019259748 	0.0019259722 	0.0019259285
	2.3419234968 	0.0000000000 	0.0026567229 	0.0026567217 	0.0026566561
	2.3669757956 	0.0000000000 	0.0037259382 	0.0037259379 	0.0037258449
	2.3920280945 	0.0000000000 	0.0052130910 	0.0052130910 	0.0052129640
	2.4170803933 	0.0000000000 	0.0072153004 	0.0072153001 	0.0072151312
	2.4421326921 	0.0000000000 	0.0098435952 	0.0098435939 	0.0098433744
	2.4671849909 	0.0000000000 	0.0132173593 	0.0132173561 	0.0132170767
	2.4922372897 	0.0000000000 	0.0174566054 	0.0174565991 	0.0174562509
	2.5172895886 	0.0000000000 	0.0226719636 	0.0226719525 	0.0226715275
	2.5423418874 	0.0000000000 	0.0289526032 	0.0289525853 	0.0289520775
	2.5673941862 	0.0000000000 	0.0363527066 	0.0363526795 	0.0363520858
	2.5924464850 	0.0000000000 	0.0448775309 	0.0448774917 	0.0448768128
	2.6174987838 	0.0000000000 	0.0544704695 	0.0544704149 	0.0544696568
	2.6425510826 	0.0000000000 	0.0650027860 	0.0650027125 	0.0650018862
	2.6676033815 	0.0000000000 	0.0762677595 	0.0762676634 	0.0762667861
	2.6926556803 	0.0000000000 	0.0879808103 	0.0879806881 	0.0879797823
	2.7177079791 	0.0000000000 	0.0997867298 	0.0997865783 	0.0997856715
	2.7427602779 	0.0000000000 	0.1112744485 	0.1112742653 	0.1112733885
	2.7678125767 	0.0000000000 	0.1219989026 	0.1219986860 	0.1219978720
	2.7928648755 	0.0000000000 	0.1315086152 	0.1315083648 	0.1315076462
	2.8179171744 	0.0000000000 	0.1393767359 	0.1393764527 	0.1393758594
	2.8429694732 	0.0000000000 	0.1452326220 	0.1452323081 	0.1452318653
	2.8680217720 	0.0000000000 	0.1487907283 	0.1487903876 	0.1487901137
	2.8930740708 	0.0000000000 	0.1498736775 	0.1498733151 	0.1498732202
	2.9181263696 	0.0000000000 	0.1484269151 	0.1484265370 	0.1484266224
	2.9431786685 	0.0000000000 	0.1445232640 	0.1445228772 	0.1445231349
	2.9682309673 	0.0000000000 	0.1383568495 	0.1383564615 	0.1383568752
	2.9932832661 	0.0000000000 	0.1302271001 	0.1302267181 	0.1302272648
	3.0183355649 	0.0000000000 	0.1205146596 	0.1205142906 	0.1205149421
	3.0433878637 	0.0000000000 	0.1096519072 	0.1096515573 	0.1096522825
	3.0684401625 	0.0000000000 	0.0980912579 	0.0980909322 	0.0980916995
	3.0934924614 	0.0000000000 	0.0862744542 	0.0862741567 	0.0862749357
	3.1185447602 	0.0000000000 	0.0746056881 	0.0746054212 	0.0746061850
	3.1435970590 	0.0000000000 	0.0634306939 	0.0634304589 	0.0634311848
	3.1686493578 	0.0000000000 	0.0530230600 	0.0530228567 	0.0530235276
	3.1937016566 	0.0000000000 	0.0435780623 	0.0435778896 	0.0435784936
	3.2187539554 	0.0000000000 	0.0352134719 	0.0352133278 	0.0352138584
	3.2438062543 	0.0000000000 	0.0279761263 	0.0279760082 	0.0279764636
	3.2688585531 	0.0000000000 	0.0218526503 	0.0218525553 	0.0218529373
	3.2939108519 	0.0000000000 	0.0167825695 	0.0167824944 	0.0167828081
	3.3189631507 	0.0000000000 	0.0126721585 	0.0126721001 	0.0126723523
	3.3440154495 	0.0000000000 	0.0094076368 	0.0094075922 	0.0094077908
	3.3690677484 	0.0000000000 	0.0068667034 	0.0068666700 	0.0068668232
	3.3941200472 	0.0000000000 	0.0049278087 	0.0049277841 	0.0049279000
	3.4191723460 	0.0000000000 	0.0034769400 	0.0034769222 	0.0034770082
	3.4442246448 	0.0000000000 	0.0024120058 	0.0024119931 	0.0024120557
	3.4692769436 	0.0000000000 	0.0016451190 	0.0016451101 	0.0016451548
	3.4943292424 	0.0000000000 	0.0011031995 	0.0011031935 	0.0011032247
	3.5193815413 	0.0000000000 	0.0007273587 	0.0007273546 	0.0007273761
	3.5444338401 	0.0000000000 	0.0004714992 	0.0004714965 	0.0004715110
	3.5694861389 	0.0000000000 	0.0003005046 	0.0003005029 	0.0003005125
	3.5945384377 	0.0000000000 	0.0001883038 	0.0001883027 	0.0001883089
	3.6195907365 	0.0000000000 	0.0001160125 	0.0001160118 	0.0001160158
	3.6446430353 	0.0000000000 	0.0000702730 	0.0000702726 	0.0000702751
	3.6696953342 	0.0000000000 	0.0000418514 	0.0000418511 	0.0000418527
	3.6947476330 	0.0000000000 	0.0000245058 	0.0000245056 	0.0000245066
	3.7197999318 	0.0000000000 	0.0000141080 	0.0000141079 	0.0000141085
	3.7448522306 	0.0000000000 	0.0000079855 	0.0000079854 	0.0000079857
	3.7699045294 	0.0000000000 	0.0000044440 	0.0000044440 	0.0000044441
	3.7949568283 	0.0000000000 	0.0000024316 	0.0000024315 	0.0000024316
	3.8200091271 	0.0000000000 	0.0000013081 	0.0000013081 	0.0000013081
	3.8450614259 	0.0000000000 	0.0000006919 	0.0000006919 	0.0000006919
	3.8701137247 	0.0000000000 	0.0000003598 	0.0000003598 	0.0000003598
	3.8951660235 	0.0000000000 	0.0000001840 	0.0000001840 	0.0000001840
	3.9202183223 	0.0000000000 	0.0000000926 	0.0000000926 	0.0000000926
	3.9452706212 	0.0000000001 	0.0000000459 	0.0000000459 	0.0000000459
	3.9703229200 	0.0000000002 	0.0000000226 	0.0000000226 	0.0000000226
	3.9953752188 	0.0000000004 	0.0000000116 	0.0000000116 	0.0000000116
	4.0204275176 	0.0000000009 	0.0000000071 	0.0000000071 	0.0000000071
	4.0454798164 	0.0000000019 	0.0000000069 	0.0000000069 	0.0000000069
	4.0705321152 	0.0000000040 	0.0000000107 	0.0000000107 	0.0000000107
	4.0955844141 	0.0000000083 	0.0000000205 	0.0000000205 	0.0000000205
	4.1206367129 	0.0000000170 	0.0000000412 	0.0000000412 	0.0000000412
	4.1456890117 	0.0000000343 	0.0000000825 	0.0000000825 	0.0000000825
	4.1707413105 	0.0000000680 	0.0000001629 	0.0000001629 	0.0000001629
	4.1957936093 	0.0000001324 	0.0000003165 	0.0000003165 	0.0000003164
	4.2208459082 	0.0000002536 	0.0000006046 	0.0000006046 	0.0000006046
	4.2458982070 	0.0000004776 	0.0000011357 	0.0000011358 	0.0000011357
	4.2709505058 	0.0000008843 	0.0000020978 	0.0000020978 	0.0000020976
	4.2960028046 	0.0000016102 	0.0000038098 	0.0000038098 	0.0000038095
	4.3210551034 	0.0000028828 	0.0000068030 	0.0000068031 	0.0000068026
	4.3461074022 	0.0000050748 	0.0000119445 	0.0000119447 	0.0000119439
	4.3711597011 	0.0000087840 	0.0000206204 	0.0000206207 	0.0000206194
	4.3962119999 	0.0000149499 	0.0000350018 	0.0000350023 	0.0000350000
	4.4212642987 	0.0000250183 	0.0000584180 	0.0000584188 	0.0000584152
	4.4463165975 	0.0000411670 	0.0000958665 	0.0000958677 	0.0000958621
	4.4713688963 	0.0000666058 	0.0001546861 	0.0001546879 	0.0001546792
	4.4964211951 	0.0001059612 	0.0002454142 	0.0002454170 	0.0002454037
	4.5214734940 	0.0001657502 	0.0003828359 	0.0003828402 	0.0003828203
	4.5465257928 	0.0002549374 	0.0005872060 	0.0005872123 	0.0005871831
	4.5715780916 	0.0003855545 	0.0008855913 	0.0008856004 	0.0008855585
	4.5966303904 	0.0005733378 	0.0013132321 	0.0013132450 	0.0013131858
	4.6216826892 	0.0008383168 	0.0019147636 	0.0019147816 	0.0019146996
	4.6467349881 	0.0012052542 	0.0027450775 	0.0027451021 	0.0027449906
	4.6717872869 	0.0017038137 	0.0038695463 	0.0038695795 	0.0038694309
	4.6968395857 	0.0023683104 	0.0053632957 	0.0053633395 	0.0053631454
	4.7218918845 	0.0032368926 	0.0073092012 	0.0073092581 	0.0073090094
	4.7469441833 	0.0043500196 	0.0097943318 	0.0097944043 	0.0097940921
	4.7719964821 	0.0057481417 	0.0129046628 	0.0129047534 	0.0129043696
	4.7970487810 	0.0074685641 	0.0167180528 	0.0167181638 	0.0167177020
	4.8221010798 	0.0095415786 	0.0212957106 	0.0212958441 	0.0212953005
	4.8471533786 	0.0119860718 	0.0266726534 	0.0266728106 	0.0266721851
	4.8722056774 	0.0148049555 	0.0328479422 	0.0328481238 	0.0328474210
	4.8972579762 	0.0179808814 	0.0397757336 	0.0397759391 	0.0397751691
	4.9223102750 	0.0214727924 	0.0473583468 	0.0473585744 	0.0473577532
	4.9473625739 	0.0252138866 	0.0554425744 	0.0554428211 	0.0554419704
	4.9724148727 	0.0291115157 	0.0638203197 	0.0638205814 	0.0638197281
	4.9974671715 	0.0330494032 	0.0722343064 	0.0722345775 	0.0722337529
	5.0225194703 	0.0368923419 	0.0803891043 	0.0803893784 	0.0803886160
	5.0475717691 	0.0404932510 	0.0879670903 	0.0879673606 	0.0879666944
	5.0726240680 	0.0437021589 	0.0946483006 	0.0946485599 	0.0946480219
	5.0976763668 	0.0463763929 	0.1001325251 	0.1001327664 	0.1001323842
	5.1227286656 	0.0483910301 	0.1041615570 	0.1041617742 	0.1041615688
	5.1477809644 	0.0496485518 	0.1065393141 	0.1065395021 	0.1065394861
	5.1728332632 	0.0500866638 	0.1071476509 	0.1071478062 	0.1071479830
	5.1978855620 	0.0496834113 	0.1059560891 	0.1059562097 	0.1059565727
	5.2229378609 	0.0484590018 	0.1030243473 	0.1030244330 	0.1030249667
	5.2479901597 	0.0464741273 	0.0984973816 	0.0984974338 	0.0984981146
	5.2730424585 	0.0438249779 	0.0925935067 	0.0925935282 	0.0925943262
	5.2980947573 	0.0406355188 	0.0855869553 	0.0855869502 	0.0855878319
	5.3231470561 	0.0370478919 	0.0777868139 	0.0777867868 	0.0777877173
	5.3481993549 	0.0332119768 	0.0695145809 	0.0695145370 	0.0695154823
	5.3732516538 	0.0292751698 	0.0610825988 	0.0610825432 	0.0610834724
	5.3983039526 	0.0253733332 	0.0527753260 	0.0527752635 	0.0527761502
	5.4233562514 	0.0216236476 	0.0448349106 	0.0448348455 	0.0448356689
	5.4484085502 	0.0181198099 	0.0374518949 	0.0374518306 	0.0374525761
	5.4734608490 	0.0149297140 	0.0307612176 	0.0307611569 	0.0307618157
	5.4985131479 	0.0120954607 	0.0248430902 	0.0248430348 	0.0248436040
	5.5235654467 	0.0096353241 	0.0197278703 	0.0197278214 	0.0197283022
	5.5486177455 	0.0075471523 	0.0154037833 	0.0154037414 	0.0154041391
	5.5736700443 	0.0058126300 	0.0118262573 	0.0118262223 	0.0118265444
	5.5987223431 	0.0044018466 	0.0089277102 	0.0089276816 	0.0089279372
	5.6237746419 	0.0032777036 	0.0066268292 	0.0066268065 	0.0066270052
	5.6488269408 	0.0023998101 	0.0048366483 	0.0048366307 	0.0048367822
	5.6738792396 	0.0017276524 	0.0034710140 	0.0034710006 	0.0034711139
	5.6989315384 	0.0012229481 	0.0024492970 	0.0024492870 	0.0024493701
	5.7239838372 	0.0008512002 	0.0016994165 	0.0016994092 	0.0016994690
	5.7490361360 	0.0005825421 	0.0011593954 	0.0011593902 	0.0011594325
	5.7740884348 	0.0003920077 	0.0007777443 	0.0007777406 	0.0007777699
	5.7991407337 	0.0002593782 	0.0005129980 	0.0005129955 	0.0005130154
	5.8241930325 	0.0001687500 	0.0003327121 	0.0003327104 	0.0003327237
	5.8492453313 	0.0001079507 	0.0002121761 	0.0002121750 	0.0002121837
	5.8742976301 	0.0000679013 	0.0001330463 	0.0001330456 	0.0001330512
	5.8993499289 	0.0000419954 	0.0000820350 	0.0000820346 	0.0000820381
	5.9244022278 	0.0000255386 	0.0000497424 	0.0000497421 	0.0000497443
	5.9494545266 	0.0000152708 	0.0000296702 	0.0000296701 	0.0000296714
	5.9745068254 	0.0000089784 	0.0000174281 	0.0000174280 	0.0000174288
	5.9995591242 	0.0000051904 	0.0000101182 	0.0000101182 	0.0000101186
	6.0246114230 	0.0000029504 	0.0000058772 	0.0000058772 	0.0000058775
	6.0496637218 	0.0000016490 	0.0000035481 	0.0000035481 	0.0000035482
	6.0747160207 	0.0000009062 	0.0000024561 	0.0000024561 	0.0000024561
	6.0997683195 	0.0000004897 	0.0000022668 	0.0000022669 	0.0000022668
	6.1248206183 	0.0000002602 	0.0000029103 	0.0000029106 	0.0000029104
	6.1498729171 	0.0000001359 	0.0000045610 	0.0000045614 	0.0000045610
	6.1749252159 	0.0000000698 	0.0000076687 	0.0000076694 	0.0000076688
	6.1999775147 	0.0000000353 	0.0000130440 	0.0000130452 	0.0000130442
	6.2250298136 	0.0000000175 	0.0000220033 	0.0000220053 	0.0000220035
	6.2500821124 	0.0000000086 	0.0000365856 	0.0000365888 	0.0000365860
	6.2751344112 	0.0000000041 	0.0000598543 	0.0000598593 	0.0000598548
	6.3001867100 	0.0000000019 	0.0000962970 	0.0000963048 	0.0000962979
	6.3252390088 	0.0000000009 	0.0001523338 	0.0001523455 	0.0001523350
	6.3502913077 	0.0000000004 	0.0002369329 	0.0002369505 	0.0002369348
	6.3753436065 	0.0000000002 	0.0003623220 	0.0003623479 	0.0003623248
	6.4003959053 	0.0000000001 	0.0005447567 	0.0005447940 	0.0005447608
	6.4254482041 	0.0000000000 	0.0008052829 	0.0008053355 	0.0008052888
	6.4505005029 	0.0000000000 	0.0011703944 	0.0011704674 	0.0011704026
	6.4755528017 	0.0000000000 	0.0016724525 	0.0016725518 	0.0016724639
	6.5006051006 	0.0000000000 	0.0023497041 	0.0023498365 	0.0023497194
	6.5256573994 	0.0000000000 	0.0032457148 	0.0032458880 	0.0032457351
	6.5507096982 	0.0000000000 	0.0044080381 	0.0044082601 	0.0044080645
	6.5757619970 	0.0000000000 	0.0058859711 	0.0058862499 	0.0058860049
	6.6008142958 	0.0000000000 	0.0077273167 	0.0077276597 	0.0077273591
	6.6258665946 	0.0000000000 	0.0099741778 	0.0099745906 	0.0099742298
	6.6509188935 	0.0000000000 	0.0126579478 	0.0126584337 	0.0126580106
	6.6759711923 	0.0000000000 	0.0157938241 	0.0157943831 	0.0157938984
	6.7010234911 	0.0000000000 	0.0193753294 	0.0193759573 	0.0193754156
	6.7260757899 	0.0000000000 	0.0233694611 	0.0233701484 	0.0233695590
	6.7511280887 	0.0000000000 	0.0277131634 	0.0277138955 	0.0277132724
	6.7761803876 	0.0000000001 	0.0323118119 	0.0323125687 	0.0323119307
	6.8012326864 	0.0000000002 	0.0370402855 	0.0370410422 	0.0370404121
	6.8262849852 	0.0000000004 	0.0417469877 	0.0417477156 	0.0417471197
	6.8513372840 	0.0000000008 	0.0462608673 	0.0462615353 	0.0462610016
	6.8763895828 	0.0000000017 	0.0504011225 	0.0504016995 	0.0504012559
	6.9014418816 	0.0000000035 	0.0539888987 	0.0539893551 	0.0539890277
	6.9264941805 	0.0000000070 	0.0568599621 	0.0568602726 	0.0568600834
	6.9515464793 	0.0000000140 	0.0588771168 	0.0588772620 	0.0588772272
	6.9765987781 	0.0000000274 	0.0599410624 	0.0599410308 	0.0599411594
	7.0016510769 	0.0000000529 	0.0599985000 	0.0599982887 	0.0599985817
	7.0267033757 	0.0000001002 	0.0590465649 	0.0590461802 	0.0590466301
	7.0517556745 	0.0000001868 	0.0571330777 	0.0571325344 	0.0571331261
	7.0768079734 	0.0000003423 	0.0543525852 	0.0543519056 	0.0543526172
	7.1018602722 	0.0000006169 	0.0508386563 	0.0508378686 	0.0508386732
	7.1269125710 	0.0000010929 	0.0467533149 	0.0467524505 	0.0467533184
	7.1519648698 	0.0000019037 	0.0422747875 	0.0422738794 	0.0422747797
	7.1770171686 	0.0000032602 	0.0375848709 	0.0375839511 	0.0375848543
	7.2020694675 	0.0000054896 	0.0328571784 	0.0328562762 	0.0328571554
	7.2271217663 	0.0000090881 	0.0282473205 	0.0282464607 	0.0282472933
	7.2521740651 	0.0000147926 	0.0238857614 	0.0238849637 	0.0238857321
	7.2772263639 	0.0000236730 	0.0198737195 	0.0198729976 	0.0198736897
	7.3022786627 	0.0000372475 	0.0162821030 	0.0162814651 	0.0162820740
	7.3273309615 	0.0000576210 	0.0131531524 	0.0131526013 	0.0131531248
	7.3523832604 	0.0000876398 	0.0105042168 	0.0105037512 	0.0105041913
	7.3774355592 	0.0001310570 	0.0083329598 	0.0083325748 	0.0083329362
	7.4024878580 	0.0001926888 	0.0066232467 	0.0066229350 	0.0066232246
	7.4275401568 	0.0002785421 	0.0053510189 	0.0053507717 	0.0053509976
	7.4525924556 	0.0003958793 	0.0044895631 	0.0044893713 	0.0044895418
	7.4776447545 	0.0005531879 	0.0040137302 	0.0040135846 	0.0040137077
	7.5026970533 	0.0007600118 	0.0039028075 	0.0039026996 	0.0039027825
	7.5277493521 	0.0010266106 	0.0041419022 	0.0041418244 	0.0041418733
	7.5528016509 	0.0013634180 	0.0047218260 	0.0047217718 	0.0047217918
	7.5778539497 	0.0017802872 	0.0056375939 	0.0056375581 	0.0056375531
	7.6029062485 	0.0022855405 	0.0068857550 	0.0068857333 	0.0068857063
	7.6279585474 	0.0028848656 	0.0084608686 	0.0084608578 	0.0084608109
	7.6530108462 	0.0035801403 	0.0103515211 	0.0103515188 	0.0103514536
	7.6780631450 	0.0043682986 	0.0125363408 	0.0125363453 	0.0125362630
	7.7031154438 	0.0052403752 	0.0149805071 	0.0149805171 	0.0149804190
	7.7281677426 	0.0061808792 	0.0176332462 	0.0176332610 	0.0176331484
	7.7532200414 	0.0071676359 	0.0204267533 	0.0204267723 	0.0204266468
	7.7782723403 	0.0081722083 	0.0232768694 	0.0232768920 	0.0232767557
	7.8033246391 	0.0091609546 	0.0260856776 	0.0260857035 	0.0260855588
	7.8283769379 	0.0100967094 	0.0287459704 	0.0287459992 	0.0287458490
	7.8534292367 	0.0109409951 	0.0311473101 	0.0311473414 	0.0311471889
	7.8784815355 	0.0116565941 	0.0331831818 	0.0331832150 	0.0331830636
	7.9035338344 	0.0122102476 	0.0347585589 	0.0347585936 	0.0347584466
	7.9285861332 	0.0125752130 	0.0357971022 	0.0357971379 	0.0357969985
	7.9536384320 	0.0127334054 	0.0362472037 	0.0362472396 	0.0362471107
	7.9786907308 	0.0126768867 	0.0360861900 	0.0360862256 	0.0360861093
	8.0037430296 	0.0124085321 	0.0353221979 	0.0353222325 	0.0353221306
	8.0287953284 	0.0119417987 	0.0339935001 	0.0339935333 	0.0339934466
	8.0538476273 	0.0112996248 	0.0321653616 	0.0321653928 	0.0321653215
	8.0788999261 	0.0105125908 	0.0299247933 	0.0299248221 	0.0299247659
	8.1039522249 	0.0096165522 	0.0273738071 	0.0273738334 	0.0273737911
	8.1290045237 	0.0086500119 	0.0246219215 	0.0246219450 	0.0246219151
	8.1540568225 	0.0076515096 	0.0217787143 	0.0217787351 	0.0217787159
	8.1791091213 	0.0066572884 	0.0189471600 	0.0189471780 	0.0189471675
	8.2041614202 	0.0056994472 	0.0162183394 	0.0162183549 	0.0162183510
	8.2292137190 	0.0048047131 	0.0136679082 	0.0136679213 	0.0136679222
	8.2542660178 	0.0039938875 	0.0113544733 	0.0113544844 	0.0113544882
	8.2793183166 	0.0032819416 	0.0093198063 	0.0093198160 	0.0093198210
	8.3043706154 	0.0026786667 	0.0075906312 	0.0075906398 	0.0075906447
	8.3294229143 	0.0021897400 	0.0061815871 	0.0061815953 	0.0061815987
	8.3544752131 	0.0018180349 	0.0050988922 	0.0050989009 	0.0050989017
	8.3795275119 	0.0015649984 	0.0043442108 	0.0043442208 	0.0043442179
	8.4045798107 	0.0014319264 	0.0039182535 	0.0039182658 	0.0039182583
	8.4296321095 	0.0014209859 	0.0038237026 	0.0038237188 	0.0038237055
	8.4546844083 	0.0015358647 	0.0040671388 	0.0040671606 	0.0040671404
	8.4797367072 	0.0017819620 	0.0046597447 	0.0046597741 	0.0046597459
	8.5047890060 	0.0021660747 	0.0056166727 	0.0056167122 	0.0056166748
	8.5298413048 	0.0026955757 	0.0069550844 	0.0069551370 	0.0069550892
	8.5548936036 	0.0033771301 	0.0086909949 	0.0086910640 	0.0086910049
	8.5799459024 	0.0042150450 	0.0108351927 	0.0108352819 	0.0108352107
	8.6049982012 	0.0052094009 	0.0133886336 	0.0133887469 	0.0133886633
	8.6300505001 	0.0063541578 	0.0163378304 	0.0163379720 	0.0163378760
	8.6551027989 	0.0076354649 	0.0196508405 	0.0196510143 	0.0196509069
	8.6801550977 	0.0090304169 	0.0232744873 	0.0232746969 	0.0232745795
	8.7052073965 	0.0105064886 	0.0271334083 	0.0271336567 	0.0271335318
	8.7302596953 	0.0120218346 	0.0311313928 	0.0311316819 	0.0311315526
	8.7553119942 	0.0135265634 	0.0351552528 	0.0351555833 	0.0351554534
	8.7803642930 	0.0149649920 	0.0390811788 	0.0390815499 	0.0390814240
	8.8054165918 	0.0162787665 	0.0427831956 	0.0427836044 	0.0427834876
	8.8304688906 	0.0174106133 	0.0461429935 	0.0461434354 	0.0461433329
	8.8555211894 	0.0183083838 	0.0490601315 	0.0490605998 	0.0490605167
	8.8805734882 	0.0189289905 	0.0514614264 	0.0514619125 	0.0514618538
	8.9056257871 	0.0192418161 	0.0533083138 	0.0533088074 	0.0533087775
	8.9306780859 	0.0192312163 	0.0546011051 	0.0546015945 	0.0546015970
	8.9557303847 	0.0188978316 	0.0553793701 	0.0553798424 	0.0553798802
	8.9807826835 	0.0182585589 	0.0557181201 	0.0557185622 	0.0557186370
	9.0058349823 	0.0173451883 	0.0557199884 	0.0557203871 	0.0557204997
	9.0308872811 	0.0162018690 	0.0555041407 	0.0555044832 	0.0555046334
	9.0559395800 	0.0148816990 	0.0551931112 	0.0551933860 	0.0551935725
	9.0809918788 	0.0134428236 	0.0548990856 	0.0548992828 	0.0548995033
	9.1060441776 	0.0119444597 	0.0547112799 	0.0547113914 	0.0547116429
	9.1310964764 	0.0104432449 	0.0546859733 	0.0546859938 	0.0546862723
	9.1561487752 	0.0089902345 	0.0548404506 	0.0548403773 	0.0548406783
	9.1812010741 	0.0076287655 	0.0551516256 	0.0551514587 	0.0551517770
	9.2062533729 	0.0063932771 	0.0555595282 	0.0555592707 	0.0555596007
	9.2313056717 	0.0053090585 	0.0559752143 	0.0559748722 	0.0559752081
	9.2563579705 	0.0043927828 	0.0562920955 	0.0562916776 	0.0562920133
	9.2814102693 	0.0036536165 	0.0563992543 	0.0563987716 	0.0563991012
	9.3064625681 	0.0030946500 	0.0561950767 	0.0561945424 	0.0561948602
	9.3315148670 	0.0027143944 	0.0555995246 	0.0555989535 	0.0555992542
	9.3565671658 	0.0025081213 	0.0545635813 	0.0545629889 	0.0545632680
	9.3816194646 	0.0024688760 	0.0530748037 	0.0530742059 	0.0530744595
	9.4066717634 	0.0025880658 	0.0511584456 	0.0511578578 	0.0511580831
	9.4317240622 	0.0028556035 	0.0488741937 	0.0488736304 	0.0488738255
	9.4567763610 	0.0032596588 	0.0463091099 	0.0463085840 	0.0463087481
	9.4818286599 	0.0037861319 	0.0435678160 	0.0435673383 	0.0435674715
	9.5068809587 	0.0044180090 	0.0407612459 	0.0407608249 	0.0407609280
	9.5319332575 	0.0051347827 	0.0379953837 	0.0379950253 	0.0379951000
	9.5569855563 	0.0059121128 	0.0353613159 	0.0353610234 	0.0353610719
	9.5820378551 	0.0067218814 	0.0329276663 	0.0329274406 	0.0329274655
	9.6070901540 	0.0075327386 	0.0307361083 	0.0307359478 	0.0307359520
	9.6321424528 	0.0083111723 	0.0288002158 	0.0288001170 	0.0288001035
	9.6571947516 	0.0090230569 	0.0271074876 	0.0271074454 	0.0271074170
	9.6822470504 	0.0096355598 	0.0256240085 	0.0256240162 	0.0256239760
	9.7072993492 	0.0101192259 	0.0243009475 	0.0243009979 	0.0243009486
	9.7323516480 	0.0104500159 	0.0230819540 	0.0230820392 	0.0230819835
	9.7574039469 	0.0106110663 	0.0219105043 	0.0219106164 	0.0219105565
	9.7824562457 	0.0105939614 	0.0207363644 	0.0207364957 	0.0207364338
	9.8075085445 	0.0103993573 	0.0195205377 	0.0195206811 	0.0195206190
	9.8325608433 	0.0100368764 	0.0182383219 	0.0182384709 	0.0182384102
	9.8576131421 	0.0095242750 	0.0168803744 	0.0168805234 	0.0168804654
	9.8826654409 	0.0088859738 	0.0154519351 	0.0154520795 	0.0154520250
	9.9077177398 	0.0081511152 	0.0139705521 	0.0139706883 	0.0139706383
	9.9327700386 	0.0073513559 	0.0124627886 	0.0124629141 	0.0124628689
	9.9578223374 	0.0065186254 	0.0109604325 	0.0109605454 	0.0109605053
	9.9828746362 	0.0056830646 	0.0094967134 	0.0094968130 	0.0094967780
	10.0079269350 	0.0048713246 	0.0081029464 	0.0081030325 	0.0081030026
	10.0329792339 	0.0041053427 	0.0068059003 	0.0068059734 	0.0068059481
	10.0580315327 	0.0034016498 	0.0056260528 	0.0056261136 	0.0056260926
	10.0830838315 	0.0027711983 	0.0045767601 	0.0045768099 	0.0045767927
	10.1081361303 	0.0022196445 	0.0036642604 	0.0036643003 	0.0036642864
	10.1331884291 	0.0017479824 	0.0028883470 	0.0028883785 	0.0028883673
	10.1582407279 	0.0013534072 	0.0022435099 	0.0022435343 	0.0022435253
	10.1832930268 	0.0010302858 	0.0017203301 	0.0017203486 	0.0017203412
	10.2083453256 	0.0007711250 	0.0013069335 	0.0013069471 	0.0013069408
	10.2333976244 	0.0005674526 	0.0009903463 	0.0009903560 	0.0009903504
	10.2584499232 	0.0004105559 	0.0007576414 	0.0007576480 	0.0007576425
	10.2835022220 	0.0002920470 	0.0005968097 	0.0005968136 	0.0005968079
	10.3085545208 	0.0002042542 	0.0004973343 	0.0004973359 	0.0004973296
	10.3336068197 	0.0001404517 	0.0004504769 	0.0004504763 	0.0004504690
	10.3586591185 	0.0000949557 	0.0004493072 	0.0004493043 	0.0004492957
	10.3837114173 	0.0000631179 	0.0004885224 	0.0004885168 	0.0004885067
	10.4087637161 	0.0000412498 	0.0005641076 	0.0005640990 	0.0005640873
	10.4338160149 	0.0000265051 	0.0006728933 	0.0006728810 	0.0006728675
	10.4588683138 	0.0000167446 	0.0008120613 	0.0008120446 	0.0008120294
	10.4839206126 	0.0000104006 	0.0009786535 	0.0009786313 	0.0009786147
	10.5089729114 	0.0000063515 	0.0011691302 	0.0011691017 	0.0011690840
	10.5340252102 	0.0000038136 	0.0013790239 	0.0013789881 	0.0013789699
	10.5590775090 	0.0000022513 	0.0016027241 	0.0016026800 	0.0016026620
	10.5841298078 	0.0000013067 	0.0018334221 	0.0018333689 	0.0018333519
	10.6091821067 	0.0000007457 	0.0020632283 	0.0020631653 	0.0020631504
	10.6342344055 	0.0000004184 	0.0022834599 	0.0022833869 	0.0022833749
	10.6592867043 	0.0000002308 	0.0024850773 	0.0024849942 	0.0024849861
	10.6843390031 	0.0000001252 	0.0026592305 	0.0026591377 	0.0026591343
	10.7093913019 	0.0000000667 	0.0027978598 	0.0027977580 	0.0027977601
	10.7344436007 	0.0000000350 	0.0028942889 	0.0028941793 	0.0028941873
	10.7594958996 	0.0000000180 	0.0029437420 	0.0029436262 	0.0029436402
	10.7845481984 	0.0000000091 	0.0029437268 	0.0029436067 	0.0029436266
	10.8096004972 	0.0000000046 	0.0028942373 	0.0028941150 	0.0028941403
	10.8346527960 	0.0000000022 	0.0027977512 	0.0027976289 	0.0027976590
	10.8597050948 	0.0000000011 	0.0026590233 	0.0026589031 	0.0026589370
	10.8847573937 	0.0000000005 	0.0024846952 	0.0024845793 	0.0024846159
	10.9098096925 	0.0000000002 	0.0022827691 	0.0022826592 	0.0022826974
	10.9348619913 	0.0000000001 	0.0020620001 	0.0020618978 	0.0020619365
	10.9599142901 	0.0000000000 	0.0018312734 	0.0018311799 	0.0018312179
	10.9849665889 	0.0000000000 	0.0015990260 	0.0015989420 	0.0015989783
	11.0100188877 	0.0000000000 	0.0013727633 	0.0013726891 	0.0013727231
	11.0350711866 	0.0000000000 	0.0011587069 	0.0011586426 	0.0011586736
	11.0601234854 	0.0000000000 	0.0009615887 	0.0009615339 	0.0009615616
	11.0851757842 	0.0000000000 	0.0007845902 	0.0007845444 	0.0007845685
	11.1102280830 	0.0000000000 	0.0006294109 	0.0006293732 	0.0006293938
	11.1352803818 	0.0000000000 	0.0004964361 	0.0004964057 	0.0004964229
	11.1603326806 	0.0000000000 	0.0003849731 	0.0003849489 	0.0003849630
	11.1853849795 	0.0000000000 	0.0002935182 	0.0002934994 	0.0002935108
	11.2104372783 	0.0000000000 	0.0002200279 	0.0002200134 	0.0002200224
	11.2354895771 	0.0000000001 	0.0001621654 	0.0001621545 	0.0001621614
	11.2605418759 	0.0000000001 	0.0001175105 	0.0001175024 	0.0001175077
	11.2855941747 	0.0000000002 	0.0000837208 	0.0000837149 	0.0000837188
	11.3106464736 	0.0000000005 	0.0000586447 	0.0000586405 	0.0000586434
	11.3356987724 	0.0000000010 	0.0000403893 	0.0000403863 	0.0000403884
	11.3607510712 	0.0000000019 	0.0000273497 	0.0000273477 	0.0000273491
	11.3858033700 	0.0000000037 	0.0000182099 	0.0000182086 	0.0000182096
	11.4108556688 	0.0000000071 	0.0000119233 	0.0000119224 	0.0000119230
	11.4359079676 	0.0000000133 	0.0000076806 	0.0000076800 	0.0000076804
	11.4609602665 	0.0000000246 	0.0000048732 	0.0000048728 	0.0000048731
	11.4860125653 	0.0000000445 	0.0000030560 	0.0000030558 	0.0000030560
	11.5110648641 	0.0000000792 	0.0000019127 	0.0000019125 	0.0000019126
	11.5361171629 	0.0000001385 	0.0000012263 	0.0000012262 	0.0000012263
	11.5611694617 	0.0000002384 	0.0000008560 	0.0000008560 	0.0000008560
	11.5862217605 	0.0000004035 	0.0000007192 	0.0000007192 	0.0000007192
	11.6112740594 	0.0000006712 	0.0000007798 	0.0000007797 	0.0000007797
	11.6363263582 	0.0000010978 	0.0000010412 	0.0000010412 	0.0000010412
	11.6613786570 	0.0000017655 	0.0000015450 	0.0000015450 	0.0000015450
	11.6864309558 	0.0000027914 	0.0000023725 	0.0000023726 	0.0000023726
	11.7114832546 	0.0000043393 	0.0000036507 	0.0000036508 	0.0000036507
	11.7365355535 	0.0000066323 	0.0000055600 	0.0000055602 	0.0000055601
	11.7615878523 	0.0000099665 	0.0000083450 	0.0000083452 	0.0000083450
	11.7866401511 	0.0000147250 	0.0000123242 	0.0000123245 	0.0000123243
	11.8116924499 	0.0000213900 	0.0000178999 	0.0000179003 	0.0000179000
	11.8367447487 	0.0000305493 	0.0000255635 	0.0000255641 	0.0000255636
	11.8617970475 	0.0000428973 	0.0000358956 	0.0000358966 	0.0000358958
	11.8868493464 	0.0000592239 	0.0000495571 	0.0000495584 	0.0000495574
	11.9119016452 	0.0000803899 	0.0000672682 	0.0000672699 	0.0000672686
	11.9369539440 	0.0001072863 	0.0000897742 	0.0000897766 	0.0000897748
	11.9620062428 	0.0001407746 	0.0001177963 	0.0001177994 	0.0001177971
	11.9870585416 	0.0001816111 	0.0001519672 	0.0001519712 	0.0001519682
	12.0121108405 	0.0002303553 	0.0001927551 	0.0001927601 	0.0001927563
	12.0371631393 	0.0002872711 	0.0002403808 	0.0002403871 	0.0002403823
	12.0622154381 	0.0003522277 	0.0002947350 	0.0002947427 	0.0002947369
	12.0872677369 	0.0004246127 	0.0003553054 	0.0003553147 	0.0003553077
	12.1123200357 	0.0005032694 	0.0004211245 	0.0004211354 	0.0004211271
	12.1373723345 	0.0005864704 	0.0004907474 	0.0004907602 	0.0004907506
	12.1624246334 	0.0006719395 	0.0005622707 	0.0005622854 	0.0005622743
	12.1874769322 	0.0007569253 	0.0006333945 	0.0006334110 	0.0006333985
	12.2125292310 	0.0008383309 	0.0007015316 	0.0007015499 	0.0007015360
	12.2375815298 	0.0009128910 	0.0007639571 	0.0007639771 	0.0007639620
	12.2626338286 	0.0009773852 	0.0008179899 	0.0008180112 	0.0008179951
	12.2876861274 	0.0010288692 	0.0008611893 	0.0008612117 	0.0008611947
	12.3127384263 	0.0010649016 	0.0008915516 	0.0008915748 	0.0008915573
	12.3377907251 	0.0010837437 	0.0009076872 	0.0009077108 	0.0009076930
	12.3628430239 	0.0010845110 	0.0009089622 	0.0009089858 	0.0009089680
	12.3878953227 	0.0010672623 	0.0008955950 	0.0008956183 	0.0008956007
	12.4129476215 	0.0010330162 	0.0008687030 	0.0008687254 	0.0008687084
	12.4379999204 	0.0009836996 	0.0008303033 	0.0008303245 	0.0008303085
	12.4630522192 	0.0009220352 	0.0007832806 	0.0007833003 	0.0007832854
	12.4881045180 	0.0008513876 	0.0007313382 	0.0007313562 	0.0007313426
	12.5131568168 	0.0007755894 	0.0006789544 	0.0006789705 	0.0006789583
	12.5382091156 	0.0006987716 	0.0006313639 	0.0006313778 	0.0006313673
	12.5632614144 	0.0006252186 	0.0005945797 	0.0005945913 	0.0005945824
	12.5883137133 	0.0005592645 	0.0005754609 	0.0005754701 	0.0005754630
	12.6133660121 	0.0005052371 	0.0005818207 	0.0005818274 	0.0005818221
	12.6384183109 	0.0004674452 	0.0006225513 	0.0006225555 	0.0006225520
	12.6634706097 	0.0004501984 	0.0007077288 	0.0007077302 	0.0007077286
	12.6885229085 	0.0004578357 	0.0008486464 	0.0008486450 	0.0008486452
	12.7135752073 	0.0004947352 	0.0010577175 	0.0010577130 	0.0010577152
	12.7386275062 	0.0005652753 	0.0013481842 	0.0013481765 	0.0013481806
	12.7636798050 	0.0006737201 	0.0017335800 	0.0017335689 	0.0017335748
	12.7887321038 	0.0008240087 	0.0022269126 	0.0022268979 	0.0022269056
	12.8137844026 	0.0010194411 	0.0028395635 	0.0028395451 	0.0028395544
	12.8388367014 	0.0012622711 	0.0035799452 	0.0035799232 	0.0035799337
	12.8638890003 	0.0015532315 	0.0044520027 	0.0044519773 	0.0044519884
	12.8889412991 	0.0018910400 	0.0054536950 	0.0054536666 	0.0054536777
	12.9139935979 	0.0022719447 	0.0065756329 	0.0065756023 	0.0065756124
	12.9390458967 	0.0026893816 	0.0078000737 	0.0078000418 	0.0078000497
	12.9640981955 	0.0031338125 	0.0091004729 	0.0091004409 	0.0091004455
	12.9891504943 	0.0035928064 	0.0104417657 	0.0104417351 	0.0104417348
	13.0142027932 	0.0040514022 	0.0117814893 	0.0117814618 	0.0117814552
	13.0392550920 	0.0044927628 	0.0130717711 	0.0130717484 	0.0130717340
	13.0643073908 	0.0048990948 	0.0142621037 	0.0142620877 	0.0142620642
	13.0893596896 	0.0052527677 	0.0153027183 	0.0153027105 	0.0153026768
	13.1144119884 	0.0055375381 	0.0161482718 	0.0161482739 	0.0161482292
	13.1394642872 	0.0057397577 	0.0167614974 	0.0167615105 	0.0167614544
	13.1645165861 	0.0058494385 	0.0171164390 	0.0171164639 	0.0171163963
	13.1895688849 	0.0058610580 	0.0172009137 	0.0172009510 	0.0172008722
	13.2146211837 	0.0057740110 	0.0170179177 	0.0170179674 	0.0170178782
	13.2396734825 	0.0055926561 	0.0165857955 	0.0165858576 	0.0165857588
	13.2647257813 	0.0053259496 	0.0159371299 	0.0159372039 	0.0159370968
	13.2897780802 	0.0049867106 	0.0151164451 	0.0151165304 	0.0151164162
	13.3148303790 	0.0045905982 	0.0141769405 	0.0141770365 	0.0141769164
	13.3398826778 	0.0041549167 	0.0131765674 	0.0131766734 	0.0131765487
	13.3649349766 	0.0036973727 	0.0121738128 	0.0121739284 	0.0121738001
	13.3899872754 	0.0032349083 	0.0112235654 	0.0112236901 	0.0112235592
	13.4150395742 	0.0027827139 	0.0103734058 	0.0103735389 	0.0103734066
	13.4400918731 	0.0023534932 	0.0096606029 	0.0096607441 	0.0096606113
	13.4651441719 	0.0019570194 	0.0091100153 	0.0091101638 	0.0091100317
	13.4901964707 	0.0015999822 	0.0087330043 	0.0087331593 	0.0087330293
	13.5152487695 	0.0012860947 	0.0085273822 	0.0085275423 	0.0085274162
	13.5403010683 	0.0010164092 	0.0084783373 	0.0084785007 	0.0084783807
	13.5653533671 	0.0007897725 	0.0085602159 	0.0085603805 	0.0085602689
	13.5904056660 	0.0006033554 	0.0087389885 	0.0087391517 	0.0087390511
	13.6154579648 	0.0004531920 	0.0089751914 	0.0089753502 	0.0089752633
	13.6405102636 	0.0003346795 	0.0092271124 	0.0092272636 	0.0092271932
	13.6655625624 	0.0002430042 	0.0094539772 	0.0094541177 	0.0094540660
	13.6906148612 	0.0001734747 	0.0096188996 	0.0096190265 	0.0096189953
	13.7156671601 	0.0001217578 	0.0096913793 	0.0096914900 	0.0096914804
	13.7407194589 	0.0000840225 	0.0096491681 	0.0096492607 	0.0096492730
	13.7657717577 	0.0000570077 	0.0094793834 	0.0094794568 	0.0094794902
	13.7908240565 	0.0000380288 	0.0091788119 	0.0091788659 	0.0091789188
	13.8158763553 	0.0000249426 	0.0087534240 	0.0087534591 	0.0087535290
	13.8409286541 	0.0000160859 	0.0082171898 	0.0082172074 	0.0082172911
	13.8659809530 	0.0000102023 	0.0075903531 	0.0075903552 	0.0075904492
	13.8910332518 	0.0000063669 	0.0068973613 	0.0068973503 	0.0068974508
	13.9160855506 	0.0000039158 	0.0061646702 	0.0061646488 	0.0061647522
	13.9411378494 	0.0000023848 	0.0054186377 	0.0054186089 	0.0054187115
	13.9661901482 	0.0000014583 	0.0046836883 	0.0046836547 	0.0046837536
	13.9912424470 	0.0000009300 	0.0039808831 	0.0039808471 	0.0039809398
	14.0162947459 	0.0000006728 	0.0033269715 	0.0033269352 	0.0033270199
	14.0413470447 	0.0000006189 	0.0027339388 	0.0027339040 	0.0027339794
	14.0663993435 	0.0000007466 	0.0022090111 	0.0022089789 	0.0022090446
	14.0914516423 	0.0000010749 	0.0017550369 	0.0017550080 	0.0017550640
	14.1165039411 	0.0000016629 	0.0013711405 	0.0013711154 	0.0013711621
	14.1415562400 	0.0000026147 	0.0010535348 	0.0010535136 	0.0010535517
	14.1666085388 	0.0000040887 	0.0007963858 	0.0007963683 	0.0007963988
	14.1916608376 	0.0000063103 	0.0005926409 	0.0005926267 	0.0005926507
	14.2167131364 	0.0000095874 	0.0004347563 	0.0004347451 	0.0004347636
	14.2417654352 	0.0000143277 	0.0003152848 	0.0003152761 	0.0003152902
	14.2668177340 	0.0000210550 	0.0002273078 	0.0002273012 	0.0002273117
	14.2918700329 	0.0000304232 	0.0001647171 	0.0001647120 	0.0001647199
	14.3169223317 	0.0000432226 	0.0001223630 	0.0001223589 	0.0001223651
	14.3419746305 	0.0000603778 	0.0000960944 	0.0000960910 	0.0000960961
	14.3670269293 	0.0000829295 	0.0000827187 	0.0000827154 	0.0000827205
	14.3920792281 	0.0001119999 	0.0000799082 	0.0000799045 	0.0000799106
	14.4171315269 	0.0001487361 	0.0000860773 	0.0000860723 	0.0000860807
	14.4421838258 	0.0001942348 	0.0001002495 	0.0001002419 	0.0001002548
	14.4672361246 	0.0002494465 	0.0001219320 	0.0001219197 	0.0001219400
	14.4922884234 	0.0003150704 	0.0001510106 	0.0001509902 	0.0001510224
	14.5173407222 	0.0003914467 	0.0001876769 	0.0001876429 	0.0001876934
	14.5423930210 	0.0004784631 	0.0002323994 	0.0002323426 	0.0002324208
	14.5674453199 	0.0005754931 	0.0002859471 	0.0002858531 	0.0002859720
	14.5924976187 	0.0006813843 	0.0003494747 	0.0003493207 	0.0003494986
	14.6175499175 	0.0007945152 	0.0004246731 	0.0004244243 	0.0004246854
	14.6426022163 	0.0009129348 	0.0005139845 	0.0005135880 	0.0005139640
	14.6676545151 	0.0010345909 	0.0006208718 	0.0006202498 	0.0006207807
	14.6927068139 	0.0011576428 	0.0007501238 	0.0007491634 	0.0007498984
	14.7177591128 	0.0012808437 	0.0009081610 	0.0009067026 	0.0009076991
	14.7428114116 	0.0014039611 	0.0011032990 	0.0011011212 	0.0011024440
	14.7678637104 	0.0015281935 	0.0013459099 	0.0013427125 	0.0013444302
	14.7929160092 	0.0016565297 	0.0016484188 	0.0016438045 	0.0016459843
	14.8179683080 	0.0017939928 	0.0020250699 	0.0020185244 	0.0020212245
	14.8430206068 	0.0019477075 	0.0024914041 	0.0024822779 	0.0024855378
	14.8680729057 	0.0021267413 	0.0030634103 	0.0030509043 	0.0030547321
	14.8931252045 	0.0023416820 	0.0037563425 	0.0037394988 	0.0037438581
	14.9181775033 	0.0026039377 	0.0045832336 	0.0045609367 	0.0045657320
	14.9432298021 	0.0029247768 	0.0055531853 	0.0055241754 	0.0055292399
	14.9682821009 	0.0033141564 	0.0066695616 	0.0066324639 	0.0066375490
	14.9933343998 	0.0037794258 	0.0079282576 	0.0078816291 	0.0078863997
	15.0183866986 	0.0043240201 	0.0093162459 	0.0092586394 	0.0092626762
	15.0434389974 	0.0049462838 	0.0108106132 	0.0107406596 	0.0107434694
	15.0684912962 	0.0056385741 	0.0123782866 	0.0122947884 	0.0122958241
	15.0935435950 	0.0063867854 	0.0139766001 	0.0138786330 	0.0138773225
	15.1185958938 	0.0071704116 	0.0155547819 	0.0154417959 	0.0154375782
	15.1436481927 	0.0079632137 	0.0170563475 	0.0169282565 	0.0169206238
	15.1687004915 	0.0087345018 	0.0184222743 	0.0182795273 	0.0182680675
	15.1937527903 	0.0094509659 	0.0195947316 	0.0194383533 	0.0194227902
	15.2188050891 	0.0100789206 	0.0205210493 	0.0203526453 	0.0203328715
	15.2438573879 	0.0105867653 	0.0211575558 	0.0209792770 	0.0209553755
	15.2689096867 	0.0109474223 	0.0214729027 	0.0212873690 	0.0212596205
	15.2939619856 	0.0111405018 	0.0214505295 	0.0212607160 	0.0212295912
	15.3190142844 	0.0111539617 	0.0210900016 	0.0208990973 	0.0208652322
	15.3440665832 	0.0109850810 	0.0204070770 	0.0202183245 	0.0201824839
	15.3691188820 	0.0106406446 	0.0194324907 	0.0192490220 	0.0192120520
	15.3941711808 	0.0101363230 	0.0182095887 	0.0180342708 	0.0179970463
	15.4192234797 	0.0094953279 	0.0167910670 	0.0166263688 	0.0165897404
	15.4442757785 	0.0087465001 	0.0152351547 	0.0150830466 	0.0150477922
	15.4693280773 	0.0079220479 	0.0136016271 	0.0134635188 	0.0134303042
	15.4943803761 	0.0070551774 	0.0119480243 	0.0118247441 	0.0117940946
	15.5194326749 	0.0061778513 	0.0103264019 	0.0102182149 	0.0101905004
	15.5444849737 	0.0053188780 	0.0087808509 	0.0086875110 	0.0086629438
	15.5695372726 	0.0045024760 	0.0073459206 	0.0072667485 	0.0072453926
	15.5945895714 	0.0037473865 	0.0060459656 	0.0059799432 	0.0059617329
	15.6196418702 	0.0030665430 	0.0048953419 	0.0048412135 	0.0048259777
	15.6446941690 	0.0024672407 	0.0038993009 	0.0038556717 	0.0038431619
	15.6697464678 	0.0019517076 	0.0030553824 	0.0030208086 	0.0030107264
	15.6947987666 	0.0015179515 	0.0023550958 	0.0023281595 	0.0023201824
	15.7198510655 	0.0011607545 	0.0017856862 	0.0017650538 	0.0017588567
	15.7449033643 	0.0008726936 	0.0013318184 	0.0013162808 	0.0013115532
	15.7699556631 	0.0006450922 	0.0009770531 	0.0009655493 	0.0009620074
	15.7950079619 	0.0004688352 	0.0007050420 	0.0006966682 	0.0006940618
	15.8200602607 	0.0003350092 	0.0005004103 	0.0004944175 	0.0004925335
	15.8451125596 	0.0002353594 	0.0003493356 	0.0003451190 	0.0003437813
	15.8701648584 	0.0001625714 	0.0002398592 	0.0002369422 	0.0002360091
	15.8952171572 	0.0001104066 	0.0001619788 	0.0001599950 	0.0001593554
	15.9202694560 	0.0000737197 	0.0001075823 	0.0001062557 	0.0001058250
	15.9453217548 	0.0000483961 	0.0000702743 	0.0000694021 	0.0000691172
	15.9703740536 	0.0000312374 	0.0000451458 	0.0000445821 	0.0000443968
	15.9954263525 	0.0000198233 	0.0000285231 	0.0000281649 	0.0000280465
	16.0204786513 	0.0000123685 	0.0000177227 	0.0000174988 	0.0000174245
	16.0455309501 	0.0000075874 	0.0000108295 	0.0000106920 	0.0000106461
	16.0705832489 	0.0000045763 	0.0000065076 	0.0000064246 	0.0000063968
	16.0956355477 	0.0000027137 	0.0000038457 	0.0000037964 	0.0000037798
	16.1206878465 	0.0000015822 	0.0000022349 	0.0000022061 	0.0000021964
	16.1457401454 	0.0000009070 	0.0000012772 	0.0000012607 	0.0000012551
	16.1707924442 	0.0000005112 	0.0000007178 	0.0000007084 	0.0000007053
	16.1958447430 	0.0000002832 	0.0000003967 	0.0000003915 	0.0000003897
	16.2208970418 	0.0000001543 	0.0000002156 	0.0000002127 	0.0000002118
	16.2459493406 	0.0000000827 	0.0000001152 	0.0000001137 	0.0000001132
	16.2710016395 	0.0000000435 	0.0000000605 	0.0000000597 	0.0000000595
	16.2960539383 	0.0000000225 	0.0000000313 	0.0000000309 	0.0000000307
	16.3211062371 	0.0000000115 	0.0000000159 	0.0000000157 	0.0000000156
	16.3461585359 	0.0000000057 	0.0000000079 	0.0000000078 	0.0000000078
	16.3712108347 	0.0000000028 	0.0000000039 	0.0000000038 	0.0000000038
	16.3962631335 	0.0000000014 	0.0000000019 	0.0000000019 	0.0000000019
	16.4213154324 	0.0000000007 	0.0000000009 	0.0000000009 	0.0000000009
	16.4463677312 	0.0000000003 	0.0000000004 	0.0000000004 	0.0000000004
	16.4714200300 	0.0000000001 	0.0000000002 	0.0000000002 	0.0000000002
	16.4964723288 	0.0000000001 	0.0000000001 	0.0000000001 	0.0000000001
	16.5215246276 	0.0000000000 	0.0000000000 	0.0000000000 	0.0000000000
	16.5465769264 	0.0000000000 	0.0000000000 	0.0000000000 	0.0000000000
	16.5716292253 	0.0000000000 	0.0000000000 	0.0000000000 	0.0000000000
	16.5966815241 	0.0000000000 	0.0000000000 	0.0000000000 	0.0000000000
	16.6217338229 	0.0000000000 	0.0000000000 	0.0000000000 	0.0000000000
	16.6467861217 	0.0000000000 	0.0000000000 	0.0000000000 	0.0000000000
	16.6718384205 	0.0000000000 	0.0000000000 	0.0000000000 	0.0000000000
