
:Description: 
:Desc_PDOS: Projected density of states for each orbital. Unit=states/eV
:Desc_FERMI_LEVEL: Fermi level energy. Unit=eV
:Desc_BROADENING: Gaussian broadening parameter for DOS calculation. Unit=eV
:Desc_GRID_POINTS: Number of energy grid points for PDOS calculation
:Desc_MIN_E: Minimum energy for PDOS calculation. Unit=eV
:Desc_MAX_E: Maximum energy for PDOS calculation. Unit=eV
:Desc_BAND_NUM: Number of bands included in the calculation
:Desc_KPT_NUM: Number of k-points used in the calculation
:Desc_ATOM_TYPE_NUM: Number of atom types in the system
:Desc_TOT_ORBITALS: Total number of atomic orbitals
:Desc_PROJ_ORBITALS: Total number of projected orbitals
:Desc_VOLUME: Lattice unit cell volume. Unit=Bohr^3
:Desc_CALCULATION_TIME: Total calculation time. Unit=seconds
:Desc_M_INDEX_SUMMED_OVER: Whether the m index is summed over 
:Desc_ORTHOGONALIZE_ATOMIC_ORBITALS: Whether the atomic orbitals are orthogonalized
:Desc_ATOM_INDEX_FOR_PDOS: The index of the atom for which the PDOS is calculated
:Desc_PDOS_INFO: The information of the PDOS
    :Desc_ATOM_TYPE: The type of the atom
    :Desc_ATOMIC_NUMBER: The atomic number of the atom
    :Desc_ATOM_INDEX: The index of the atom
    :Desc_ATOM_POSITION_CARTESIAN: The position of the atom in Cartesian coordinates
    :Desc_ATOM_POSITION_FRACTIONAL: The fractional position of the atom
    :Desc_PDOS_UNIT: The unit of the PDOS value
    :Desc_HEADER_FORMAT: The format of the header


:BASIC_INFO:
:FERMI_LEVEL: 4.562
:BROADENING: 0.272
:GRID_POINTS: 1000
:MIN_E: -8.355
:MAX_E: 16.672
:BAND_NUM: 12
:KPT_NUM: 4
:ATOM_TYPE_NUM: 1
:TOT_ORBITALS: 8
:PROJ_ORBITALS: 8
:VOLUME: 298.311
:CALCULATION_TIME: 0.610
:M_INDEX_SUMMED_OVER: False
:ORTHOGONALIZE_ATOMIC_ORBITALS: False
:ATOM_INDEX_FOR_PDOS: All



:PDOS_INFO:
    :ATOM_TYPE: Si
    :ATOMIC_NUMBER: 14
    :ATOM_INDEX: 0
    :ATOM_POSITION_CARTESIAN: [0. 0. 0.]
    :ATOM_POSITION_FRACTIONAL: [0. 0. 0.]
    :PDOS_UNIT: states/eV
    :HEADER_FORMAT: (nl,m)
	Energy(eV)   	(3s, m=0)    	(3p, m=-1)   	(3p, m=0)    	(3p, m=1)   
	-8.3554080983 	0.0000000000 	0.0000000000 	0.0000000000 	0.0000000000
	-8.3303557995 	0.0000000000 	0.0000000000 	0.0000000000 	0.0000000000
	-8.3053035007 	0.0000000000 	0.0000000000 	0.0000000000 	0.0000000000
	-8.2802512019 	0.0000000001 	0.0000000000 	0.0000000000 	0.0000000000
	-8.2551989031 	0.0000000002 	0.0000000001 	0.0000000001 	0.0000000001
	-8.2301466042 	0.0000000005 	0.0000000001 	0.0000000001 	0.0000000001
	-8.2050943054 	0.0000000011 	0.0000000003 	0.0000000003 	0.0000000003
	-8.1800420066 	0.0000000025 	0.0000000007 	0.0000000007 	0.0000000007
	-8.1549897078 	0.0000000055 	0.0000000016 	0.0000000016 	0.0000000016
	-8.1299374090 	0.0000000120 	0.0000000035 	0.0000000035 	0.0000000035
	-8.1048851101 	0.0000000256 	0.0000000075 	0.0000000075 	0.0000000075
	-8.0798328113 	0.0000000537 	0.0000000158 	0.0000000158 	0.0000000158
	-8.0547805125 	0.0000001109 	0.0000000327 	0.0000000327 	0.0000000327
	-8.0297282137 	0.0000002254 	0.0000000665 	0.0000000665 	0.0000000665
	-8.0046759149 	0.0000004502 	0.0000001328 	0.0000001328 	0.0000001328
	-7.9796236161 	0.0000008840 	0.0000002608 	0.0000002608 	0.0000002608
	-7.9545713172 	0.0000017068 	0.0000005035 	0.0000005035 	0.0000005035
	-7.9295190184 	0.0000032399 	0.0000009557 	0.0000009557 	0.0000009557
	-7.9044667196 	0.0000060469 	0.0000017837 	0.0000017837 	0.0000017837
	-7.8794144208 	0.0000110960 	0.0000032731 	0.0000032731 	0.0000032731
	-7.8543621220 	0.0000200188 	0.0000059052 	0.0000059052 	0.0000059052
	-7.8293098232 	0.0000355098 	0.0000104748 	0.0000104748 	0.0000104748
	-7.8042575243 	0.0000619293 	0.0000182680 	0.0000182680 	0.0000182680
	-7.7792052255 	0.0001061895 	0.0000313240 	0.0000313240 	0.0000313240
	-7.7541529267 	0.0001790214 	0.0000528082 	0.0000528082 	0.0000528082
	-7.7291006279 	0.0002967332 	0.0000875311 	0.0000875311 	0.0000875311
	-7.7040483291 	0.0004835765 	0.0001426466 	0.0001426466 	0.0001426466
	-7.6789960302 	0.0007748222 	0.0002285589 	0.0002285590 	0.0002285590
	-7.6539437314 	0.0012206094 	0.0003600583 	0.0003600584 	0.0003600584
	-7.6288914326 	0.0018905543 	0.0005576803 	0.0005576805 	0.0005576804
	-7.6038391338 	0.0028789851 	0.0008492500 	0.0008492503 	0.0008492502
	-7.5787868350 	0.0043104982 	0.0012715212 	0.0012715216 	0.0012715215
	-7.5537345362 	0.0063453169 	0.0018717570 	0.0018717576 	0.0018717574
	-7.5286822373 	0.0091836850 	0.0027090258 	0.0027090266 	0.0027090262
	-7.5036299385 	0.0130682802 	0.0038549131 	0.0038549143 	0.0038549138
	-7.4785776397 	0.0182834312 	0.0053932911 	0.0053932927 	0.0053932920
	-7.4535253409 	0.0251498134 	0.0074187532 	0.0074187555 	0.0074187545
	-7.4284730421 	0.0340133679 	0.0100333461 	0.0100333492 	0.0100333478
	-7.4034207433 	0.0452274715 	0.0133413097 	0.0133413138 	0.0133413119
	-7.3783684444 	0.0591279448 	0.0174417052 	0.0174417105 	0.0174417081
	-7.3533161456 	0.0760013071 	0.0224190507 	0.0224190575 	0.0224190544
	-7.3282638468 	0.0960477381 	0.0283323957 	0.0283324043 	0.0283324004
	-7.3032115480 	0.1193413716 	0.0352036085 	0.0352036191 	0.0352036143
	-7.2781592492 	0.1457916700 	0.0430059820 	0.0430059950 	0.0430059891
	-7.2531069503 	0.1751105046 	0.0516545232 	0.0516545388 	0.0516545318
	-7.2280546515 	0.2067899799 	0.0609994120 	0.0609994305 	0.0609994221
	-7.2030023527 	0.2400958124 	0.0708240476 	0.0708240690 	0.0708240593
	-7.1779500539 	0.2740800863 	0.0808488115 	0.0808488360 	0.0808488249
	-7.1528977551 	0.3076154770 	0.0907411627 	0.0907411902 	0.0907411778
	-7.1278454563 	0.3394506815 	0.1001319889 	0.1001320192 	0.1001320055
	-7.1027931574 	0.3682841179 	0.1086373462 	0.1086373791 	0.1086373642
	-7.0777408586 	0.3928503086 	0.1158839410 	0.1158839761 	0.1158839602
	-7.0526885598 	0.4120111884 	0.1215360640 	0.1215361008 	0.1215360841
	-7.0276362610 	0.4248432510 	0.1253212970 	0.1253213350 	0.1253213179
	-7.0025839622 	0.4307112744 	0.1270522609 	0.1270522994 	0.1270522820
	-6.9775316633 	0.4293204338 	0.1266419873 	0.1266420257 	0.1266420084
	-6.9524793645 	0.4207408516 	0.1241111613 	0.1241111989 	0.1241111819
	-6.9274270657 	0.4054017384 	0.1195863923 	0.1195864285 	0.1195864122
	-6.9023747669 	0.3840558054 	0.1132897170 	0.1132897513 	0.1132897358
	-6.8773224681 	0.3577180584 	0.1055205442 	0.1055205762 	0.1055205618
	-6.8522701693 	0.3275858982 	0.0966320862 	0.0966321155 	0.0966321023
	-6.8272178704 	0.2949492759 	0.0870048559 	0.0870048822 	0.0870048703
	-6.8021655716 	0.2611002413 	0.0770199852 	0.0770200085 	0.0770199980
	-6.7771132728 	0.2272505876 	0.0670349319 	0.0670349522 	0.0670349430
	-6.7520609740 	0.1944646021 	0.0573636420 	0.0573636594 	0.0573636515
	-6.7270086752 	0.1636115302 	0.0482625277 	0.0482625423 	0.0482625357
	-6.7019563764 	0.1353396524 	0.0399228203 	0.0399228324 	0.0399228270
	-6.6769040775 	0.1100712781 	0.0324690937 	0.0324691036 	0.0324690991
	-6.6518517787 	0.0880158252 	0.0259631225 	0.0259631304 	0.0259631268
	-6.6267994799 	0.0691966904 	0.0204118083 	0.0204118145 	0.0204118117
	-6.6017471811 	0.0534869316 	0.0157777054 	0.0157777102 	0.0157777080
	-6.5766948823 	0.0406488112 	0.0119906853 	0.0119906890 	0.0119906873
	-6.5516425834 	0.0303728690 	0.0089594629 	0.0089594656 	0.0089594644
	-6.5265902846 	0.0223131862 	0.0065819980 	0.0065820000 	0.0065819991
	-6.5015379858 	0.0161166647 	0.0047541330 	0.0047541344 	0.0047541338
	-6.4764856870 	0.0114452841 	0.0033761577 	0.0033761587 	0.0033761583
	-6.4514333882 	0.0079912710 	0.0023572844 	0.0023572851 	0.0023572848
	-6.4263810894 	0.0054858405 	0.0016182262 	0.0016182267 	0.0016182265
	-6.4013287905 	0.0037026192 	0.0010922068 	0.0010922071 	0.0010922069
	-6.3762764917 	0.0024570570 	0.0007247867 	0.0007247870 	0.0007247869
	-6.3512241929 	0.0016031249 	0.0004728896 	0.0004728898 	0.0004728897
	-6.3261718941 	0.0010284518 	0.0003033667 	0.0003033668 	0.0003033668
	-6.3011195953 	0.0006488220 	0.0001913735 	0.0001913736 	0.0001913736
	-6.2760672965 	0.0004027081 	0.0001187561 	0.0001187562 	0.0001187562
	-6.2510149976 	0.0002462772 	0.0000725763 	0.0000725763 	0.0000725763
	-6.2259626988 	0.0001491136 	0.0000438463 	0.0000438463 	0.0000438463
	-6.2009104000 	0.0000907540 	0.0000265016 	0.0000265016 	0.0000265016
	-6.1758581012 	0.0000580380 	0.0000166096 	0.0000166096 	0.0000166096
	-6.1508058024 	0.0000432283 	0.0000117997 	0.0000117998 	0.0000117998
	-6.1257535035 	0.0000428445 	0.0000108936 	0.0000108936 	0.0000108936
	-6.1007012047 	0.0000571726 	0.0000137205 	0.0000137205 	0.0000137205
	-6.0756489059 	0.0000904535 	0.0000211105 	0.0000211106 	0.0000211106
	-6.0505966071 	0.0001518053 	0.0000350733 	0.0000350734 	0.0000350734
	-6.0255443083 	0.0002569965 	0.0000591836 	0.0000591837 	0.0000591836
	-6.0004920095 	0.0004312419 	0.0000992098 	0.0000992100 	0.0000992098
	-5.9754397106 	0.0007132431 	0.0001640347 	0.0001640350 	0.0001640348
	-5.9503874118 	0.0011607122 	0.0002669201 	0.0002669206 	0.0002669203
	-5.9253351130 	0.0018575951 	0.0004271644 	0.0004271653 	0.0004271648
	-5.9002828142 	0.0029231187 	0.0006721816 	0.0006721829 	0.0006721821
	-5.8752305154 	0.0045226101 	0.0010399875 	0.0010399896 	0.0010399883
	-5.8501782166 	0.0068797483 	0.0015820172 	0.0015820202 	0.0015820183
	-5.8251259177 	0.0102895090 	0.0023661005 	0.0023661049 	0.0023661022
	-5.8000736189 	0.0151305537 	0.0034793117 	0.0034793179 	0.0034793141
	-5.7750213201 	0.0218752426 	0.0050302712 	0.0050302799 	0.0050302746
	-5.7499690213 	0.0310948712 	0.0071503498 	0.0071503618 	0.0071503545
	-5.7249167225 	0.0434572718 	0.0099931175 	0.0099931337 	0.0099931239
	-5.6998644236 	0.0597136968 	0.0137313269 	0.0137313484 	0.0137313354
	-5.6748121248 	0.0806720815 	0.0185507648 	0.0185507928 	0.0185507759
	-5.6497598260 	0.1071544891 	0.0246404672 	0.0246405030 	0.0246404815
	-5.6247075272 	0.1399378767 	0.0321790975 	0.0321791424 	0.0321791155
	-5.5996552284 	0.1796792776 	0.0413177423 	0.0413177978 	0.0413177646
	-5.5746029296 	0.2268289635 	0.0521599431 	0.0521600102 	0.0521599703
	-5.5495506307 	0.2815378739 	0.0647404090 	0.0647404886 	0.0647404414
	-5.5244983319 	0.3435681907 	0.0790044530 	0.0790045458 	0.0790044910
	-5.4994460331 	0.4122179240 	0.0947906509 	0.0947907570 	0.0947906946
	-5.4743937343 	0.4862712557 	0.1118194220 	0.1118195409 	0.1118194713
	-5.4493414355 	0.5639857461 	0.1296900875 	0.1296902183 	0.1296901422
	-5.4242891367 	0.6431251009 	0.1478884055 	0.1478885464 	0.1478884650
	-5.3992368378 	0.7210420542 	0.1658056298 	0.1658057785 	0.1658056932
	-5.3741845390 	0.7948103854 	0.1827688677 	0.1827690214 	0.1827689340
	-5.3491322402 	0.8613988226 	0.1980810697 	0.1980812254 	0.1980811378
	-5.3240799414 	0.9178734700 	0.2110675782 	0.2110677323 	0.2110676466
	-5.2990276426 	0.9616104262 	0.2211250195 	0.2211251686 	0.2211250868
	-5.2739753437 	0.9904973375 	0.2277676517 	0.2277677926 	0.2277677165
	-5.2489230449 	1.0031023880 	0.2306662243 	0.2306663541 	0.2306662854
	-5.2238707461 	0.9987919166 	0.2296750250 	0.2296751415 	0.2296750813
	-5.1988184473 	0.9777832116 	0.2248440195 	0.2248441211 	0.2248440703
	-5.1737661485 	0.9411263571 	0.2164146774 	0.2164147631 	0.2164147220
	-5.1487138497 	0.8906172434 	0.2047999685 	0.2048000382 	0.2048000067
	-5.1236615508 	0.8286517751 	0.1905508376 	0.1905508918 	0.1905508694
	-5.0986092520 	0.7580377494 	0.1743129455 	0.1743129854 	0.1743129711
	-5.0735569532 	0.6817849416 	0.1567783985 	0.1567784256 	0.1567784185
	-5.0485046544 	0.6028951344 	0.1386374650 	0.1386374813 	0.1386374800
	-5.0234523556 	0.5241721660 	0.1205348957 	0.1205349032 	0.1205349064
	-4.9984000568 	0.4480680070 	0.1030345282 	0.1030345289 	0.1030345353
	-4.9733477579 	0.3765752021 	0.0865945541 	0.0865945498 	0.0865945584
	-4.9482954591 	0.3111697014 	0.0715543723 	0.0715543648 	0.0715543744
	-4.9232431603 	0.2528021081 	0.0581325770 	0.0581325676 	0.0581325775
	-4.8981908615 	0.2019304820 	0.0464345004 	0.0464344903 	0.0464344999
	-4.8731385627 	0.1585845505 	0.0364669785 	0.0364669686 	0.0364669775
	-4.8480862638 	0.1224496849 	0.0281576618 	0.0281576526 	0.0281576604
	-4.8230339650 	0.0929591772 	0.0213762342 	0.0213762260 	0.0213762327
	-4.7979816662 	0.0693848531 	0.0159552499 	0.0159552429 	0.0159552485
	-4.7729293674 	0.0509184152 	0.0117088388 	0.0117088330 	0.0117088375
	-4.7478770686 	0.0367386239 	0.0084481545 	0.0084481498 	0.0084481534
	-4.7228247698 	0.0260620573 	0.0059930468 	0.0059930431 	0.0059930459
	-4.6977724709 	0.0181774228 	0.0041799520 	0.0041799492 	0.0041799513
	-4.6727201721 	0.0124650414 	0.0028663731 	0.0028663710 	0.0028663726
	-4.6476678733 	0.0084041335 	0.0019325554 	0.0019325539 	0.0019325550
	-4.6226155745 	0.0055709590 	0.0012810586 	0.0012810575 	0.0012810583
	-4.5975632757 	0.0036308206 	0.0008349180 	0.0008349172 	0.0008349178
	-4.5725109769 	0.0023265769 	0.0005350033 	0.0005350028 	0.0005350031
	-4.5474586780 	0.0014657768 	0.0003370597 	0.0003370594 	0.0003370597
	-4.5224063792 	0.0009079378 	0.0002087830 	0.0002087828 	0.0002087829
	-4.4973540804 	0.0005529452 	0.0001271514 	0.0001271513 	0.0001271514
	-4.4723017816 	0.0003310899 	0.0000761351 	0.0000761350 	0.0000761351
	-4.4472494828 	0.0001949160 	0.0000448215 	0.0000448215 	0.0000448215
	-4.4221971839 	0.0001128202 	0.0000259434 	0.0000259433 	0.0000259433
	-4.3971448851 	0.0000642043 	0.0000147640 	0.0000147640 	0.0000147640
	-4.3720925863 	0.0000359236 	0.0000082607 	0.0000082607 	0.0000082607
	-4.3470402875 	0.0000197621 	0.0000045443 	0.0000045443 	0.0000045443
	-4.3219879887 	0.0000106886 	0.0000024579 	0.0000024579 	0.0000024579
	-4.2969356899 	0.0000056840 	0.0000013070 	0.0000013070 	0.0000013070
	-4.2718833910 	0.0000029718 	0.0000006834 	0.0000006834 	0.0000006834
	-4.2468310922 	0.0000015276 	0.0000003513 	0.0000003513 	0.0000003513
	-4.2217787934 	0.0000007721 	0.0000001775 	0.0000001775 	0.0000001775
	-4.1967264946 	0.0000003837 	0.0000000882 	0.0000000882 	0.0000000882
	-4.1716741958 	0.0000001874 	0.0000000431 	0.0000000431 	0.0000000431
	-4.1466218970 	0.0000000900 	0.0000000207 	0.0000000207 	0.0000000207
	-4.1215695981 	0.0000000425 	0.0000000098 	0.0000000098 	0.0000000098
	-4.0965172993 	0.0000000197 	0.0000000045 	0.0000000045 	0.0000000045
	-4.0714650005 	0.0000000090 	0.0000000021 	0.0000000021 	0.0000000021
	-4.0464127017 	0.0000000040 	0.0000000009 	0.0000000009 	0.0000000009
	-4.0213604029 	0.0000000018 	0.0000000004 	0.0000000004 	0.0000000004
	-3.9963081040 	0.0000000008 	0.0000000002 	0.0000000002 	0.0000000002
	-3.9712558052 	0.0000000003 	0.0000000001 	0.0000000001 	0.0000000001
	-3.9462035064 	0.0000000001 	0.0000000000 	0.0000000000 	0.0000000000
	-3.9211512076 	0.0000000001 	0.0000000000 	0.0000000000 	0.0000000000
	-3.8960989088 	0.0000000000 	0.0000000000 	0.0000000000 	0.0000000000
	-3.8710466100 	0.0000000001 	0.0000000000 	0.0000000000 	0.0000000000
	-3.8459943111 	0.0000000001 	0.0000000001 	0.0000000001 	0.0000000001
	-3.8209420123 	0.0000000003 	0.0000000002 	0.0000000002 	0.0000000002
	-3.7958897135 	0.0000000008 	0.0000000006 	0.0000000006 	0.0000000006
	-3.7708374147 	0.0000000018 	0.0000000013 	0.0000000013 	0.0000000013
	-3.7457851159 	0.0000000039 	0.0000000028 	0.0000000028 	0.0000000028
	-3.7207328171 	0.0000000086 	0.0000000062 	0.0000000062 	0.0000000062
	-3.6956805182 	0.0000000185 	0.0000000133 	0.0000000133 	0.0000000133
	-3.6706282194 	0.0000000392 	0.0000000282 	0.0000000282 	0.0000000282
	-3.6455759206 	0.0000000815 	0.0000000587 	0.0000000587 	0.0000000587
	-3.6205236218 	0.0000001670 	0.0000001202 	0.0000001202 	0.0000001202
	-3.5954713230 	0.0000003361 	0.0000002419 	0.0000002419 	0.0000002419
	-3.5704190241 	0.0000006652 	0.0000004788 	0.0000004788 	0.0000004788
	-3.5453667253 	0.0000012944 	0.0000009317 	0.0000009317 	0.0000009317
	-3.5203144265 	0.0000024764 	0.0000017826 	0.0000017826 	0.0000017826
	-3.4952621277 	0.0000046583 	0.0000033532 	0.0000033532 	0.0000033532
	-3.4702098289 	0.0000086153 	0.0000062016 	0.0000062016 	0.0000062016
	-3.4451575301 	0.0000156657 	0.0000112767 	0.0000112767 	0.0000112767
	-3.4201052312 	0.0000280069 	0.0000201604 	0.0000201604 	0.0000201604
	-3.3950529324 	0.0000492288 	0.0000354366 	0.0000354366 	0.0000354366
	-3.3700006336 	0.0000850768 	0.0000612412 	0.0000612413 	0.0000612413
	-3.3449483348 	0.0001445575 	0.0001040576 	0.0001040576 	0.0001040576
	-3.3198960360 	0.0002414950 	0.0001738365 	0.0001738367 	0.0001738366
	-3.2948437372 	0.0003966553 	0.0002855264 	0.0002855267 	0.0002855266
	-3.2697914383 	0.0006405549 	0.0004610938 	0.0004610942 	0.0004610941
	-3.2447391395 	0.0010170380 	0.0007320995 	0.0007321002 	0.0007321000
	-3.2196868407 	0.0015876538 	0.0011428488 	0.0011428498 	0.0011428494
	-3.1946345419 	0.0024367571 	0.0017540631 	0.0017540647 	0.0017540640
	-3.1695822431 	0.0036771088 	0.0026469116 	0.0026469141 	0.0026469130
	-3.1445299442 	0.0054555498 	0.0039270957 	0.0039270994 	0.0039270977
	-3.1194776454 	0.0079580812 	0.0057285055 	0.0057285109 	0.0057285083
	-3.0944253466 	0.0114134256 	0.0082157834 	0.0082157913 	0.0082157874
	-3.0693730478 	0.0160939061 	0.0115849571 	0.0115849684 	0.0115849626
	-3.0443207490 	0.0223123193 	0.0160611887 	0.0160612044 	0.0160611960
	-3.0192684502 	0.0304134558 	0.0218926705 	0.0218926921 	0.0218926802
	-2.9942161513 	0.0407591041 	0.0293398305 	0.0293398596 	0.0293398431
	-2.9691638525 	0.0537058124 	0.0386593247 	0.0386593632 	0.0386593407
	-2.9441115537 	0.0695754068 	0.0500828146 	0.0500828649 	0.0500828347
	-2.9190592549 	0.0886192400 	0.0637912329 	0.0637912973 	0.0637912576
	-2.8940069561 	0.1109783058 	0.0798860719 	0.0798861530 	0.0798861016
	-2.8689546573 	0.1366425515 	0.0983600951 	0.0983601957 	0.0983601304
	-2.8439023584 	0.1654137617 	0.1190706203 	0.1190707429 	0.1190706614
	-2.8188500596 	0.1968770603 	0.1417190052 	0.1417191520 	0.1417190521
	-2.7937977608 	0.2303861655 	0.1658400335 	0.1658402064 	0.1658400861
	-2.7687454620 	0.2650668884 	0.1908044334 	0.1908046335 	0.1908044911
	-2.7436931632 	0.2998419311 	0.2158367280 	0.2158369558 	0.2158367904
	-2.7186408643 	0.3334778979 	0.2400490761 	0.2400493310 	0.2400491421
	-2.6935885655 	0.3646527953 	0.2624898603 	0.2624901407 	0.2624899287
	-2.6685362667 	0.3920395136 	0.2822037805 	0.2822040838 	0.2822038501
	-2.6434839679 	0.4143982751 	0.2982984013 	0.2982987239 	0.2982984707
	-2.6184316691 	0.4306692254 	0.3100108023 	0.3100111396 	0.3100108701
	-2.5933793703 	0.4400555900 	0.3167674373 	0.3167677840 	0.3167675021
	-2.5683270714 	0.4420883270 	0.3182306735 	0.3182310239 	0.3182307342
	-2.5432747726 	0.4366649729 	0.3143267539 	0.3143271020 	0.3143268094
	-2.5182224738 	0.4240582021 	0.3052519591 	0.3052522992 	0.3052520088
	-2.4931701750 	0.4048931056 	0.2914562516 	0.2914565782 	0.2914562949
	-2.4681178762 	0.3800958245 	0.2736063000 	0.2736066083 	0.2736063368
	-2.4430655773 	0.3508194137 	0.2525321137 	0.2525324000 	0.2525321442
	-2.4180132785 	0.3183551947 	0.2291632313 	0.2291634926 	0.2291632557
	-2.3929609797 	0.2840390596 	0.2044612745 	0.2044615090 	0.2044612935
	-2.3679086809 	0.2491621066 	0.1793556213 	0.1793558281 	0.1793556354
	-2.3428563821 	0.2148937205 	0.1546880357 	0.1546882151 	0.1546880457
	-2.3178040833 	0.1822230278 	0.1311705258 	0.1311706788 	0.1311705324
	-2.2927517844 	0.1519219740 	0.1093587649 	0.1093588932 	0.1093587689
	-2.2676994856 	0.1245305006 	0.0896414220 	0.0896415277 	0.0896414240
	-2.2426471868 	0.1003618541 	0.0722439827 	0.0722440684 	0.0722439833
	-2.2175948880 	0.0795242205 	0.0572443233 	0.0572443916 	0.0572443230
	-2.1925425892 	0.0619538027 	0.0445965204 	0.0445965739 	0.0445965195
	-2.1674902904 	0.0474541631 	0.0341591713 	0.0341592125 	0.0341591701
	-2.1424379915 	0.0357370312 	0.0257247688 	0.0257248000 	0.0257247676
	-2.1173856927 	0.0264606451 	0.0190473007 	0.0190473239 	0.0190472995
	-2.0923333939 	0.0192628342 	0.0138660639 	0.0138660809 	0.0138660628
	-2.0672810951 	0.0137872531 	0.0099245485 	0.0099245607 	0.0099245476
	-2.0422287963 	0.0097022645 	0.0069840305 	0.0069840391 	0.0069840297
	-2.0171764974 	0.0067128397 	0.0048321376 	0.0048321436 	0.0048321370
	-1.9921241986 	0.0045664347 	0.0032870799 	0.0032870840 	0.0032870795
	-1.9670718998 	0.0030541195 	0.0021984624 	0.0021984651 	0.0021984621
	-1.9420196010 	0.0020083185 	0.0014456582 	0.0014456600 	0.0014456579
	-1.9169673022 	0.0012984253 	0.0009346521 	0.0009346533 	0.0009346520
	-1.8919150034 	0.0008253519 	0.0005941173 	0.0005941180 	0.0005941172
	-1.8668627045 	0.0005158211 	0.0003713062 	0.0003713066 	0.0003713061
	-1.8418104057 	0.0003169545 	0.0002281550 	0.0002281553 	0.0002281549
	-1.8167581069 	0.0001914840 	0.0001378369 	0.0001378371 	0.0001378369
	-1.7917058081 	0.0001137381 	0.0000818727 	0.0000818728 	0.0000818726
	-1.7666535093 	0.0000664228 	0.0000478135 	0.0000478135 	0.0000478134
	-1.7416012105 	0.0000381387 	0.0000274536 	0.0000274536 	0.0000274536
	-1.7165489116 	0.0000215304 	0.0000154984 	0.0000154984 	0.0000154984
	-1.6914966128 	0.0000119503 	0.0000086022 	0.0000086022 	0.0000086022
	-1.6664443140 	0.0000065214 	0.0000046943 	0.0000046943 	0.0000046943
	-1.6413920152 	0.0000034990 	0.0000025187 	0.0000025187 	0.0000025187
	-1.6163397164 	0.0000018458 	0.0000013287 	0.0000013287 	0.0000013287
	-1.5912874175 	0.0000009573 	0.0000006891 	0.0000006891 	0.0000006891
	-1.5662351187 	0.0000004882 	0.0000003514 	0.0000003514 	0.0000003514
	-1.5411828199 	0.0000002447 	0.0000001762 	0.0000001762 	0.0000001762
	-1.5161305211 	0.0000001206 	0.0000000868 	0.0000000868 	0.0000000868
	-1.4910782223 	0.0000000585 	0.0000000421 	0.0000000421 	0.0000000421
	-1.4660259235 	0.0000000279 	0.0000000201 	0.0000000201 	0.0000000201
	-1.4409736246 	0.0000000131 	0.0000000094 	0.0000000094 	0.0000000094
	-1.4159213258 	0.0000000060 	0.0000000043 	0.0000000043 	0.0000000043
	-1.3908690270 	0.0000000027 	0.0000000020 	0.0000000020 	0.0000000020
	-1.3658167282 	0.0000000013 	0.0000000010 	0.0000000010 	0.0000000010
	-1.3407644294 	0.0000000006 	0.0000000006 	0.0000000006 	0.0000000006
	-1.3157121306 	0.0000000005 	0.0000000007 	0.0000000007 	0.0000000007
	-1.2906598317 	0.0000000006 	0.0000000013 	0.0000000013 	0.0000000013
	-1.2656075329 	0.0000000012 	0.0000000027 	0.0000000027 	0.0000000027
	-1.2405552341 	0.0000000024 	0.0000000057 	0.0000000057 	0.0000000057
	-1.2155029353 	0.0000000051 	0.0000000120 	0.0000000120 	0.0000000120
	-1.1904506365 	0.0000000105 	0.0000000248 	0.0000000248 	0.0000000248
	-1.1653983376 	0.0000000215 	0.0000000505 	0.0000000505 	0.0000000505
	-1.1403460388 	0.0000000430 	0.0000001012 	0.0000001012 	0.0000001012
	-1.1152937400 	0.0000000848 	0.0000001993 	0.0000001993 	0.0000001993
	-1.0902414412 	0.0000001643 	0.0000003861 	0.0000003861 	0.0000003861
	-1.0651891424 	0.0000003129 	0.0000007354 	0.0000007354 	0.0000007354
	-1.0401368436 	0.0000005858 	0.0000013771 	0.0000013771 	0.0000013771
	-1.0150845447 	0.0000010786 	0.0000025352 	0.0000025352 	0.0000025352
	-0.9900322459 	0.0000019523 	0.0000045891 	0.0000045891 	0.0000045891
	-0.9649799471 	0.0000034745 	0.0000081670 	0.0000081671 	0.0000081671
	-0.9399276483 	0.0000060796 	0.0000142904 	0.0000142905 	0.0000142904
	-0.9148753495 	0.0000104590 	0.0000245846 	0.0000245846 	0.0000245846
	-0.8898230507 	0.0000176907 	0.0000415832 	0.0000415833 	0.0000415833
	-0.8647707518 	0.0000294197 	0.0000691530 	0.0000691532 	0.0000691532
	-0.8397184530 	0.0000481026 	0.0001130687 	0.0001130690 	0.0001130689
	-0.8146661542 	0.0000773281 	0.0001817655 	0.0001817660 	0.0001817659
	-0.7896138554 	0.0001222205 	0.0002872887 	0.0002872895 	0.0002872893
	-0.7645615566 	0.0001899278 	0.0004464407 	0.0004464418 	0.0004464416
	-0.7395092577 	0.0002901822 	0.0006820986 	0.0006821004 	0.0006821000
	-0.7144569589 	0.0004359041 	0.0010246344 	0.0010246370 	0.0010246364
	-0.6894046601 	0.0006437972 	0.0015133148 	0.0015133186 	0.0015133179
	-0.6643523613 	0.0009348570 	0.0021974986 	0.0021975042 	0.0021975030
	-0.6393000625 	0.0013346867 	0.0031373821 	0.0031373901 	0.0031373885
	-0.6142477637 	0.0018734913 	0.0044039912 	0.0044040024 	0.0044040001
	-0.5891954648 	0.0025856062 	0.0060780847 	0.0060781002 	0.0060780970
	-0.5641431660 	0.0035084205 	0.0082476432 	0.0082476642 	0.0082476599
	-0.5390908672 	0.0046805817 	0.0110036809 	0.0110037089 	0.0110037031
	-0.5140385684 	0.0061394212 	0.0144342519 	0.0144342887 	0.0144342811
	-0.4889862696 	0.0079176291 	0.0186167258 	0.0186167732 	0.0186167635
	-0.4639339708 	0.0100393136 	0.0236086745 	0.0236087346 	0.0236087224
	-0.4388816719 	0.0125157100 	0.0294380215 	0.0294380965 	0.0294380812
	-0.4138293731 	0.0153409298 	0.0360934090 	0.0360935010 	0.0360934822
	-0.3887770743 	0.0184882425 	0.0435159991 	0.0435161101 	0.0435160875
	-0.3637247755 	0.0219074438 	0.0515940724 	0.0515942040 	0.0515941772
	-0.3386724767 	0.0255238513 	0.0601617816 	0.0601619352 	0.0601619040
	-0.3136201778 	0.0292393812 	0.0690032139 	0.0690033903 	0.0690033546
	-0.2885678790 	0.0329359840 	0.0778625043 	0.0778627038 	0.0778626636
	-0.2635155802 	0.0364814694 	0.0864601485 	0.0864603705 	0.0864603260
	-0.2384632814 	0.0397374615 	0.0945149361 	0.0945151797 	0.0945151312
	-0.2134109826 	0.0425689243 	0.1017701549 	0.1017704185 	0.1017703665
	-0.1883586838 	0.0448544382 	0.1080219959 	0.1080222776 	0.1080222228
	-0.1633063849 	0.0464962327 	0.1131475285 	0.1131478264 	0.1131477694
	-0.1382540861 	0.0474289189 	0.1171292929 	0.1171296050 	0.1171295467
	-0.1132017873 	0.0476259418 	0.1200735376 	0.1200738629 	0.1200738037
	-0.0881494885 	0.0471029788 	0.1222194262 	0.1222197644 	0.1222197049
	-0.0630971897 	0.0459178242 	0.1239371305 	0.1239374826 	0.1239374230
	-0.0380448909 	0.0441666765 	0.1257135705 	0.1257139392 	0.1257138793
	-0.0129925920 	0.0419771341 	0.1281255776 	0.1281259672 	0.1281259066
	0.0120597068 	0.0394985530 	0.1318013645 	0.1318017813 	0.1318017187
	0.0371120056 	0.0368906814 	0.1373723111 	0.1373727631 	0.1373726968
	0.0621643044 	0.0343116362 	0.1454181351 	0.1454186318 	0.1454185594
	0.0872166032 	0.0319063049 	0.1564094407 	0.1564099922 	0.1564099108
	0.1122689021 	0.0297961702 	0.1706523473 	0.1706529644 	0.1706528705
	0.1373212009 	0.0280713651 	0.1882403117 	0.1882410046 	0.1882408941
	0.1623734997 	0.0267855214 	0.2090182685 	0.2090190459 	0.2090189146
	0.1874257985 	0.0259537000 	0.2325637504 	0.2325646188 	0.2325644626
	0.2124780973 	0.0255534171 	0.2581886391 	0.2581896020 	0.2581894168
	0.2375303961 	0.0255285279 	0.2849636370 	0.2849646940 	0.2849644764
	0.2625826950 	0.0257955189 	0.3117655109 	0.3117666575 	0.3117664050
	0.2876349938 	0.0262515959 	0.3373448056 	0.3373460330 	0.3373457442
	0.3126872926 	0.0267838404 	0.3604093207 	0.3604106156 	0.3604102906
	0.3377395914 	0.0272786563 	0.3797165075 	0.3797178530 	0.3797174934
	0.3627918902 	0.0276307309 	0.3941664181 	0.3941677941 	0.3941674031
	0.3878441890 	0.0277508016 	0.4028862139 	0.4028875986 	0.4028871809
	0.4128964879 	0.0275716423 	0.4052977029 	0.4052990735 	0.4052986353
	0.4379487867 	0.0270518592 	0.4011609395 	0.4011622735 	0.4011618221
	0.4630010855 	0.0261772976 	0.3905894391 	0.3905907158 	0.3905902591
	0.4880533843 	0.0249600936 	0.3740356990 	0.3740369003 	0.3740364465
	0.5131056831 	0.0234356238 	0.3522490496 	0.3522501606 	0.3522497179
	0.5381579820 	0.0216577973 	0.3262108972 	0.3262119074 	0.3262114832
	0.5632102808 	0.0196932686 	0.2970547421 	0.2970556449 	0.2970552457
	0.5882625796 	0.0176152075 	0.2659796400 	0.2659804329 	0.2659800639
	0.6133148784 	0.0154972541 	0.2341659001 	0.2341665847 	0.2341662497
	0.6383671772 	0.0134081962 	0.2027008271 	0.2027014079 	0.2027011092
	0.6634194760 	0.0114077719 	0.1725204443 	0.1725209286 	0.1725206670
	0.6884717749 	0.0095438299 	0.1443707332 	0.1443711301 	0.1443709050
	0.7135240737 	0.0078509028 	0.1187893748 	0.1187896943 	0.1187895042
	0.7385763725 	0.0063500947 	0.0961066593 	0.0961069119 	0.0961067544
	0.7636286713 	0.0050500606 	0.0764624240 	0.0764626199 	0.0764624921
	0.7886809701 	0.0039487831 	0.0598347567 	0.0598349056 	0.0598348043
	0.8137332689 	0.0030358230 	0.0460757957 	0.0460759062 	0.0460758284
	0.8387855678 	0.0022947399 	0.0349501953 	0.0349502745 	0.0349502176
	0.8638378666 	0.0017054244 	0.0261725416 	0.0261725953 	0.0261725572
	0.8888901654 	0.0012461554 	0.0194410010 	0.0194410335 	0.0194410130
	0.9139424642 	0.0008952653 	0.0144655519 	0.0144655658 	0.0144655629
	0.9389947630 	0.0006323689 	0.0109901249 	0.0109901212 	0.0109901373
	0.9640470619 	0.0004391653 	0.0088087275 	0.0088087053 	0.0088087434
	0.9890993607 	0.0002998638 	0.0077761010 	0.0077760577 	0.0077761228
	1.0141516595 	0.0002013067 	0.0078136377 	0.0078135687 	0.0078136677
	1.0392039583 	0.0001328712 	0.0089112174 	0.0089111162 	0.0089112583
	1.0642562571 	0.0000862266 	0.0111253823 	0.0111252402 	0.0111254369
	1.0893085559 	0.0000550161 	0.0145739449 	0.0145737511 	0.0145740163
	1.1143608548 	0.0000345125 	0.0194268212 	0.0194265631 	0.0194269123
	1.1394131536 	0.0000212863 	0.0258926941 	0.0258923574 	0.0258928077
	1.1644654524 	0.0000129081 	0.0342011147 	0.0342006839 	0.0342012527
	1.1895177512 	0.0000076959 	0.0445798928 	0.0445793520 	0.0445800562
	1.2145700500 	0.0000045113 	0.0572281220 	0.0572274559 	0.0572283100
	1.2396223488 	0.0000026000 	0.0722858898 	0.0722850847 	0.0722860995
	1.2646746477 	0.0000014733 	0.0898025570 	0.0898016025 	0.0898027831
	1.2897269465 	0.0000008208 	0.1097063189 	0.1097052086 	0.1097065527
	1.3147792453 	0.0000004496 	0.1317784207 	0.1317771544 	0.1317786507
	1.3398315441 	0.0000002421 	0.1556357314 	0.1556343153 	0.1556359429
	1.3648838429 	0.0000001282 	0.1807252203 	0.1807236683 	0.1807253961
	1.3899361418 	0.0000000667 	0.2063331668 	0.2063315004 	0.2063332878
	1.4149884406 	0.0000000342 	0.2316106406 	0.2316088883 	0.2316106869
	1.4400407394 	0.0000000172 	0.2556150401 	0.2556132369 	0.2556149924
	1.4650930382 	0.0000000085 	0.2773654672 	0.2773636524 	0.2773653084
	1.4901453370 	0.0000000041 	0.2959077287 	0.2959059438 	0.2959074449
	1.5151976358 	0.0000000020 	0.3103831169 	0.3103814034 	0.3103826993
	1.5402499347 	0.0000000009 	0.3200941240 	0.3200925204 	0.3200935696
	1.5653022335 	0.0000000004 	0.3245601001 	0.3245586401 	0.3245594126
	1.5903545323 	0.0000000002 	0.3235566751 	0.3235553851 	0.3235558648
	1.6154068311 	0.0000000001 	0.3171344376 	0.3171333353 	0.3171335209
	1.6404591299 	0.0000000000 	0.3056147067 	0.3056138006 	0.3056137051
	1.6655114287 	0.0000000000 	0.2895628867 	0.2895621762 	0.2895618259
	1.6905637276 	0.0000000000 	0.2697424818 	0.2697419579 	0.2697413894
	1.7156160264 	0.0000000000 	0.2470549752 	0.2470546216 	0.2470538792
	1.7406683252 	0.0000000000 	0.2224721561 	0.2224719514 	0.2224710832
	1.7657206240 	0.0000000000 	0.1969679344 	0.1969678539 	0.1969669084
	1.7907729228 	0.0000000000 	0.1714562064 	0.1714562240 	0.1714552471
	1.8158252217 	0.0000000000 	0.1467400689 	0.1467401589 	0.1467391912
	1.8408775205 	0.0000000000 	0.1234758691 	0.1234760080 	0.1234750828
	1.8659298193 	0.0000000000 	0.1021535394 	0.1021537065 	0.1021528494
	1.8909821181 	0.0000000000 	0.0830927088 	0.0830928872 	0.0830921155
	1.9160344169 	0.0000000000 	0.0664524686 	0.0664526452 	0.0664519684
	1.9410867157 	0.0000000000 	0.0522515670 	0.0522517326 	0.0522511535
	1.9661390146 	0.0000000000 	0.0403952853 	0.0403954339 	0.0403949501
	1.9911913134 	0.0000000000 	0.0307052694 	0.0307053981 	0.0307050028
	2.0162436122 	0.0000000000 	0.0229490561 	0.0229491640 	0.0229488480
	2.0412959110 	0.0000000000 	0.0168667846 	0.0168668724 	0.0168666253
	2.0663482098 	0.0000000000 	0.0121934647 	0.0121935343 	0.0121933451
	2.0914005086 	0.0000000000 	0.0086760364 	0.0086760902 	0.0086759485
	2.1164528075 	0.0000000000 	0.0060851975 	0.0060852380 	0.0060851344
	2.1415051063 	0.0000000000 	0.0042225273 	0.0042225570 	0.0042224834
	2.1665574051 	0.0000000000 	0.0029237816 	0.0029238027 	0.0029237524
	2.1916097039 	0.0000000000 	0.0020593809 	0.0020593953 	0.0020593631
	2.2166620027 	0.0000000000 	0.0015331036 	0.0015331127 	0.0015330951
	2.2417143016 	0.0000000000 	0.0012798641 	0.0012798690 	0.0012798638
	2.2667666004 	0.0000000000 	0.0012632545 	0.0012632558 	0.0012632620
	2.2918188992 	0.0000000000 	0.0014732884 	0.0014732864 	0.0014733044
	2.3168711980 	0.0000000000 	0.0019245438 	0.0019245383 	0.0019245697
	2.3419234968 	0.0000000000 	0.0026546672 	0.0026546578 	0.0026547052
	2.3669757956 	0.0000000000 	0.0037230035 	0.0037229893 	0.0037230565
	2.3920280945 	0.0000000000 	0.0052089532 	0.0052089331 	0.0052090247
	2.4170803933 	0.0000000000 	0.0072095536 	0.0072095262 	0.0072096478
	2.4421326921 	0.0000000000 	0.0098357421 	0.0098357055 	0.0098358631
	2.4671849909 	0.0000000000 	0.0132068049 	0.0132067571 	0.0132069570
	2.4922372897 	0.0000000000 	0.0174426572 	0.0174425959 	0.0174428441
	2.5172895886 	0.0000000000 	0.0226538391 	0.0226537620 	0.0226540636
	2.5423418874 	0.0000000000 	0.0289294474 	0.0289293521 	0.0289297107
	2.5673941862 	0.0000000000 	0.0363236199 	0.0363235043 	0.0363239212
	2.5924464850 	0.0000000000 	0.0448416081 	0.0448414704 	0.0448419438
	2.6174987838 	0.0000000000 	0.0544268498 	0.0544266886 	0.0544272133
	2.6425510826 	0.0000000000 	0.0649507104 	0.0649505253 	0.0649510917
	2.6676033815 	0.0000000000 	0.0762066338 	0.0762064252 	0.0762070196
	2.6926556803 	0.0000000000 	0.0879102678 	0.0879100369 	0.0879106418
	2.7177079791 	0.0000000000 	0.0997066882 	0.0997064374 	0.0997070319
	2.7427602779 	0.0000000000 	0.1111851554 	0.1111848881 	0.1111854488
	2.7678125767 	0.0000000000 	0.1219009630 	0.1219006835 	0.1219011862
	2.7928648755 	0.0000000000 	0.1314029976 	0.1314027109 	0.1314031320
	2.8179171744 	0.0000000000 	0.1392647530 	0.1392644646 	0.1392647829
	2.8429694732 	0.0000000000 	0.1451158859 	0.1451156015 	0.1451157998
	2.8680217720 	0.0000000000 	0.1486710829 	0.1486708080 	0.1486708745
	2.8930740708 	0.0000000000 	0.1497531115 	0.1497528514 	0.1497527807
	2.9181263696 	0.0000000000 	0.1483074637 	0.1483072225 	0.1483070162
	2.9431786685 	0.0000000000 	0.1444069061 	0.1444066874 	0.1444063537
	2.9682309673 	0.0000000000 	0.1382454104 	0.1382452163 	0.1382447698
	2.9932832661 	0.0000000000 	0.1301221658 	0.1301219976 	0.1301214578
	3.0183355649 	0.0000000000 	0.1204175114 	0.1204173691 	0.1204167588
	3.0433878637 	0.0000000000 	0.1095634791 	0.1095633618 	0.1095627059
	3.0684401625 	0.0000000000 	0.0980121202 	0.0980120262 	0.0980113493
	3.0934924614 	0.0000000000 	0.0862048214 	0.0862047483 	0.0862040738
	3.1185447602 	0.0000000000 	0.0745454485 	0.0745453936 	0.0745447417
	3.1435970590 	0.0000000000 	0.0633794564 	0.0633794167 	0.0633788043
	3.1686493578 	0.0000000000 	0.0529802119 	0.0529801846 	0.0529796239
	3.1937016566 	0.0000000000 	0.0435428323 	0.0435428147 	0.0435423139
	3.2187539554 	0.0000000000 	0.0351849923 	0.0351849821 	0.0351845450
	3.2438062543 	0.0000000000 	0.0279534908 	0.0279534858 	0.0279531128
	3.2688585531 	0.0000000000 	0.0218349621 	0.0218349606 	0.0218346492
	3.2939108519 	0.0000000000 	0.0167689796 	0.0167689803 	0.0167687258
	3.3189631507 	0.0000000000 	0.0126618929 	0.0126618948 	0.0126616910
	3.3440154495 	0.0000000000 	0.0094000126 	0.0094000151 	0.0093998551
	3.3690677484 	0.0000000000 	0.0068611362 	0.0068611387 	0.0068610157
	3.3941200472 	0.0000000000 	0.0049238118 	0.0049238142 	0.0049237213
	3.4191723460 	0.0000000000 	0.0034741187 	0.0034741208 	0.0034740521
	3.4442246448 	0.0000000000 	0.0024100478 	0.0024100496 	0.0024099997
	3.4692769436 	0.0000000000 	0.0016437830 	0.0016437843 	0.0016437488
	3.4943292424 	0.0000000000 	0.0011023033 	0.0011023043 	0.0011022795
	3.5193815413 	0.0000000000 	0.0007267675 	0.0007267683 	0.0007267512
	3.5444338401 	0.0000000000 	0.0004711159 	0.0004711164 	0.0004711049
	3.5694861389 	0.0000000000 	0.0003002602 	0.0003002606 	0.0003002530
	3.5945384377 	0.0000000000 	0.0001881506 	0.0001881509 	0.0001881459
	3.6195907365 	0.0000000000 	0.0001159181 	0.0001159183 	0.0001159151
	3.6446430353 	0.0000000000 	0.0000702158 	0.0000702159 	0.0000702139
	3.6696953342 	0.0000000000 	0.0000418173 	0.0000418174 	0.0000418162
	3.6947476330 	0.0000000000 	0.0000244858 	0.0000244859 	0.0000244851
	3.7197999318 	0.0000000000 	0.0000140965 	0.0000140965 	0.0000140961
	3.7448522306 	0.0000000000 	0.0000079790 	0.0000079790 	0.0000079787
	3.7699045294 	0.0000000000 	0.0000044404 	0.0000044404 	0.0000044402
	3.7949568283 	0.0000000000 	0.0000024296 	0.0000024296 	0.0000024295
	3.8200091271 	0.0000000000 	0.0000013070 	0.0000013070 	0.0000013070
	3.8450614259 	0.0000000000 	0.0000006913 	0.0000006913 	0.0000006913
	3.8701137247 	0.0000000000 	0.0000003595 	0.0000003595 	0.0000003595
	3.8951660235 	0.0000000000 	0.0000001838 	0.0000001838 	0.0000001838
	3.9202183223 	0.0000000000 	0.0000000925 	0.0000000925 	0.0000000925
	3.9452706212 	0.0000000001 	0.0000000459 	0.0000000459 	0.0000000459
	3.9703229200 	0.0000000002 	0.0000000226 	0.0000000226 	0.0000000226
	3.9953752188 	0.0000000004 	0.0000000116 	0.0000000116 	0.0000000116
	4.0204275176 	0.0000000009 	0.0000000071 	0.0000000071 	0.0000000071
	4.0454798164 	0.0000000019 	0.0000000069 	0.0000000069 	0.0000000069
	4.0705321152 	0.0000000040 	0.0000000107 	0.0000000107 	0.0000000107
	4.0955844141 	0.0000000083 	0.0000000205 	0.0000000205 	0.0000000205
	4.1206367129 	0.0000000171 	0.0000000412 	0.0000000412 	0.0000000412
	4.1456890117 	0.0000000344 	0.0000000826 	0.0000000826 	0.0000000826
	4.1707413105 	0.0000000682 	0.0000001630 	0.0000001630 	0.0000001630
	4.1957936093 	0.0000001329 	0.0000003167 	0.0000003167 	0.0000003167
	4.2208459082 	0.0000002545 	0.0000006050 	0.0000006050 	0.0000006051
	4.2458982070 	0.0000004794 	0.0000011365 	0.0000011365 	0.0000011366
	4.2709505058 	0.0000008877 	0.0000020992 	0.0000020992 	0.0000020994
	4.2960028046 	0.0000016164 	0.0000038124 	0.0000038124 	0.0000038127
	4.3210551034 	0.0000028939 	0.0000068077 	0.0000068076 	0.0000068082
	4.3461074022 	0.0000050943 	0.0000119528 	0.0000119526 	0.0000119535
	4.3711597011 	0.0000088177 	0.0000206346 	0.0000206343 	0.0000206359
	4.3962119999 	0.0000150074 	0.0000350258 	0.0000350253 	0.0000350279
	4.4212642987 	0.0000251145 	0.0000584578 	0.0000584572 	0.0000584612
	4.4463165975 	0.0000413253 	0.0000959316 	0.0000959305 	0.0000959369
	4.4713688963 	0.0000668620 	0.0001547906 	0.0001547889 	0.0001547989
	4.4964211951 	0.0001063689 	0.0002455793 	0.0002455768 	0.0002455920
	4.5214734940 	0.0001663883 	0.0003830923 	0.0003830887 	0.0003831114
	4.5465257928 	0.0002559193 	0.0005875976 	0.0005875923 	0.0005876256
	4.5715780916 	0.0003870401 	0.0008861791 	0.0008861716 	0.0008862197
	4.5966303904 	0.0005755479 	0.0013140998 	0.0013140893 	0.0013141574
	4.6216826892 	0.0008415498 	0.0019160228 	0.0019160085 	0.0019161031
	4.6467349881 	0.0012099043 	0.0027468742 	0.0027468552 	0.0027469841
	4.6717872869 	0.0017103902 	0.0038720670 	0.0038720422 	0.0038722145
	4.6968395857 	0.0023774560 	0.0053667727 	0.0053667410 	0.0053669671
	4.7218918845 	0.0032493982 	0.0073139168 	0.0073138773 	0.0073141680
	4.7469441833 	0.0043668335 	0.0098006198 	0.0098005718 	0.0098009383
	4.7719964821 	0.0057703702 	0.0129129067 	0.0129128498 	0.0129133027
	4.7970487810 	0.0074974594 	0.0167286795 	0.0167286140 	0.0167291620
	4.8221010798 	0.0095785120 	0.0213091787 	0.0213091057 	0.0213097551
	4.8471533786 	0.0120324901 	0.0266894358 	0.0266893574 	0.0266901103
	4.8722056774 	0.0148623188 	0.0328685036 	0.0328684229 	0.0328692762
	4.8972579762 	0.0180505848 	0.0398005018 	0.0398004231 	0.0398013680
	4.9223102750 	0.0215560743 	0.0473876814 	0.0473876102 	0.0473886310
	4.9473625739 	0.0253117280 	0.0554767339 	0.0554766767 	0.0554777510
	4.9724148727 	0.0292245397 	0.0638594298 	0.0638593937 	0.0638604928
	4.9974671715 	0.0331777823 	0.0722783326 	0.0722783251 	0.0722794151
	5.0225194703 	0.0370357237 	0.0804378323 	0.0804378607 	0.0804389043
	5.0475717691 	0.0406507106 	0.0880201168 	0.0880201878 	0.0880211463
	5.0726240680 	0.0438721868 	0.0947050358 	0.0947051547 	0.0947059910
	5.0976763668 	0.0465569217 	0.1001922091 	0.1001923795 	0.1001930603
	5.1227286656 	0.0485795029 	0.1042232890 	0.1042235121 	0.1042240107
	5.1477809644 	0.0498420273 	0.1066020922 	0.1066023668 	0.1066026651
	5.1728332632 	0.0502819533 	0.1072104212 	0.1072107435 	0.1072108332
	5.1978855620 	0.0498772351 	0.1060177976 	0.1060181616 	0.1060180450
	5.2229378609 	0.0486481536 	0.1030839937 	0.1030843911 	0.1030840807
	5.2479901597 	0.0466556325 	0.0985540668 	0.0985544879 	0.0985540052
	5.2730424585 	0.0439962327 	0.0926464733 	0.0926469074 	0.0926462813
	5.2980947573 	0.0407943996 	0.0856356165 	0.0856360526 	0.0856353168
	5.3231470561 	0.0371928274 	0.0778307691 	0.0778311969 	0.0778303874
	5.3481993549 	0.0333419797 	0.0695536187 	0.0695540287 	0.0695531813
	5.3732516538 	0.0293898282 	0.0611166874 	0.0611170717 	0.0611162198
	5.3983039526 	0.0254727669 	0.0528045932 	0.0528049457 	0.0528041184
	5.4233562514 	0.0217084357 	0.0448596166 	0.0448599333 	0.0448591540
	5.4484085502 	0.0181909003 	0.0374724004 	0.0374726791 	0.0374719653
	5.4734608490 	0.0149883225 	0.0307779512 	0.0307781916 	0.0307775546
	5.4985131479 	0.0121429707 	0.0248565165 	0.0248567198 	0.0248561650
	5.5235654467 	0.0096731929 	0.0197384621 	0.0197386307 	0.0197381586
	5.5486177455 	0.0075768316 	0.0154119989 	0.0154121360 	0.0154117433
	5.5736700443 	0.0058355017 	0.0118325227 	0.0118326323 	0.0118323125
	5.5987223431 	0.0044191774 	0.0089324082 	0.0089324940 	0.0089322390
	5.6237746419 	0.0032906161 	0.0066302928 	0.0066303588 	0.0066301597
	5.6488269408 	0.0024092697 	0.0048391590 	0.0048392088 	0.0048390564
	5.6738792396 	0.0017344665 	0.0034728034 	0.0034728403 	0.0034727260
	5.6989315384 	0.0012277745 	0.0024505509 	0.0024505777 	0.0024504936
	5.7239838372 	0.0008545614 	0.0017002804 	0.0017002996 	0.0017002389
	5.7490361360 	0.0005848438 	0.0011599807 	0.0011599941 	0.0011599512
	5.7740884348 	0.0003935575 	0.0007781341 	0.0007781434 	0.0007781135
	5.7991407337 	0.0002604043 	0.0005132533 	0.0005132596 	0.0005132392
	5.8241930325 	0.0001694180 	0.0003328764 	0.0003328806 	0.0003328670
	5.8492453313 	0.0001083782 	0.0002122802 	0.0002122829 	0.0002122739
	5.8742976301 	0.0000681704 	0.0001331111 	0.0001331128 	0.0001331071
	5.8993499289 	0.0000421619 	0.0000820747 	0.0000820758 	0.0000820722
	5.9244022278 	0.0000256399 	0.0000497663 	0.0000497669 	0.0000497647
	5.9494545266 	0.0000153314 	0.0000296844 	0.0000296848 	0.0000296834
	5.9745068254 	0.0000090140 	0.0000174364 	0.0000174367 	0.0000174359
	5.9995591242 	0.0000052110 	0.0000101231 	0.0000101233 	0.0000101228
	6.0246114230 	0.0000029621 	0.0000058802 	0.0000058803 	0.0000058800
	6.0496637218 	0.0000016556 	0.0000035502 	0.0000035502 	0.0000035501
	6.0747160207 	0.0000009098 	0.0000024582 	0.0000024581 	0.0000024581
	6.0997683195 	0.0000004916 	0.0000022696 	0.0000022695 	0.0000022696
	6.1248206183 	0.0000002612 	0.0000029149 	0.0000029147 	0.0000029149
	6.1498729171 	0.0000001365 	0.0000045689 	0.0000045684 	0.0000045688
	6.1749252159 	0.0000000701 	0.0000076824 	0.0000076816 	0.0000076823
	6.1999775147 	0.0000000354 	0.0000130674 	0.0000130661 	0.0000130673
	6.2250298136 	0.0000000176 	0.0000220429 	0.0000220407 	0.0000220427
	6.2500821124 	0.0000000086 	0.0000366515 	0.0000366479 	0.0000366511
	6.2751344112 	0.0000000041 	0.0000599619 	0.0000599564 	0.0000599614
	6.3001867100 	0.0000000019 	0.0000964702 	0.0000964615 	0.0000964694
	6.3252390088 	0.0000000009 	0.0001526076 	0.0001525943 	0.0001526063
	6.3502913077 	0.0000000004 	0.0002373586 	0.0002373386 	0.0002373566
	6.3753436065 	0.0000000002 	0.0003629727 	0.0003629433 	0.0003629698
	6.4003959053 	0.0000000001 	0.0005457347 	0.0005456921 	0.0005457303
	6.4254482041 	0.0000000000 	0.0008067280 	0.0008066676 	0.0008067216
	6.4505005029 	0.0000000000 	0.0011724938 	0.0011724096 	0.0011724845
	6.4755528017 	0.0000000000 	0.0016754514 	0.0016753361 	0.0016754382
	6.5006051006 	0.0000000000 	0.0023539156 	0.0023537608 	0.0023538972
	6.5256573994 	0.0000000000 	0.0032515299 	0.0032513261 	0.0032515047
	6.5507096982 	0.0000000000 	0.0044159325 	0.0044156691 	0.0044158986
	6.5757619970 	0.0000000000 	0.0058965081 	0.0058961744 	0.0058964631
	6.6008142958 	0.0000000000 	0.0077411445 	0.0077407301 	0.0077410860
	6.6258665946 	0.0000000000 	0.0099920191 	0.0099915147 	0.0099919441
	6.6509188935 	0.0000000000 	0.0126805806 	0.0126799792 	0.0126804862
	6.6759711923 	0.0000000000 	0.0158220525 	0.0158213505 	0.0158219358
	6.7010234911 	0.0000000000 	0.0194099452 	0.0194091433 	0.0194098032
	6.7260757899 	0.0000000000 	0.0234111960 	0.0234103003 	0.0234110261
	6.7511280887 	0.0000000000 	0.0277626357 	0.0277616583 	0.0277624360
	6.7761803876 	0.0000000001 	0.0323694702 	0.0323684296 	0.0323692394
	6.8012326864 	0.0000000002 	0.0371063547 	0.0371052752 	0.0371060925
	6.8262849852 	0.0000000004 	0.0418214223 	0.0418203334 	0.0418211293
	6.8513372840 	0.0000000008 	0.0463433168 	0.0463422517 	0.0463429950
	6.8763895828 	0.0000000017 	0.0504909148 	0.0504899086 	0.0504905673
	6.9014418816 	0.0000000035 	0.0540850439 	0.0540841313 	0.0540846750
	6.9264941805 	0.0000000071 	0.0569611792 	0.0569603921 	0.0569607942
	6.9515464793 	0.0000000141 	0.0589818820 	0.0589812472 	0.0589814870
	6.9765987781 	0.0000000277 	0.0600476772 	0.0600472144 	0.0600472788
	7.0016510769 	0.0000000534 	0.0601051729 	0.0601048932 	0.0601047778
	7.0267033757 	0.0000001013 	0.0591515011 	0.0591514066 	0.0591511161
	7.0517556745 	0.0000001888 	0.0572345690 	0.0572346524 	0.0572341999
	7.0768079734 	0.0000003461 	0.0544490923 	0.0544493380 	0.0544487446
	7.1018602722 	0.0000006236 	0.0509288772 	0.0509292626 	0.0509285551
	7.1269125710 	0.0000011049 	0.0468362335 	0.0468367310 	0.0468359402
	7.1519648698 	0.0000019246 	0.0423497005 	0.0423502796 	0.0423494380
	7.1770171686 	0.0000032960 	0.0376513907 	0.0376520205 	0.0376511597
	7.2020694675 	0.0000055498 	0.0329152140 	0.0329158650 	0.0329150143
	7.2271217663 	0.0000091878 	0.0282970391 	0.0282976849 	0.0282968693
	7.2521740651 	0.0000149548 	0.0239275350 	0.0239281535 	0.0239273932
	7.2772263639 	0.0000239325 	0.0199080608 	0.0199086352 	0.0199079445
	7.3022786627 	0.0000376559 	0.0163095959 	0.0163101145 	0.0163095024
	7.3273309615 	0.0000582528 	0.0131743803 	0.0131748364 	0.0131743066
	7.3523832604 	0.0000886007 	0.0105196924 	0.0105200838 	0.0105196358
	7.3774355592 	0.0001324938 	0.0083430580 	0.0083433859 	0.0083430159
	7.4024878580 	0.0001948014 	0.0066281430 	0.0066284116 	0.0066281131
	7.4275401568 	0.0002815958 	0.0053506333 	0.0053508482 	0.0053506137
	7.4525924556 	0.0004002193 	0.0044835113 	0.0044836795 	0.0044835006
	7.4776447545 	0.0005592522 	0.0040012830 	0.0040014116 	0.0040012802
	7.5026970533 	0.0007683432 	0.0038828618 	0.0038829577 	0.0038828662
	7.5277493521 	0.0010378642 	0.0041129659 	0.0041130352 	0.0041129773
	7.5528016509 	0.0013783632 	0.0046820222 	0.0046820704 	0.0046820405
	7.5778539497 	0.0017998014 	0.0055846887 	0.0055847203 	0.0055847142
	7.6029062485 	0.0023105923 	0.0068172144 	0.0068172330 	0.0068172473
	7.6279585474 	0.0029164856 	0.0083739481 	0.0083739565 	0.0083739888
	7.6530108462 	0.0036193799 	0.0102433895 	0.0102433897 	0.0102434383
	7.6780631450 	0.0044161753 	0.0124042374 	0.0124042309 	0.0124042944
	7.7031154438 	0.0052978084 	0.0148219262 	0.0148219140 	0.0148219912
	7.7281677426 	0.0062486182 	0.0174461394 	0.0174461223 	0.0174462119
	7.7532200414 	0.0072461870 	0.0202097354 	0.0202097137 	0.0202098145
	7.7782723403 	0.0082617660 	0.0230294105 	0.0230293848 	0.0230294951
	7.8033246391 	0.0092613450 	0.0258082630 	0.0258082335 	0.0258083515
	7.8283769379 	0.0102073511 	0.0284402083 	0.0284401754 	0.0284402989
	7.8534292367 	0.0110608853 	0.0308159728 	0.0308159369 	0.0308160632
	7.8784815355 	0.0117843221 	0.0328301673 	0.0328301290 	0.0328302556
	7.9035338344 	0.0123440384 	0.0343887726 	0.0343887323 	0.0343888565
	7.9285861332 	0.0127129987 	0.0354162592 	0.0354162177 	0.0354163369
	7.9536384320 	0.0128729200 	0.0358615670 	0.0358615249 	0.0358616368
	7.9786907308 	0.0128157772 	0.0357022639 	0.0357022219 	0.0357023245
	8.0037430296 	0.0125444769 	0.0349464007 	0.0349463596 	0.0349464513
	8.0287953284 	0.0120726232 	0.0336318447 	0.0336318052 	0.0336318852
	8.0538476273 	0.0114234051 	0.0318231696 	0.0318231322 	0.0318232000
	8.0788999261 	0.0106277361 	0.0296064658 	0.0296064310 	0.0296064868
	8.1039522249 	0.0097218623 	0.0270826679 	0.0270826362 	0.0270826805
	8.1290045237 	0.0087447043 	0.0243601425 	0.0243601140 	0.0243601480
	8.1540568225 	0.0077352171 	0.0215473220 	0.0215472970 	0.0215473218
	8.1791091213 	0.0067300312 	0.0187461162 	0.0187460947 	0.0187461118
	8.2041614202 	0.0057615818 	0.0160466835 	0.0160466654 	0.0160466764
	8.2292137190 	0.0048568668 	0.0135239420 	0.0135239275 	0.0135239338
	8.2542660178 	0.0040368844 	0.0112359721 	0.0112359611 	0.0112359642
	8.2793183166 	0.0033167259 	0.0092242358 	0.0092242282 	0.0092242295
	8.3043706154 	0.0027062307 	0.0075153558 	0.0075153520 	0.0075153528
	8.3294229143 	0.0022110596 	0.0061240593 	0.0061240595 	0.0061240608
	8.3544752131 	0.0018340158 	0.0050568126 	0.0050568175 	0.0050568205
	8.3795275119 	0.0015764348 	0.0043156572 	0.0043156677 	0.0043156734
	8.4045798107 	0.0014394717 	0.0039017774 	0.0039017948 	0.0039018042
	8.4296321095 	0.0014251342 	0.0038183946 	0.0038184205 	0.0038184347
	8.4546844083 	0.0015369430 	0.0040726637 	0.0040727004 	0.0040727204
	8.4797367072 	0.0017801313 	0.0046763499 	0.0046764000 	0.0046764271
	8.5047890060 	0.0021613379 	0.0056451696 	0.0056452361 	0.0056452713
	8.5298413048 	0.0026877926 	0.0069968022 	0.0069968886 	0.0069969331
	8.5548936036 	0.0033660386 	0.0087477077 	0.0087478177 	0.0087478725
	8.5799459024 	0.0042002880 	0.0109090166 	0.0109091541 	0.0109092198
	8.6049982012 	0.0051905589 	0.0134818958 	0.0134820645 	0.0134821416
	8.6300505001 	0.0063307862 	0.0164529102 	0.0164531136 	0.0164532020
	8.6551027989 	0.0076071352 	0.0197899880 	0.0197902288 	0.0197903277
	8.6801550977 	0.0089967603 	0.0234396275 	0.0234399076 	0.0234400157
	8.7052073965 	0.0104672396 	0.0273259430 	0.0273262629 	0.0273263779
	8.7302596953 	0.0119768716 	0.0313520142 	0.0313523728 	0.0313524920
	8.7553119942 	0.0134759428 	0.0354037865 	0.0354041811 	0.0354043009
	8.7803642930 	0.0149089729 	0.0393564732 	0.0393568989 	0.0393570152
	8.8054165918 	0.0162178227 	0.0430830710 	0.0430835212 	0.0430836295
	8.8304688906 	0.0173454303 	0.0464642638 	0.0464647297 	0.0464648254
	8.8555211894 	0.0182398408 	0.0493987003 	0.0493991716 	0.0493992500
	8.8805734882 	0.0188581271 	0.0518124562 	0.0518129210 	0.0518129780
	8.9056257871 	0.0191697858 	0.0536664566 	0.0536669022 	0.0536669340
	8.9306780859 	0.0191592306 	0.0549607764 	0.0549611895 	0.0549611932
	8.9557303847 	0.0188270996 	0.0557350442 	0.0557354114 	0.0557353850
	8.9807826835 	0.0181902265 	0.0560646191 	0.0560649279 	0.0560648704
	9.0058349823 	0.0172802827 	0.0560527415 	0.0560529803 	0.0560528918
	9.0308872811 	0.0161412528 	0.0558193901 	0.0558195492 	0.0558194306
	9.0559395800 	0.0148260375 	0.0554880496 	0.0554881214 	0.0554879748
	9.0809918788 	0.0133925663 	0.0551719164 	0.0551718957 	0.0551717241
	9.1060441776 	0.0118998372 	0.0549611996 	0.0549610840 	0.0549608911
	9.1310964764 	0.0104042798 	0.0549130854 	0.0549128758 	0.0549126657
	9.1561487752 	0.0089567640 	0.0550456245 	0.0550453244 	0.0550451020
	9.1812010741 	0.0076004717 	0.0553363194 	0.0553359355 	0.0553357058
	9.2062533729 	0.0063697227 	0.0557255971 	0.0557251386 	0.0557249067
	9.2313056717 	0.0052897230 	0.0561247235 	0.0561242020 	0.0561239730
	9.2563579705 	0.0043770977 	0.0564271550 	0.0564265840 	0.0564263626
	9.2814102693 	0.0036409956 	0.0565218875 	0.0565212815 	0.0565210722
	9.3064625681 	0.0030845141 	0.0563071296 	0.0563065039 	0.0563063104
	9.3315148670 	0.0027061903 	0.0557026166 	0.0557019865 	0.0557018119
	9.3565671658 	0.0025013344 	0.0546590932 	0.0546584731 	0.0546583196
	9.3816194646 	0.0024630376 	0.0531638955 	0.0531632987 	0.0531631674
	9.4066717634 	0.0025827563 	0.0512420937 	0.0512415316 	0.0512414230
	9.4317240622 	0.0028504538 	0.0489532370 	0.0489527189 	0.0489526325
	9.4567763610 	0.0032543488 	0.0463842946 	0.0463838274 	0.0463837619
	9.4818286599 	0.0037803899 	0.0436398311 	0.0436394193 	0.0436393729
	9.5068809587 	0.0044116113 	0.0408307441 	0.0408303899 	0.0408303603
	9.5319332575 	0.0051275533 	0.0380629866 	0.0380626899 	0.0380626746
	9.5569855563 	0.0059039250 	0.0354276028 	0.0354273618 	0.0354273581
	9.5820378551 	0.0067126590 	0.0329931514 	0.0329929628 	0.0329929680
	9.6070901540 	0.0075224572 	0.0308012107 	0.0308010699 	0.0308010818
	9.6321424528 	0.0082998599 	0.0288652287 	0.0288651305 	0.0288651469
	9.6571947516 	0.0090107927 	0.0271725522 	0.0271724910 	0.0271725100
	9.6822470504 	0.0096224712 	0.0256890981 	0.0256890679 	0.0256890882
	9.7072993492 	0.0101054828 	0.0243658646 	0.0243658599 	0.0243658804
	9.7323516480 	0.0104358226 	0.0231463424 	0.0231463577 	0.0231463776
	9.7574039469 	0.0105966513 	0.0219738748 	0.0219739052 	0.0219739240
	9.7824562457 	0.0105795654 	0.0207981328 	0.0207981740 	0.0207981913
	9.8075085445 	0.0103852211 	0.0195800701 	0.0195801182 	0.0195801338
	9.8325608433 	0.0100232281 	0.0182949834 	0.0182950350 	0.0182950490
	9.8576131421 	0.0095113190 	0.0169335760 	0.0169336287 	0.0169336410
	9.8826654409 	0.0088738815 	0.0155011746 	0.0155012263 	0.0155012370
	9.9077177398 	0.0081400187 	0.0140154462 	0.0140154952 	0.0140155045
	9.9327700386 	0.0073413443 	0.0125030920 	0.0125031372 	0.0125031452
	9.9578223374 	0.0065097444 	0.0109960459 	0.0109960867 	0.0109960934
	9.9828746362 	0.0056753190 	0.0095276796 	0.0095277155 	0.0095277212
	10.0079269350 	0.0048646828 	0.0081294359 	0.0081294669 	0.0081294716
	10.0329792339 	0.0040997431 	0.0068281900 	0.0068282162 	0.0068282202
	10.0580315327 	0.0033970083 	0.0056445000 	0.0056445217 	0.0056445250
	10.0830838315 	0.0027674156 	0.0045917750 	0.0045917925 	0.0045917953
	10.1081361303 	0.0022166135 	0.0036762791 	0.0036762929 	0.0036762953
	10.1331884291 	0.0017455945 	0.0028978081 	0.0028978185 	0.0028978208
	10.1582407279 	0.0013515577 	0.0022508348 	0.0022508422 	0.0022508444
	10.1832930268 	0.0010288773 	0.0017259084 	0.0017259130 	0.0017259154
	10.2083453256 	0.0007700704 	0.0013111137 	0.0013111157 	0.0013111184
	10.2333976244 	0.0005666763 	0.0009934311 	0.0009934305 	0.0009934338
	10.2584499232 	0.0004099939 	0.0007598864 	0.0007598829 	0.0007598872
	10.2835022220 	0.0002916471 	0.0005984254 	0.0005984189 	0.0005984245
	10.3085545208 	0.0002039744 	0.0004984904 	0.0004984804 	0.0004984877
	10.3336068197 	0.0001402593 	0.0004513074 	0.0004512933 	0.0004513026
	10.3586591185 	0.0000948255 	0.0004499161 	0.0004498971 	0.0004499088
	10.3837114173 	0.0000630313 	0.0004889892 	0.0004889644 	0.0004889790
	10.4087637161 	0.0000411932 	0.0005644927 	0.0005644613 	0.0005644791
	10.4338160149 	0.0000264687 	0.0006732420 	0.0006732029 	0.0006732243
	10.4588683138 	0.0000167216 	0.0008124075 	0.0008123599 	0.0008123850
	10.4839206126 	0.0000103863 	0.0009790226 	0.0009789656 	0.0009789946
	10.5089729114 	0.0000063428 	0.0011695409 	0.0011694740 	0.0011695066
	10.5340252102 	0.0000038084 	0.0013794896 	0.0013794123 	0.0013794484
	10.5590775090 	0.0000022482 	0.0016032538 	0.0016031662 	0.0016032051
	10.5841298078 	0.0000013049 	0.0018340207 	0.0018339231 	0.0018339642
	10.6091821067 	0.0000007446 	0.0020638971 	0.0020637903 	0.0020638327
	10.6342344055 	0.0000004178 	0.0022841967 	0.0022840819 	0.0022841244
	10.6592867043 	0.0000002305 	0.0024858766 	0.0024857554 	0.0024857969
	10.6843390031 	0.0000001250 	0.0026600835 	0.0026599578 	0.0026599971
	10.7093913019 	0.0000000667 	0.0027987553 	0.0027986271 	0.0027986632
	10.7344436007 	0.0000000349 	0.0028952132 	0.0028950850 	0.0028951168
	10.7594958996 	0.0000000180 	0.0029446802 	0.0029445542 	0.0029445809
	10.7845481984 	0.0000000091 	0.0029446631 	0.0029445415 	0.0029445626
	10.8096004972 	0.0000000045 	0.0028951559 	0.0028950408 	0.0028950560
	10.8346527960 	0.0000000022 	0.0027986375 	0.0027985304 	0.0027985398
	10.8597050948 	0.0000000011 	0.0026598639 	0.0026597662 	0.0026597699
	10.8847573937 	0.0000000005 	0.0024854792 	0.0024853916 	0.0024853903
	10.9098096925 	0.0000000002 	0.0022834879 	0.0022834108 	0.0022834053
	10.9348619913 	0.0000000001 	0.0020626481 	0.0020625815 	0.0020625727
	10.9599142901 	0.0000000000 	0.0018318478 	0.0018317914 	0.0018317800
	10.9849665889 	0.0000000000 	0.0015995265 	0.0015994797 	0.0015994667
	11.0100188877 	0.0000000000 	0.0013731921 	0.0013731540 	0.0013731402
	11.0350711866 	0.0000000000 	0.0011590681 	0.0011590377 	0.0011590239
	11.0601234854 	0.0000000000 	0.0009618878 	0.0009618640 	0.0009618507
	11.0851757842 	0.0000000000 	0.0007848338 	0.0007848156 	0.0007848032
	11.1102280830 	0.0000000000 	0.0006296059 	0.0006295922 	0.0006295811
	11.1352803818 	0.0000000000 	0.0004965897 	0.0004965796 	0.0004965699
	11.1603326806 	0.0000000000 	0.0003850919 	0.0003850847 	0.0003850764
	11.1853849795 	0.0000000000 	0.0002936086 	0.0002936036 	0.0002935967
	11.2104372783 	0.0000000000 	0.0002200955 	0.0002200920 	0.0002200865
	11.2354895771 	0.0000000001 	0.0001622151 	0.0001622128 	0.0001622084
	11.2605418759 	0.0000000001 	0.0001175464 	0.0001175449 	0.0001175415
	11.2855941747 	0.0000000002 	0.0000837463 	0.0000837454 	0.0000837428
	11.3106464736 	0.0000000005 	0.0000586626 	0.0000586620 	0.0000586601
	11.3356987724 	0.0000000010 	0.0000404016 	0.0000404012 	0.0000403998
	11.3607510712 	0.0000000019 	0.0000273580 	0.0000273578 	0.0000273568
	11.3858033700 	0.0000000037 	0.0000182154 	0.0000182153 	0.0000182146
	11.4108556688 	0.0000000071 	0.0000119268 	0.0000119268 	0.0000119263
	11.4359079676 	0.0000000134 	0.0000076828 	0.0000076828 	0.0000076824
	11.4609602665 	0.0000000246 	0.0000048745 	0.0000048745 	0.0000048743
	11.4860125653 	0.0000000446 	0.0000030566 	0.0000030566 	0.0000030565
	11.5110648641 	0.0000000794 	0.0000019126 	0.0000019126 	0.0000019126
	11.5361171629 	0.0000001390 	0.0000012256 	0.0000012256 	0.0000012256
	11.5611694617 	0.0000002392 	0.0000008544 	0.0000008544 	0.0000008544
	11.5862217605 	0.0000004048 	0.0000007163 	0.0000007163 	0.0000007163
	11.6112740594 	0.0000006734 	0.0000007748 	0.0000007748 	0.0000007748
	11.6363263582 	0.0000011015 	0.0000010330 	0.0000010330 	0.0000010330
	11.6613786570 	0.0000017714 	0.0000015317 	0.0000015317 	0.0000015317
	11.6864309558 	0.0000028007 	0.0000023515 	0.0000023515 	0.0000023515
	11.7114832546 	0.0000043538 	0.0000036179 	0.0000036179 	0.0000036179
	11.7365355535 	0.0000066543 	0.0000055099 	0.0000055099 	0.0000055099
	11.7615878523 	0.0000099994 	0.0000082696 	0.0000082696 	0.0000082696
	11.7866401511 	0.0000147736 	0.0000122126 	0.0000122127 	0.0000122127
	11.8116924499 	0.0000214603 	0.0000177376 	0.0000177377 	0.0000177378
	11.8367447487 	0.0000306494 	0.0000253315 	0.0000253316 	0.0000253317
	11.8617970475 	0.0000430375 	0.0000355695 	0.0000355696 	0.0000355698
	11.8868493464 	0.0000594168 	0.0000491064 	0.0000491065 	0.0000491068
	11.9119016452 	0.0000806510 	0.0000666558 	0.0000666559 	0.0000666563
	11.9369539440 	0.0001076336 	0.0000889561 	0.0000889563 	0.0000889568
	11.9620062428 	0.0001412289 	0.0001167217 	0.0001167219 	0.0001167226
	11.9870585416 	0.0001821954 	0.0001505794 	0.0001505796 	0.0001505805
	12.0121108405 	0.0002310943 	0.0001909929 	0.0001909932 	0.0001909944
	12.0371631393 	0.0002881898 	0.0002381808 	0.0002381813 	0.0002381827
	12.0622154381 	0.0003533507 	0.0002920347 	0.0002920353 	0.0002920370
	12.0872677369 	0.0004259623 	0.0003520468 	0.0003520475 	0.0003520495
	12.1123200357 	0.0005048640 	0.0004172580 	0.0004172589 	0.0004172613
	12.1373723345 	0.0005883229 	0.0004862371 	0.0004862380 	0.0004862409
	12.1624246334 	0.0006740553 	0.0005570976 	0.0005570987 	0.0005571020
	12.1874769322 	0.0007593013 	0.0006275609 	0.0006275622 	0.0006275659
	12.2125292310 	0.0008409543 	0.0006950639 	0.0006950652 	0.0006950693
	12.2375815298 	0.0009157389 	0.0007569069 	0.0007569084 	0.0007569128
	12.2626338286 	0.0009804249 	0.0008104338 	0.0008104354 	0.0008104401
	12.2876861274 	0.0010320593 	0.0008532271 	0.0008532287 	0.0008532338
	12.3127384263 	0.0010681937 	0.0008833024 	0.0008833041 	0.0008833093
	12.3377907251 	0.0010870847 	0.0008992842 	0.0008992859 	0.0008992912
	12.3628430239 	0.0010878461 	0.0009005461 	0.0009005478 	0.0009005531
	12.3878953227 	0.0010705378 	0.0008873069 	0.0008873087 	0.0008873138
	12.4129476215 	0.0010361832 	0.0008606772 	0.0008606789 	0.0008606839
	12.4379999204 	0.0009867170 	0.0008226606 	0.0008226623 	0.0008226670
	12.4630522192 	0.0009248729 	0.0007761226 	0.0007761243 	0.0007761285
	12.4881045180 	0.0008540293 	0.0007247428 	0.0007247445 	0.0007247482
	12.5131568168 	0.0007780353 	0.0006729731 	0.0006729748 	0.0006729779
	12.5382091156 	0.0007010410 	0.0006260208 	0.0006260226 	0.0006260249
	12.5632614144 	0.0006273528 	0.0005898716 	0.0005898736 	0.0005898750
	12.5883137133 	0.0005613297 	0.0005713593 	0.0005713616 	0.0005713620
	12.6133660121 	0.0005073277 	0.0005782742 	0.0005782769 	0.0005782760
	12.6384183109 	0.0004696880 	0.0006194883 	0.0006194917 	0.0006194892
	12.6634706097 	0.0004527567 	0.0007050606 	0.0007050649 	0.0007050605
	12.6885229085 	0.0004609138 	0.0008462706 	0.0008462760 	0.0008462693
	12.7135752073 	0.0004985826 	0.0010555200 	0.0010555267 	0.0010555172
	12.7386275062 	0.0005701898 	0.0013460416 	0.0013460497 	0.0013460369
	12.7636798050 	0.0006800489 	0.0017313615 	0.0017313713 	0.0017313547
	12.7887321038 	0.0008321464 	0.0022244821 	0.0022244936 	0.0022244726
	12.8137844026 	0.0010298240 	0.0028367816 	0.0028367947 	0.0028367689
	12.8388367014 	0.0012753661 	0.0035766721 	0.0035766866 	0.0035766555
	12.8638890003 	0.0015695200 	0.0044481016 	0.0044481170 	0.0044480803
	12.8889412991 	0.0019109957 	0.0054490367 	0.0054490523 	0.0054490101
	12.9139935979 	0.0022960069 	0.0065701012 	0.0065701162 	0.0065700687
	12.9390458967 	0.0027179240 	0.0077935715 	0.0077935847 	0.0077935323
	12.9640981955 	0.0031671114 	0.0090929287 	0.0090929387 	0.0090928824
	12.9891504943 	0.0036310086 	0.0104331401 	0.0104331454 	0.0104330863
	13.0142027932 	0.0040944976 	0.0117717803 	0.0117717792 	0.0117717189
	13.0392550920 	0.0045405640 	0.0130610182 	0.0130610091 	0.0130609493
	13.0643073908 	0.0049512260 	0.0142503898 	0.0142503711 	0.0142503137
	13.0893596896 	0.0053086667 	0.0152901686 	0.0152901393 	0.0152900862
	13.1144119884 	0.0055964704 	0.0161350507 	0.0161350097 	0.0161349630
	13.1394642872 	0.0058008439 	0.0167478016 	0.0167477486 	0.0167477100
	13.1645165861 	0.0059116932 	0.0171024886 	0.0171024236 	0.0171023947
	13.1895688849 	0.0059234371 	0.0171869418 	0.0171868652 	0.0171868473
	13.2146211837 	0.0058354643 	0.0170041580 	0.0170040709 	0.0170040649
	13.2396734825 	0.0056521797 	0.0165724708 	0.0165723745 	0.0165723810
	13.2647257813 	0.0053826351 	0.0159244409 	0.0159243371 	0.0159243564
	13.2897780802 	0.0050397858 	0.0151045613 	0.0151044519 	0.0151044838
	13.3148303790 	0.0046394577 	0.0141659934 	0.0141658804 	0.0141659246
	13.3398826778 	0.0041991393 	0.0131666468 	0.0131665322 	0.0131665881
	13.3649349766 	0.0037367257 	0.0121649660 	0.0121648519 	0.0121649187
	13.3899872754 	0.0032693393 	0.0112157990 	0.0112156871 	0.0112157638
	13.4150395742 	0.0028123320 	0.0103666900 	0.0103665823 	0.0103666677
	13.4400918731 	0.0023785430 	0.0096548781 	0.0096547763 	0.0096548688
	13.4651441719 	0.0019778495 	0.0091051988 	0.0091051047 	0.0091052026
	13.4901964707 	0.0016170121 	0.0087289981 	0.0087289136 	0.0087290146
	13.5152487695 	0.0012997838 	0.0085240803 	0.0085240074 	0.0085241090
	13.5403010683 	0.0010272278 	0.0084756325 	0.0084755730 	0.0084756723
	13.5653533671 	0.0007981788 	0.0085580051 	0.0085579611 	0.0085580549
	13.5904056660 	0.0006097776 	0.0087371768 	0.0087371503 	0.0087372352
	13.6154579648 	0.0004580158 	0.0089736950 	0.0089736877 	0.0089737605
	13.6405102636 	0.0003382419 	0.0092258602 	0.0092258736 	0.0092259309
	13.6655625624 	0.0002455908 	0.0094529111 	0.0094529460 	0.0094529853
	13.6906148612 	0.0001753213 	0.0096179742 	0.0096180309 	0.0096180500
	13.7156671601 	0.0001230538 	0.0096905604 	0.0096906383 	0.0096906360
	13.7407194589 	0.0000849168 	0.0096484315 	0.0096485292 	0.0096485052
	13.7657717577 	0.0000576145 	0.0094787128 	0.0094788282 	0.0094787832
	13.7908240565 	0.0000384336 	0.0091781975 	0.0091783276 	0.0091782633
	13.8158763553 	0.0000252081 	0.0087528602 	0.0087530015 	0.0087529205
	13.8409286541 	0.0000162572 	0.0082166742 	0.0082168227 	0.0082167283
	13.8659809530 	0.0000103109 	0.0075898848 	0.0075900366 	0.0075899324
	13.8910332518 	0.0000064347 	0.0068969400 	0.0068970912 	0.0068969811
	13.9160855506 	0.0000039575 	0.0061642958 	0.0061644426 	0.0061643305
	13.9411378494 	0.0000024101 	0.0054183096 	0.0054184488 	0.0054183382
	13.9661901482 	0.0000014738 	0.0046834049 	0.0046835341 	0.0046834281
	13.9912424470 	0.0000009397 	0.0039806422 	0.0039807595 	0.0039806606
	14.0162947459 	0.0000006797 	0.0033267703 	0.0033268745 	0.0033267846
	14.0413470447 	0.0000006251 	0.0027337741 	0.0027338648 	0.0027337849
	14.0663993435 	0.0000007539 	0.0022088794 	0.0022089568 	0.0022088873
	14.0914516423 	0.0000010852 	0.0017549348 	0.0017549996 	0.0017549405
	14.1165039411 	0.0000016787 	0.0013710654 	0.0013711185 	0.0013710694
	14.1415562400 	0.0000026394 	0.0010534848 	0.0010535276 	0.0010534875
	14.1666085388 	0.0000041273 	0.0007963603 	0.0007963941 	0.0007963621
	14.1916608376 	0.0000063699 	0.0005926410 	0.0005926672 	0.0005926422
	14.2167131364 	0.0000096779 	0.0004347857 	0.0004348055 	0.0004347863
	14.2417654352 	0.0000144629 	0.0003153496 	0.0003153643 	0.0003153499
	14.2668177340 	0.0000212537 	0.0002274179 	0.0002274285 	0.0002274180
	14.2918700329 	0.0000307102 	0.0001648866 	0.0001648938 	0.0001648865
	14.3169223317 	0.0000436302 	0.0001226110 	0.0001226153 	0.0001226106
	14.3419746305 	0.0000609470 	0.0000964458 	0.0000964475 	0.0000964451
	14.3670269293 	0.0000837109 	0.0000832050 	0.0000832037 	0.0000832037
	14.3920792281 	0.0001130545 	0.0000805678 	0.0000805626 	0.0000805656
	14.4171315269 	0.0001501355 	0.0000869558 	0.0000869449 	0.0000869520
	14.4421838258 	0.0001960601 	0.0001013997 	0.0001013798 	0.0001013932
	14.4672361246 	0.0002517873 	0.0001234132 	0.0001233789 	0.0001234022
	14.4922884234 	0.0003180211 	0.0001528875 	0.0001528301 	0.0001528692
	14.5173407222 	0.0003951026 	0.0001900181 	0.0001899240 	0.0001899882
	14.5423930210 	0.0004829148 	0.0002352750 	0.0002351235 	0.0002352267
	14.5674453199 	0.0005808196 	0.0002894269 	0.0002891869 	0.0002893502
	14.5924976187 	0.0006876451 	0.0003536256 	0.0003532516 	0.0003535055
	14.6175499175 	0.0008017418 	0.0004295572 	0.0004289838 	0.0004293722
	14.6426022163 	0.0009211218 	0.0005196577 	0.0005187924 	0.0005193770
	14.6676545151 	0.0010436874 	0.0006273834 	0.0006260983 	0.0006269640
	14.6927068139 	0.0011675442 	0.0007575166 	0.0007556386 	0.0007568999
	14.7177591128 	0.0012913845 	0.0009164734 	0.0009137724 	0.0009155806
	14.7428114116 	0.0014149089 	0.0011125665 	0.0011087436 	0.0011112944
	14.7678637104 	0.0015392442 	0.0013561678 	0.0013508429 	0.0013543836
	14.7929160092 	0.0016673040 	0.0016597037 	0.0016524043 	0.0016572406
	14.8179683080 	0.0018040336 	0.0020374200 	0.0020275724 	0.0020340729
	14.8430206068 	0.0019564789 	0.0025048561 	0.0024917813 	0.0025003793
	14.8680729057 	0.0021336293 	0.0030779939 	0.0030609090 	0.0030721003
	14.8931252045 	0.0023459964 	0.0037720701 	0.0037500980 	0.0037644333
	14.9181775033 	0.0026049181 	0.0046000864 	0.0045722757 	0.0045903466
	14.9432298021 	0.0029216013 	0.0055710962 	0.0055364511 	0.0055588698
	14.9682821009 	0.0033059573 	0.0066883966 	0.0066459187 	0.0066732906
	14.9933343998 	0.0037653107 	0.0079477975 	0.0078965377 	0.0079294280
	15.0183866986 	0.0043031018 	0.0093361720 	0.0092752898 	0.0093141863
	15.0434389974 	0.0049177181 	0.0108304991 	0.0107593286 	0.0108046009
	15.0684912962 	0.0056016053 	0.0123975996 	0.0123157137 	0.0123675749
	15.0935435950 	0.0063407976 	0.0139947136 	0.0139019843 	0.0139604555
	15.1185958938 	0.0071149825 	0.0155710005 	0.0154676479 	0.0155325313
	15.1436481927 	0.0078981669 	0.0170699435 	0.0169565676 	0.0170274307
	15.1687004915 	0.0086599520 	0.0184325342 	0.0183101257 	0.0183862987
	15.1937527903 	0.0093673519 	0.0196010074 	0.0194709337 	0.0195515228
	15.2188050891 	0.0099870206 	0.0205228112 	0.0203867765 	0.0204706927
	15.2438573879 	0.0104876914 	0.0211544401 	0.0210144212 	0.0211004228
	15.2689096867 	0.0108425916 	0.0214647491 	0.0213229109 	0.0214096582
	15.2939619856 	0.0110315845 	0.0214374034 	0.0212959991 	0.0213821164
	15.3190142844 	0.0110428083 	0.0210721991 	0.0209334639 	0.0210176043
	15.3440665832 	0.0108736360 	0.0203851101 	0.0202511560 	0.0203320642
	15.3691188820 	0.0105308503 	0.0194070557 	0.0192797751 	0.0193563434
	15.3941711808 	0.0100300242 	0.0181815198 	0.0180625066 	0.0181338190
	15.4192234797 	0.0093941833 	0.0167612797 	0.0166517720 	0.0167171354
	15.4442757785 	0.0086519096 	0.0152045862 	0.0151054344 	0.0151643932
	15.4693280773 	0.0078350995 	0.0135711777 	0.0134828389 	0.0135351745
	15.4943803761 	0.0069766179 	0.0119185068 	0.0118410631 	0.0118867794
	15.5194326749 	0.0061080810 	0.0102985021 	0.0102316993 	0.0102709966
	15.5444849737 	0.0052579688 	0.0087551017 	0.0086984043 	0.0087316440
	15.5695372726 	0.0044502070 	0.0073226910 	0.0072753452 	0.0073030112
	15.5945895714 	0.0037032946 	0.0060254630 	0.0059865639 	0.0060092219
	15.6196418702 	0.0030299810 	0.0048776260 	0.0048461831 	0.0048644416
	15.6446941690 	0.0024374377 	0.0038843058 	0.0038593011 	0.0038737779
	15.6697464678 	0.0019278264 	0.0030429441 	0.0030233816 	0.0030346751
	15.6947987666 	0.0014991403 	0.0023449808 	0.0023299243 	0.0023385925
	15.7198510655 	0.0011461884 	0.0017776193 	0.0017662195 	0.0017727650
	15.7449033643 	0.0008616058 	0.0013255073 	0.0013170166 	0.0013218793
	15.7699556631 	0.0006367953 	0.0009722087 	0.0009659877 	0.0009695418
	15.7950079619 	0.0004627319 	0.0007013926 	0.0006969091 	0.0006994645
	15.8200602607 	0.0003305958 	0.0004977118 	0.0004945333 	0.0004963408
	15.8451125596 	0.0002322219 	0.0003473768 	0.0003451604 	0.0003464181
	15.8701648584 	0.0001603789 	0.0002384631 	0.0002369429 	0.0002378037
	15.8952171572 	0.0001089003 	0.0001610018 	0.0001599762 	0.0001605558
	15.9202694560 	0.0000727024 	0.0001069108 	0.0001062303 	0.0001066141
	15.9453217548 	0.0000477207 	0.0000698210 	0.0000693769 	0.0000696269
	15.9703740536 	0.0000307966 	0.0000448453 	0.0000445602 	0.0000447205
	15.9954263525 	0.0000195405 	0.0000283274 	0.0000281475 	0.0000282484
	16.0204786513 	0.0000121901 	0.0000175975 	0.0000174857 	0.0000175483
	16.0455309501 	0.0000074768 	0.0000107508 	0.0000106825 	0.0000107207
	16.0705832489 	0.0000045088 	0.0000064590 	0.0000064181 	0.0000064410
	16.0956355477 	0.0000026733 	0.0000038162 	0.0000037920 	0.0000038055
	16.1206878465 	0.0000015584 	0.0000022173 	0.0000022033 	0.0000022111
	16.1457401454 	0.0000008932 	0.0000012669 	0.0000012589 	0.0000012633
	16.1707924442 	0.0000005033 	0.0000007118 	0.0000007073 	0.0000007098
	16.1958447430 	0.0000002788 	0.0000003933 	0.0000003908 	0.0000003922
	16.2208970418 	0.0000001519 	0.0000002137 	0.0000002123 	0.0000002131
	16.2459493406 	0.0000000813 	0.0000001142 	0.0000001134 	0.0000001138
	16.2710016395 	0.0000000428 	0.0000000600 	0.0000000596 	0.0000000598
	16.2960539383 	0.0000000222 	0.0000000310 	0.0000000308 	0.0000000309
	16.3211062371 	0.0000000113 	0.0000000157 	0.0000000156 	0.0000000157
	16.3461585359 	0.0000000056 	0.0000000079 	0.0000000078 	0.0000000078
	16.3712108347 	0.0000000028 	0.0000000039 	0.0000000038 	0.0000000039
	16.3962631335 	0.0000000013 	0.0000000019 	0.0000000019 	0.0000000019
	16.4213154324 	0.0000000006 	0.0000000009 	0.0000000009 	0.0000000009
	16.4463677312 	0.0000000003 	0.0000000004 	0.0000000004 	0.0000000004
	16.4714200300 	0.0000000001 	0.0000000002 	0.0000000002 	0.0000000002
	16.4964723288 	0.0000000001 	0.0000000001 	0.0000000001 	0.0000000001
	16.5215246276 	0.0000000000 	0.0000000000 	0.0000000000 	0.0000000000
	16.5465769264 	0.0000000000 	0.0000000000 	0.0000000000 	0.0000000000
	16.5716292253 	0.0000000000 	0.0000000000 	0.0000000000 	0.0000000000
	16.5966815241 	0.0000000000 	0.0000000000 	0.0000000000 	0.0000000000
	16.6217338229 	0.0000000000 	0.0000000000 	0.0000000000 	0.0000000000
	16.6467861217 	0.0000000000 	0.0000000000 	0.0000000000 	0.0000000000
	16.6718384205 	0.0000000000 	0.0000000000 	0.0000000000 	0.0000000000

:PDOS_INFO:
    :ATOM_TYPE: Si
    :ATOMIC_NUMBER: 14
    :ATOM_INDEX: 1
    :ATOM_POSITION_CARTESIAN: [2.65165043 2.65165043 2.65165043]
    :ATOM_POSITION_FRACTIONAL: [0.25 0.25 0.25]
    :PDOS_UNIT: states/eV
    :HEADER_FORMAT: (nl,m)
	Energy(eV)   	(3s, m=0)    	(3p, m=-1)   	(3p, m=0)    	(3p, m=1)   
	-8.3554080983 	0.0000000000 	0.0000000000 	0.0000000000 	0.0000000000
	-8.3303557995 	0.0000000000 	0.0000000000 	0.0000000000 	0.0000000000
	-8.3053035007 	0.0000000000 	0.0000000000 	0.0000000000 	0.0000000000
	-8.2802512019 	0.0000000001 	0.0000000000 	0.0000000000 	0.0000000000
	-8.2551989031 	0.0000000002 	0.0000000001 	0.0000000001 	0.0000000001
	-8.2301466042 	0.0000000005 	0.0000000001 	0.0000000001 	0.0000000001
	-8.2050943054 	0.0000000011 	0.0000000003 	0.0000000003 	0.0000000003
	-8.1800420066 	0.0000000025 	0.0000000007 	0.0000000007 	0.0000000007
	-8.1549897078 	0.0000000055 	0.0000000016 	0.0000000016 	0.0000000016
	-8.1299374090 	0.0000000120 	0.0000000035 	0.0000000035 	0.0000000035
	-8.1048851101 	0.0000000256 	0.0000000075 	0.0000000075 	0.0000000075
	-8.0798328113 	0.0000000538 	0.0000000158 	0.0000000158 	0.0000000158
	-8.0547805125 	0.0000001111 	0.0000000327 	0.0000000327 	0.0000000327
	-8.0297282137 	0.0000002256 	0.0000000664 	0.0000000664 	0.0000000664
	-8.0046759149 	0.0000004507 	0.0000001325 	0.0000001325 	0.0000001325
	-7.9796236161 	0.0000008850 	0.0000002603 	0.0000002603 	0.0000002603
	-7.9545713172 	0.0000017087 	0.0000005025 	0.0000005025 	0.0000005025
	-7.9295190184 	0.0000032436 	0.0000009540 	0.0000009540 	0.0000009540
	-7.9044667196 	0.0000060537 	0.0000017804 	0.0000017804 	0.0000017804
	-7.8794144208 	0.0000111086 	0.0000032671 	0.0000032671 	0.0000032671
	-7.8543621220 	0.0000200415 	0.0000058943 	0.0000058943 	0.0000058943
	-7.8293098232 	0.0000355500 	0.0000104554 	0.0000104554 	0.0000104554
	-7.8042575243 	0.0000619995 	0.0000182343 	0.0000182343 	0.0000182343
	-7.7792052255 	0.0001063099 	0.0000312662 	0.0000312662 	0.0000312662
	-7.7541529267 	0.0001792244 	0.0000527107 	0.0000527107 	0.0000527107
	-7.7291006279 	0.0002970697 	0.0000873696 	0.0000873695 	0.0000873695
	-7.7040483291 	0.0004841249 	0.0001423833 	0.0001423833 	0.0001423833
	-7.6789960302 	0.0007757008 	0.0002281372 	0.0002281371 	0.0002281371
	-7.6539437314 	0.0012219934 	0.0003593939 	0.0003593938 	0.0003593938
	-7.6288914326 	0.0018926979 	0.0005566512 	0.0005566510 	0.0005566511
	-7.6038391338 	0.0028822494 	0.0008476828 	0.0008476826 	0.0008476827
	-7.5787868350 	0.0043153856 	0.0012691747 	0.0012691745 	0.0012691746
	-7.5537345362 	0.0063525116 	0.0018683028 	0.0018683024 	0.0018683026
	-7.5286822373 	0.0091940979 	0.0027040264 	0.0027040258 	0.0027040261
	-7.5036299385 	0.0130830978 	0.0038477991 	0.0038477983 	0.0038477986
	-7.4785776397 	0.0183041620 	0.0053833381 	0.0053833369 	0.0053833374
	-7.4535253409 	0.0251783297 	0.0074050624 	0.0074050608 	0.0074050615
	-7.4284730421 	0.0340519342 	0.0100148302 	0.0100148281 	0.0100148290
	-7.4034207433 	0.0452787530 	0.0133166892 	0.0133166864 	0.0133166875
	-7.3783684444 	0.0591949874 	0.0174095176 	0.0174095139 	0.0174095154
	-7.3533161456 	0.0760874817 	0.0223776778 	0.0223776730 	0.0223776749
	-7.3282638468 	0.0961566425 	0.0282801101 	0.0282801041 	0.0282801065
	-7.3032115480 	0.1194766877 	0.0351386425 	0.0351386350 	0.0351386380
	-7.2781592492 	0.1459569770 	0.0429266171 	0.0429266081 	0.0429266117
	-7.2531069503 	0.1753090550 	0.0515591981 	0.0515591871 	0.0515591915
	-7.2280546515 	0.2070244503 	0.0608868415 	0.0608868286 	0.0608868338
	-7.2030023527 	0.2403680468 	0.0706933463 	0.0706933313 	0.0706933374
	-7.1779500539 	0.2743908541 	0.0806996102 	0.0806995931 	0.0806996000
	-7.1528977551 	0.3079642692 	0.0905737057 	0.0905736865 	0.0905736942
	-7.1278454563 	0.3398355703 	0.0999472017 	0.0999471805 	0.0999471890
	-7.1027931574 	0.3687016996 	0.1084368629 	0.1084368399 	0.1084368492
	-7.0777408586 	0.3932957449 	0.1156700845 	0.1156700600 	0.1156700699
	-7.0526885598 	0.4124783504 	0.1213117769 	0.1213117512 	0.1213117615
	-7.0276362610 	0.4253249627 	0.1250900246 	0.1250899981 	0.1250900087
	-7.0025839622 	0.4311996396 	0.1268177940 	0.1268177672 	0.1268177780
	-6.9775316633 	0.4298072220 	0.1264082776 	0.1264082508 	0.1264082616
	-6.9524793645 	0.4212179118 	0.1238821220 	0.1238820958 	0.1238821064
	-6.9274270657 	0.4058614062 	0.1193657032 	0.1193656779 	0.1193656881
	-6.9023747669 	0.3844912700 	0.1130806480 	0.1130806241 	0.1130806337
	-6.8773224681 	0.3581236597 	0.1053258128 	0.1053257905 	0.1053257995
	-6.8522701693 	0.3279573340 	0.0964537578 	0.0964537374 	0.0964537457
	-6.8272178704 	0.2952837063 	0.0868442939 	0.0868442755 	0.0868442829
	-6.8021655716 	0.2613962918 	0.0768778497 	0.0768778334 	0.0768778400
	-6.7771132728 	0.2275082574 	0.0669112232 	0.0669112090 	0.0669112147
	-6.7520609740 	0.1946850972 	0.0572577811 	0.0572577689 	0.0572577738
	-6.7270086752 	0.1637970424 	0.0481734623 	0.0481734521 	0.0481734562
	-6.7019563764 	0.1354931082 	0.0398491453 	0.0398491369 	0.0398491403
	-6.6769040775 	0.1101960833 	0.0324091741 	0.0324091672 	0.0324091700
	-6.6518517787 	0.0881156226 	0.0259152092 	0.0259152037 	0.0259152059
	-6.6267994799 	0.0692751496 	0.0203741396 	0.0203741353 	0.0203741370
	-6.6017471811 	0.0535475782 	0.0157485886 	0.0157485853 	0.0157485866
	-6.5766948823 	0.0406949012 	0.0119685573 	0.0119685548 	0.0119685558
	-6.5516425834 	0.0304073075 	0.0089429287 	0.0089429269 	0.0089429276
	-6.5265902846 	0.0223384861 	0.0065698513 	0.0065698499 	0.0065698505
	-6.5015379858 	0.0161349387 	0.0047453595 	0.0047453585 	0.0047453589
	-6.4764856870 	0.0114582614 	0.0033699272 	0.0033699265 	0.0033699268
	-6.4514333882 	0.0080003320 	0.0023529342 	0.0023529337 	0.0023529339
	-6.4263810894 	0.0054920607 	0.0016152398 	0.0016152395 	0.0016152396
	-6.4013287905 	0.0037068175 	0.0010901911 	0.0010901909 	0.0010901910
	-6.3762764917 	0.0024598431 	0.0007234492 	0.0007234490 	0.0007234491
	-6.3512241929 	0.0016049429 	0.0004720168 	0.0004720167 	0.0004720168
	-6.3261718941 	0.0010296187 	0.0003028066 	0.0003028066 	0.0003028066
	-6.3011195953 	0.0006495592 	0.0001910199 	0.0001910199 	0.0001910199
	-6.2760672965 	0.0004031678 	0.0001185361 	0.0001185360 	0.0001185361
	-6.2510149976 	0.0002465625 	0.0000724405 	0.0000724405 	0.0000724405
	-6.2259626988 	0.0001492947 	0.0000437618 	0.0000437618 	0.0000437618
	-6.2009104000 	0.0000908801 	0.0000264458 	0.0000264458 	0.0000264458
	-6.1758581012 	0.0000581478 	0.0000165659 	0.0000165659 	0.0000165659
	-6.1508058024 	0.0000433594 	0.0000117535 	0.0000117535 	0.0000117535
	-6.1257535035 	0.0000430435 	0.0000108287 	0.0000108287 	0.0000108287
	-6.1007012047 	0.0000575086 	0.0000136144 	0.0000136144 	0.0000136144
	-6.0756489059 	0.0000910365 	0.0000209285 	0.0000209285 	0.0000209285
	-6.0505966071 	0.0001528145 	0.0000347593 	0.0000347593 	0.0000347593
	-6.0255443083 	0.0002587218 	0.0000586473 	0.0000586474 	0.0000586473
	-6.0004920095 	0.0004341455 	0.0000983075 	0.0000983076 	0.0000983075
	-5.9754397106 	0.0007180498 	0.0001625412 	0.0001625413 	0.0001625413
	-5.9503874118 	0.0011685367 	0.0002644890 	0.0002644893 	0.0002644891
	-5.9253351130 	0.0018701185 	0.0004232734 	0.0004232738 	0.0004232736
	-5.9002828142 	0.0029428260 	0.0006660586 	0.0006660592 	0.0006660589
	-5.8752305154 	0.0045531013 	0.0010305140 	0.0010305149 	0.0010305145
	-5.8501782166 	0.0069261314 	0.0015676061 	0.0015676074 	0.0015676068
	-5.8251259177 	0.0103588806 	0.0023445470 	0.0023445488 	0.0023445480
	-5.8000736189 	0.0152325636 	0.0034476176 	0.0034476200 	0.0034476190
	-5.7750213201 	0.0220227251 	0.0049844489 	0.0049844521 	0.0049844508
	-5.7499690213 	0.0313045123 	0.0070852151 	0.0070852193 	0.0070852177
	-5.7249167225 	0.0437502600 	0.0099020872 	0.0099020925 	0.0099020907
	-5.6998644236 	0.0601162856 	0.0136062440 	0.0136062506 	0.0136062486
	-5.6748121248 	0.0812159714 	0.0183817803 	0.0183817882 	0.0183817861
	-5.6497598260 	0.1078769229 	0.0244160097 	0.0244160188 	0.0244160169
	-5.6247075272 	0.1408813355 	0.0318859683 	0.0318859784 	0.0318859770
	-5.5996552284 	0.1808906723 	0.0409413664 	0.0409413772 	0.0409413769
	-5.5746029296 	0.2283582406 	0.0516848024 	0.0516848130 	0.0516848145
	-5.5495506307 	0.2834359976 	0.0641506689 	0.0641506786 	0.0641506828
	-5.5244983319 	0.3458845218 	0.0782847774 	0.0782847849 	0.0782847928
	-5.4994460331 	0.4149970904 	0.0939271741 	0.0939271777 	0.0939271907
	-5.4743937343 	0.4895496885 	0.1108008249 	0.1108008231 	0.1108008423
	-5.4493414355 	0.5677881287 	0.1285087012 	0.1285086918 	0.1285087188
	-5.4242891367 	0.6474610397 	0.1465412452 	0.1465412263 	0.1465412624
	-5.3992368378 	0.7259033078 	0.1642952560 	0.1642952257 	0.1642952721
	-5.3741845390 	0.8001689839 	0.1811039707 	0.1811039272 	0.1811039848
	-5.3491322402 	0.8672063593 	0.1962766893 	0.1962766311 	0.1962767008
	-5.3240799414 	0.9240617577 	0.2091448997 	0.2091448261 	0.2091449078
	-5.2990276426 	0.9680935878 	0.2191107247 	0.2191106354 	0.2191107289
	-5.2739753437 	0.9971752542 	0.2256928472 	0.2256927425 	0.2256928470
	-5.2489230449 	1.0098652877 	0.2285650158 	0.2285648971 	0.2285650112
	-5.2238707461 	1.0055257552 	0.2275828457 	0.2275827147 	0.2275828366
	-5.1988184473 	0.9843754099 	0.2227958473 	0.2227957067 	0.2227958341
	-5.1737661485 	0.9474714154 	0.2144432907 	0.2144431433 	0.2144432737
	-5.1487138497 	0.8966217701 	0.2029343836 	0.2029342329 	0.2029343636
	-5.1236615508 	0.8342385317 	0.1888150524 	0.1888149016 	0.1888150300
	-5.0986092520 	0.7631484274 	0.1727250762 	0.1727249286 	0.1727250523
	-5.0735569532 	0.6863815244 	0.1553502567 	0.1553501152 	0.1553502321
	-5.0485046544 	0.6069598434 	0.1373745745 	0.1373744417 	0.1373745500
	-5.0234523556 	0.5277061260 	0.1194369069 	0.1194367849 	0.1194368834
	-4.9984000568 	0.4510888740 	0.1020959556 	0.1020958456 	0.1020959335
	-4.9733477579 	0.3791140659 	0.0858057382 	0.0858056409 	0.0858057179
	-4.9482954591 	0.3132676024 	0.0709025620 	0.0709024776 	0.0709025438
	-4.9232431603 	0.2545064957 	0.0576030298 	0.0576029580 	0.0576030139
	-4.8981908615 	0.2032918940 	0.0460115145 	0.0460114546 	0.0460115009
	-4.8731385627 	0.1596537249 	0.0361347898 	0.0361347408 	0.0361347784
	-4.8480862638 	0.1232752386 	0.0279011652 	0.0279011258 	0.0279011558
	-4.8230339650 	0.0935859064 	0.0211815116 	0.0211814805 	0.0211815041
	-4.7979816662 	0.0698526446 	0.0158099088 	0.0158098846 	0.0158099028
	-4.7729293674 	0.0512617063 	0.0116021795 	0.0116021611 	0.0116021749
	-4.7478770686 	0.0369863151 	0.0083711977 	0.0083711840 	0.0083711942
	-4.7228247698 	0.0262377673 	0.0059384543 	0.0059384443 	0.0059384517
	-4.6977724709 	0.0182999747 	0.0041418755 	0.0041418683 	0.0041418736
	-4.6727201721 	0.0125490805 	0.0028402624 	0.0028402573 	0.0028402611
	-4.6476678733 	0.0084607940 	0.0019149511 	0.0019149476 	0.0019149502
	-4.6226155745 	0.0056085183 	0.0012693890 	0.0012693866 	0.0012693884
	-4.5975632757 	0.0036552995 	0.0008273125 	0.0008273108 	0.0008273120
	-4.5725109769 	0.0023422627 	0.0005301298 	0.0005301287 	0.0005301295
	-4.5474586780 	0.0014756591 	0.0003339894 	0.0003339887 	0.0003339892
	-4.5224063792 	0.0009140591 	0.0002068811 	0.0002068807 	0.0002068810
	-4.4973540804 	0.0005566732 	0.0001259932 	0.0001259929 	0.0001259931
	-4.4723017816 	0.0003333221 	0.0000754416 	0.0000754414 	0.0000754415
	-4.4472494828 	0.0001962302 	0.0000444132 	0.0000444131 	0.0000444132
	-4.4221971839 	0.0001135809 	0.0000257070 	0.0000257070 	0.0000257070
	-4.3971448851 	0.0000646372 	0.0000146295 	0.0000146295 	0.0000146295
	-4.3720925863 	0.0000361658 	0.0000081855 	0.0000081855 	0.0000081855
	-4.3470402875 	0.0000198953 	0.0000045029 	0.0000045029 	0.0000045029
	-4.3219879887 	0.0000107607 	0.0000024355 	0.0000024355 	0.0000024355
	-4.2969356899 	0.0000057223 	0.0000012951 	0.0000012951 	0.0000012951
	-4.2718833910 	0.0000029918 	0.0000006771 	0.0000006771 	0.0000006771
	-4.2468310922 	0.0000015379 	0.0000003481 	0.0000003481 	0.0000003481
	-4.2217787934 	0.0000007773 	0.0000001759 	0.0000001759 	0.0000001759
	-4.1967264946 	0.0000003862 	0.0000000874 	0.0000000874 	0.0000000874
	-4.1716741958 	0.0000001887 	0.0000000427 	0.0000000427 	0.0000000427
	-4.1466218970 	0.0000000906 	0.0000000205 	0.0000000205 	0.0000000205
	-4.1215695981 	0.0000000428 	0.0000000097 	0.0000000097 	0.0000000097
	-4.0965172993 	0.0000000199 	0.0000000045 	0.0000000045 	0.0000000045
	-4.0714650005 	0.0000000091 	0.0000000021 	0.0000000021 	0.0000000021
	-4.0464127017 	0.0000000041 	0.0000000009 	0.0000000009 	0.0000000009
	-4.0213604029 	0.0000000018 	0.0000000004 	0.0000000004 	0.0000000004
	-3.9963081040 	0.0000000008 	0.0000000002 	0.0000000002 	0.0000000002
	-3.9712558052 	0.0000000003 	0.0000000001 	0.0000000001 	0.0000000001
	-3.9462035064 	0.0000000001 	0.0000000000 	0.0000000000 	0.0000000000
	-3.9211512076 	0.0000000001 	0.0000000000 	0.0000000000 	0.0000000000
	-3.8960989088 	0.0000000000 	0.0000000000 	0.0000000000 	0.0000000000
	-3.8710466100 	0.0000000001 	0.0000000000 	0.0000000000 	0.0000000000
	-3.8459943111 	0.0000000001 	0.0000000001 	0.0000000001 	0.0000000001
	-3.8209420123 	0.0000000003 	0.0000000002 	0.0000000002 	0.0000000002
	-3.7958897135 	0.0000000008 	0.0000000006 	0.0000000006 	0.0000000006
	-3.7708374147 	0.0000000017 	0.0000000013 	0.0000000013 	0.0000000013
	-3.7457851159 	0.0000000039 	0.0000000028 	0.0000000028 	0.0000000028
	-3.7207328171 	0.0000000085 	0.0000000062 	0.0000000062 	0.0000000062
	-3.6956805182 	0.0000000182 	0.0000000134 	0.0000000134 	0.0000000134
	-3.6706282194 	0.0000000386 	0.0000000284 	0.0000000284 	0.0000000284
	-3.6455759206 	0.0000000803 	0.0000000591 	0.0000000591 	0.0000000591
	-3.6205236218 	0.0000001645 	0.0000001210 	0.0000001210 	0.0000001210
	-3.5954713230 	0.0000003311 	0.0000002436 	0.0000002436 	0.0000002436
	-3.5704190241 	0.0000006553 	0.0000004821 	0.0000004821 	0.0000004821
	-3.5453667253 	0.0000012752 	0.0000009382 	0.0000009382 	0.0000009382
	-3.5203144265 	0.0000024398 	0.0000017950 	0.0000017950 	0.0000017950
	-3.4952621277 	0.0000045894 	0.0000033765 	0.0000033765 	0.0000033765
	-3.4702098289 	0.0000084878 	0.0000062447 	0.0000062447 	0.0000062447
	-3.4451575301 	0.0000154338 	0.0000113551 	0.0000113551 	0.0000113551
	-3.4201052312 	0.0000275924 	0.0000203005 	0.0000203005 	0.0000203005
	-3.3950529324 	0.0000485002 	0.0000356829 	0.0000356829 	0.0000356829
	-3.3700006336 	0.0000838176 	0.0000616669 	0.0000616668 	0.0000616669
	-3.3449483348 	0.0001424180 	0.0001047808 	0.0001047807 	0.0001047809
	-3.3198960360 	0.0002379207 	0.0001750448 	0.0001750446 	0.0001750449
	-3.2948437372 	0.0003907846 	0.0002875109 	0.0002875107 	0.0002875111
	-3.2697914383 	0.0006310742 	0.0004642986 	0.0004642982 	0.0004642988
	-3.2447391395 	0.0010019851 	0.0007371880 	0.0007371873 	0.0007371883
	-3.2196868407 	0.0015641554 	0.0011507921 	0.0011507910 	0.0011507925
	-3.1946345419 	0.0024006913 	0.0017662546 	0.0017662529 	0.0017662553
	-3.1695822431 	0.0036226849 	0.0026653089 	0.0026653064 	0.0026653098
	-3.1445299442 	0.0053748037 	0.0039543908 	0.0039543871 	0.0039543922
	-3.1194776454 	0.0078402959 	0.0057683211 	0.0057683159 	0.0057683231
	-3.0944253466 	0.0112444987 	0.0082728868 	0.0082728792 	0.0082728894
	-3.0693730478 	0.0158557047 	0.0116654778 	0.0116654673 	0.0116654814
	-3.0443207490 	0.0219820809 	0.0161728212 	0.0161728067 	0.0161728259
	-3.0192684502 	0.0299633148 	0.0220448345 	0.0220448149 	0.0220448406
	-2.9942161513 	0.0401558400 	0.0295437556 	0.0295437295 	0.0295437633
	-2.9691638525 	0.0529109278 	0.0389280244 	0.0389279904 	0.0389280341
	-2.9441115537 	0.0685456408 	0.0504309128 	0.0504308691 	0.0504309245
	-2.9190592549 	0.0873076115 	0.0642346108 	0.0642345555 	0.0642346248
	-2.8940069561 	0.1093357471 	0.0804413161 	0.0804412475 	0.0804413324
	-2.8689546573 	0.1346201435 	0.0990437422 	0.0990436584 	0.0990437608
	-2.8439023584 	0.1629655191 	0.1198982149 	0.1198981143 	0.1198982356
	-2.8188500596 	0.1939631382 	0.1427040163 	0.1427038976 	0.1427040388
	-2.7937977608 	0.2269762846 	0.1669926967 	0.1669925589 	0.1669927205
	-2.7687454620 	0.2611437079 	0.1921306105 	0.1921304533 	0.1921306349
	-2.7436931632 	0.2954040549 	0.2173368909 	0.2173367146 	0.2173369153
	-2.7186408643 	0.3285421852 	0.2417175258 	0.2417173315 	0.2417175493
	-2.6935885655 	0.3592556717 	0.2643142837 	0.2643140730 	0.2643143054
	-2.6685362667 	0.3862370468 	0.2841652246 	0.2841650001 	0.2841652436
	-2.6434839679 	0.4082648826 	0.3003717104 	0.3003714752 	0.3003717260
	-2.6184316691 	0.4242950111 	0.3121655179 	0.3121652757 	0.3121655294
	-2.5933793703 	0.4335424508 	0.3189691147 	0.3189688694 	0.3189691216
	-2.5683270714 	0.4355451019 	0.3204425211 	0.3204422769 	0.3204425232
	-2.5432747726 	0.4302020173 	0.3165114675 	0.3165112286 	0.3165114649
	-2.5182224738 	0.4177818358 	0.3073735988 	0.3073733690 	0.3073735916
	-2.4931701750 	0.3989003965 	0.2934820049 	0.2934817875 	0.2934819936
	-2.4681178762 	0.3744701329 	0.2755079881 	0.2755077859 	0.2755079733
	-2.4430655773 	0.3456270340 	0.2542873267 	0.2542871419 	0.2542873092
	-2.4180132785 	0.3136433089 	0.2307560200 	0.2307558539 	0.2307560006
	-2.3929609797 	0.2798350772 	0.2058823734 	0.2058822267 	0.2058823531
	-2.3679086809 	0.2454743282 	0.1806022246 	0.1806020971 	0.1806022039
	-2.3428563821 	0.2117131389 	0.1557631880 	0.1557630792 	0.1557631679
	-2.3178040833 	0.1795259959 	0.1320822207 	0.1320821293 	0.1320822017
	-2.2927517844 	0.1496734196 	0.1101188582 	0.1101187828 	0.1101188407
	-2.2676994856 	0.1226873597 	0.0902644707 	0.0902644096 	0.0902644550
	-2.2426471868 	0.0988764265 	0.0727461114 	0.0727460626 	0.0727460976
	-2.2175948880 	0.0783472048 	0.0576421975 	0.0576421592 	0.0576421857
	-2.1925425892 	0.0610368419 	0.0449064866 	0.0449064571 	0.0449064767
	-2.1674902904 	0.0467518074 	0.0343965931 	0.0343965708 	0.0343965851
	-2.1424379915 	0.0352080975 	0.0259035677 	0.0259035510 	0.0259035612
	-2.1173856927 	0.0260690085 	0.0191796881 	0.0191796759 	0.0191796830
	-2.0923333939 	0.0189777304 	0.0139624394 	0.0139624306 	0.0139624355
	-2.0672810951 	0.0135831918 	0.0099935287 	0.0099935225 	0.0099935257
	-2.0422287963 	0.0095586640 	0.0070325727 	0.0070325683 	0.0070325705
	-2.0171764974 	0.0066134849 	0.0048657232 	0.0048657202 	0.0048657216
	-1.9921241986 	0.0044988482 	0.0033099266 	0.0033099246 	0.0033099255
	-1.9670718998 	0.0030089163 	0.0022137427 	0.0022137414 	0.0022137419
	-1.9420196010 	0.0019785940 	0.0014557062 	0.0014557053 	0.0014557056
	-1.9169673022 	0.0012792077 	0.0009411484 	0.0009411478 	0.0009411480
	-1.8919150034 	0.0008131361 	0.0005982467 	0.0005982463 	0.0005982464
	-1.8668627045 	0.0005081866 	0.0003738869 	0.0003738867 	0.0003738868
	-1.8418104057 	0.0003122633 	0.0002297408 	0.0002297406 	0.0002297407
	-1.8167581069 	0.0001886499 	0.0001387949 	0.0001387949 	0.0001387949
	-1.7917058081 	0.0001120547 	0.0000824417 	0.0000824417 	0.0000824417
	-1.7666535093 	0.0000654397 	0.0000481458 	0.0000481458 	0.0000481458
	-1.7416012105 	0.0000375742 	0.0000276444 	0.0000276444 	0.0000276444
	-1.7165489116 	0.0000212118 	0.0000156061 	0.0000156061 	0.0000156061
	-1.6914966128 	0.0000117734 	0.0000086620 	0.0000086620 	0.0000086620
	-1.6664443140 	0.0000064249 	0.0000047270 	0.0000047269 	0.0000047269
	-1.6413920152 	0.0000034472 	0.0000025362 	0.0000025362 	0.0000025362
	-1.6163397164 	0.0000018185 	0.0000013379 	0.0000013379 	0.0000013379
	-1.5912874175 	0.0000009431 	0.0000006939 	0.0000006939 	0.0000006939
	-1.5662351187 	0.0000004809 	0.0000003538 	0.0000003538 	0.0000003538
	-1.5411828199 	0.0000002411 	0.0000001774 	0.0000001774 	0.0000001774
	-1.5161305211 	0.0000001189 	0.0000000874 	0.0000000874 	0.0000000874
	-1.4910782223 	0.0000000576 	0.0000000424 	0.0000000424 	0.0000000424
	-1.4660259235 	0.0000000275 	0.0000000202 	0.0000000202 	0.0000000202
	-1.4409736246 	0.0000000129 	0.0000000095 	0.0000000095 	0.0000000095
	-1.4159213258 	0.0000000059 	0.0000000044 	0.0000000044 	0.0000000044
	-1.3908690270 	0.0000000027 	0.0000000020 	0.0000000020 	0.0000000020
	-1.3658167282 	0.0000000012 	0.0000000010 	0.0000000010 	0.0000000010
	-1.3407644294 	0.0000000006 	0.0000000006 	0.0000000006 	0.0000000006
	-1.3157121306 	0.0000000005 	0.0000000007 	0.0000000007 	0.0000000007
	-1.2906598317 	0.0000000006 	0.0000000013 	0.0000000013 	0.0000000013
	-1.2656075329 	0.0000000012 	0.0000000027 	0.0000000027 	0.0000000027
	-1.2405552341 	0.0000000024 	0.0000000057 	0.0000000057 	0.0000000057
	-1.2155029353 	0.0000000050 	0.0000000120 	0.0000000120 	0.0000000120
	-1.1904506365 	0.0000000105 	0.0000000248 	0.0000000248 	0.0000000248
	-1.1653983376 	0.0000000213 	0.0000000506 	0.0000000506 	0.0000000506
	-1.1403460388 	0.0000000427 	0.0000001015 	0.0000001015 	0.0000001015
	-1.1152937400 	0.0000000841 	0.0000001999 	0.0000001999 	0.0000001999
	-1.0902414412 	0.0000001629 	0.0000003872 	0.0000003872 	0.0000003872
	-1.0651891424 	0.0000003102 	0.0000007375 	0.0000007375 	0.0000007375
	-1.0401368436 	0.0000005809 	0.0000013809 	0.0000013809 	0.0000013809
	-1.0150845447 	0.0000010695 	0.0000025423 	0.0000025423 	0.0000025423
	-0.9900322459 	0.0000019360 	0.0000046019 	0.0000046019 	0.0000046019
	-0.9649799471 	0.0000034454 	0.0000081899 	0.0000081899 	0.0000081899
	-0.9399276483 	0.0000060286 	0.0000143304 	0.0000143304 	0.0000143304
	-0.9148753495 	0.0000103713 	0.0000246534 	0.0000246533 	0.0000246534
	-0.8898230507 	0.0000175424 	0.0000416996 	0.0000416995 	0.0000416996
	-0.8647707518 	0.0000291731 	0.0000693466 	0.0000693465 	0.0000693465
	-0.8397184530 	0.0000476994 	0.0001133852 	0.0001133850 	0.0001133851
	-0.8146661542 	0.0000766799 	0.0001822742 	0.0001822740 	0.0001822742
	-0.7896138554 	0.0001211960 	0.0002880928 	0.0002880924 	0.0002880927
	-0.7645615566 	0.0001883357 	0.0004476902 	0.0004476896 	0.0004476900
	-0.7395092577 	0.0002877497 	0.0006840077 	0.0006840068 	0.0006840074
	-0.7144569589 	0.0004322501 	0.0010275021 	0.0010275007 	0.0010275016
	-0.6894046601 	0.0006384005 	0.0015175502 	0.0015175482 	0.0015175495
	-0.6643523613 	0.0009270205 	0.0022036488 	0.0022036459 	0.0022036478
	-0.6393000625 	0.0013234986 	0.0031461627 	0.0031461585 	0.0031461612
	-0.6142477637 	0.0018577866 	0.0044163165 	0.0044163105 	0.0044163144
	-0.5891954648 	0.0025639321 	0.0060950948 	0.0060950866 	0.0060950919
	-0.5641431660 	0.0034790109 	0.0082707241 	0.0082707130 	0.0082707201
	-0.5390908672 	0.0046413463 	0.0110344728 	0.0110344580 	0.0110344676
	-0.5140385684 	0.0060879569 	0.0144746406 	0.0144746211 	0.0144746337
	-0.4889862696 	0.0078512586 	0.0186688116 	0.0186687866 	0.0186688028
	-0.4639339708 	0.0099551575 	0.0236747161 	0.0236746844 	0.0236747049
	-0.4388816719 	0.0124107947 	0.0295203506 	0.0295203111 	0.0295203367
	-0.4138293731 	0.0152123308 	0.0361943175 	0.0361942690 	0.0361943004
	-0.3887770743 	0.0183332591 	0.0436376008 	0.0436375423 	0.0436375802
	-0.3637247755 	0.0217237955 	0.0517381476 	0.0517380783 	0.0517381233
	-0.3386724767 	0.0253098829 	0.0603296146 	0.0603295337 	0.0603295864
	-0.3136201778 	0.0289942588 	0.0691954361 	0.0691953434 	0.0691954040
	-0.2885678790 	0.0326598612 	0.0780789598 	0.0780788552 	0.0780789239
	-0.2635155802 	0.0361756058 	0.0866997956 	0.0866996795 	0.0866997562
	-0.2384632814 	0.0394042731 	0.0947758006 	0.0947756737 	0.0947757582
	-0.2134109826 	0.0422119542 	0.1020493434 	0.1020492069 	0.1020492989
	-0.1883586838 	0.0444782410 	0.1083157751 	0.1083156302 	0.1083157293
	-0.1633063849 	0.0461061743 	0.1134514677 	0.1134513157 	0.1134514217
	-0.1382540861 	0.0470309026 	0.1174384620 	0.1174383043 	0.1174384171
	-0.1132017873 	0.0472260805 	0.1203827466 	0.1203825844 	0.1203827043
	-0.0881494885 	0.0467072380 	0.1225234859 	0.1225233197 	0.1225234473
	-0.0630971897 	0.0455316668 	0.1242311130 	0.1242309426 	0.1242310793
	-0.0380448909 	0.0437947387 	0.1259930490 	0.1259928733 	0.1259930211
	-0.0129925920 	0.0416229609 	0.1283868243 	0.1283866412 	0.1283868029
	0.0120597068 	0.0391644156 	0.1320414941 	0.1320412999 	0.1320414790
	0.0371120056 	0.0365774922 	0.1375893596 	0.1375891493 	0.1375893500
	0.0621643044 	0.0340189658 	0.1456110734 	0.1456108407 	0.1456110678
	0.0872166032 	0.0316324993 	0.1565781269 	0.1565778644 	0.1565781227
	0.1122689021 	0.0295385554 	0.1707974285 	0.1707971276 	0.1707974221
	0.1373212009 	0.0278265208 	0.1883630879 	0.1883627396 	0.1883630745
	0.1623734997 	0.0265495997 	0.2091205348 	0.2091201301 	0.2091205089
	0.1874257985 	0.0257227624 	0.2326476329 	0.2326471631 	0.2326475880
	0.2124780973 	0.0253237632 	0.2582564374 	0.2582558954 	0.2582563668
	0.2375303961 	0.0252969900 	0.2850176853 	0.2850170655 	0.2850175821
	0.2625826950 	0.0255597017 	0.3118080632 	0.3118073626 	0.3118079209
	0.2876349938 	0.0260100444 	0.3373779500 	0.3373771686 	0.3373777631
	0.3126872926 	0.0265361263 	0.3604349221 	0.3604340635 	0.3604346865
	0.3377395914 	0.0270253794 	0.3797361776 	0.3797352486 	0.3797358911
	0.3627918902 	0.0273734403 	0.3941815072 	0.3941805182 	0.3941811698
	0.3878441890 	0.0274918465 	0.4028978208 	0.4028967853 	0.4028974351
	0.4128964879 	0.0273139682 	0.4053066970 	0.4053056307 	0.4053062677
	0.4379487867 	0.0267987695 	0.4011679900 	0.4011669106 	0.4011675242
	0.4630010855 	0.0259322031 	0.3905950477 	0.3905939736 	0.3905945544
	0.4880533843 	0.0247262702 	0.3740402326 	0.3740391821 	0.3740397223
	0.5131056831 	0.0232159989 	0.3522527706 	0.3522517606 	0.3522522542
	0.5381579820 	0.0214547799 	0.3262139900 	0.3262130356 	0.3262134787
	0.5632102808 	0.0195086326 	0.2970573349 	0.2970564486 	0.2970568392
	0.5882625796 	0.0174500335 	0.2659818225 	0.2659810134 	0.2659813517
	0.6133148784 	0.0153519268 	0.2341677366 	0.2341670107 	0.2341672983
	0.6383671772 	0.0132824515 	0.2027023659 	0.2027017258 	0.2027019660
	0.6634194760 	0.0113007830 	0.1725217242 	0.1725211694 	0.1725213665
	0.6884717749 	0.0094543195 	0.1443717877 	0.1443713150 	0.1443714737
	0.7135240737 	0.0077772686 	0.1187902341 	0.1187898382 	0.1187899639
	0.7385763725 	0.0062905358 	0.0961073519 	0.0961070259 	0.0961071238
	0.7636286713 	0.0050026945 	0.0764629772 	0.0764627133 	0.0764627885
	0.7886809701 	0.0039117460 	0.0598351971 	0.0598349868 	0.0598350441
	0.8137332689 	0.0030073488 	0.0460761495 	0.0460759843 	0.0460760281
	0.8387855678 	0.0022732165 	0.0349504888 	0.0349503607 	0.0349503951
	0.8638378666 	0.0016894284 	0.0261728028 	0.0261727042 	0.0261727330
	0.8888901654 	0.0012344671 	0.0194412610 	0.0194411850 	0.0194412119
	0.9139424642 	0.0008868681 	0.0144658480 	0.0144657883 	0.0144658171
	0.9389947630 	0.0006264376 	0.0109905033 	0.0109904543 	0.0109904893
	0.9640470619 	0.0004350461 	0.0088092481 	0.0088092047 	0.0088092505
	0.9890993607 	0.0002970512 	0.0077768425 	0.0077768001 	0.0077768622
	1.0141516595 	0.0001994186 	0.0078147039 	0.0078146582 	0.0078147431
	1.0392039583 	0.0001316249 	0.0089127439 	0.0089126908 	0.0089128061
	1.0642562571 	0.0000854178 	0.0111275439 	0.0111274797 	0.0111276341
	1.0893085559 	0.0000545000 	0.0145769626 	0.0145768838 	0.0145770871
	1.1143608548 	0.0000341887 	0.0194309684 	0.0194308722 	0.0194311347
	1.1394131536 	0.0000210866 	0.0258983010 	0.0258981855 	0.0258985175
	1.1644654524 	0.0000127870 	0.0342085696 	0.0342084344 	0.0342088453
	1.1895177512 	0.0000076238 	0.0445896393 	0.0445894859 	0.0445899832
	1.2145700500 	0.0000044690 	0.0572406510 	0.0572404834 	0.0572410714
	1.2396223488 	0.0000025756 	0.0723017253 	0.0723015507 	0.0723022290
	1.2646746477 	0.0000014595 	0.0898222356 	0.0898220646 	0.0898228269
	1.2897269465 	0.0000008131 	0.1097303621 	0.1097302093 	0.1097310422
	1.3147792453 	0.0000004454 	0.1318073030 	0.1318071868 	0.1318080691
	1.3398315441 	0.0000002399 	0.1556698435 	0.1556697859 	0.1556706882
	1.3648838429 	0.0000001270 	0.1807648320 	0.1807648575 	0.1807657430
	1.3899361418 	0.0000000661 	0.2063783916 	0.2063785262 	0.2063793520
	1.4149884406 	0.0000000338 	0.2316614058 	0.2316616754 	0.2316623944
	1.4400407394 	0.0000000170 	0.2556710668 	0.2556714950 	0.2556720590
	1.4650930382 	0.0000000084 	0.2774262613 	0.2774268677 	0.2774272308
	1.4901453370 	0.0000000041 	0.2959725869 	0.2959733852 	0.2959735069
	1.5151976358 	0.0000000020 	0.3104511480 	0.3104521440 	0.3104519930
	1.5402499347 	0.0000000009 	0.3201642835 	0.3201654744 	0.3201650313
	1.5653022335 	0.0000000004 	0.3246312385 	0.3246326120 	0.3246318713
	1.5903545323 	0.0000000002 	0.3236275936 	0.3236291282 	0.3236280994
	1.6154068311 	0.0000000001 	0.3172039485 	0.3172056148 	0.3172043217
	1.6404591299 	0.0000000000 	0.3056816926 	0.3056834546 	0.3056819341
	1.6655114287 	0.0000000000 	0.2896263543 	0.2896281718 	0.2896264712
	1.6905637276 	0.0000000000 	0.2698016051 	0.2698034362 	0.2698016098
	1.7156160264 	0.0000000000 	0.2471091257 	0.2471109291 	0.2471090345
	1.7406683252 	0.0000000000 	0.2225209184 	0.2225226561 	0.2225207504
	1.7657206240 	0.0000000000 	0.1970111067 	0.1970127459 	0.1970108817
	1.7907729228 	0.0000000000 	0.1714937869 	0.1714953015 	0.1714935249
	1.8158252217 	0.0000000000 	0.1467722320 	0.1467736033 	0.1467719510
	1.8408775205 	0.0000000000 	0.1235029331 	0.1235041500 	0.1235026489
	1.8659298193 	0.0000000000 	0.1021759299 	0.1021769889 	0.1021756553
	1.8909821181 	0.0000000000 	0.0831109216 	0.0831118255 	0.0831106661
	1.9160344169 	0.0000000000 	0.0664670342 	0.0664677910 	0.0664668042
	1.9410867157 	0.0000000000 	0.0522630202 	0.0522636420 	0.0522628192
	1.9661390146 	0.0000000000 	0.0404041401 	0.0404046415 	0.0404039692
	1.9911913134 	0.0000000000 	0.0307120010 	0.0307123978 	0.0307118593
	2.0162436122 	0.0000000000 	0.0229540890 	0.0229543972 	0.0229539742
	2.0412959110 	0.0000000000 	0.0168704866 	0.0168707217 	0.0168703959
	2.0663482098 	0.0000000000 	0.0121961462 	0.0121963222 	0.0121960762
	2.0914005086 	0.0000000000 	0.0086779534 	0.0086780829 	0.0086779009
	2.1164528075 	0.0000000000 	0.0060865575 	0.0060866509 	0.0060865192
	2.1415051063 	0.0000000000 	0.0042234968 	0.0042235630 	0.0042234700
	2.1665574051 	0.0000000000 	0.0029244948 	0.0029245409 	0.0029244776
	2.1916097039 	0.0000000000 	0.0020599494 	0.0020599809 	0.0020599403
	2.2166620027 	0.0000000000 	0.0015336261 	0.0015336472 	0.0015336242
	2.2417143016 	0.0000000000 	0.0012804365 	0.0012804503 	0.0012804419
	2.2667666004 	0.0000000000 	0.0012639805 	0.0012639893 	0.0012639940
	2.2918188992 	0.0000000000 	0.0014742908 	0.0014742963 	0.0014743141
	2.3168711980 	0.0000000000 	0.0019259765 	0.0019259799 	0.0019260121
	2.3419234968 	0.0000000000 	0.0026567275 	0.0026567296 	0.0026567790
	2.3669757956 	0.0000000000 	0.0037259454 	0.0037259471 	0.0037260176
	2.3920280945 	0.0000000000 	0.0052131006 	0.0052131024 	0.0052131989
	2.4170803933 	0.0000000000 	0.0072153119 	0.0072153146 	0.0072154431
	2.4421326921 	0.0000000000 	0.0098436081 	0.0098436125 	0.0098437796
	2.4671849909 	0.0000000000 	0.0132173725 	0.0132173796 	0.0132175924
	2.4922372897 	0.0000000000 	0.0174566171 	0.0174566284 	0.0174568937
	2.5172895886 	0.0000000000 	0.0226719713 	0.0226719884 	0.0226723122
	2.5423418874 	0.0000000000 	0.0289526035 	0.0289526285 	0.0289530155
	2.5673941862 	0.0000000000 	0.0363526949 	0.0363527303 	0.0363531829
	2.5924464850 	0.0000000000 	0.0448775015 	0.0448775502 	0.0448780677
	2.6174987838 	0.0000000000 	0.0544704158 	0.0544704810 	0.0544710590
	2.6425510826 	0.0000000000 	0.0650027003 	0.0650027853 	0.0650034153
	2.6676033815 	0.0000000000 	0.0762676335 	0.0762677418 	0.0762684109
	2.6926556803 	0.0000000000 	0.0879806357 	0.0879807704 	0.0879814614
	2.7177079791 	0.0000000000 	0.0997864986 	0.0997866624 	0.0997873545
	2.7427602779 	0.0000000000 	0.1112741538 	0.1112743488 	0.1112750182
	2.7678125767 	0.0000000000 	0.1219985389 	0.1219987663 	0.1219993881
	2.7928648755 	0.0000000000 	0.1315081794 	0.1315084392 	0.1315089885
	2.8179171744 	0.0000000000 	0.1393762278 	0.1393765186 	0.1393769727
	2.8429694732 	0.0000000000 	0.1452320442 	0.1452323633 	0.1452327031
	2.8680217720 	0.0000000000 	0.1487900869 	0.1487904304 	0.1487906417
	2.8930740708 	0.0000000000 	0.1498729817 	0.1498733444 	0.1498734194
	2.9181263696 	0.0000000000 	0.1484261767 	0.1484265523 	0.1484264902
	2.9431786685 	0.0000000000 	0.1445224969 	0.1445228788 	0.1445226855
	2.9682309673 	0.0000000000 	0.1383560692 	0.1383564501 	0.1383561379
	2.9932832661 	0.0000000000 	0.1302263224 	0.1302266954 	0.1302262818
	3.0183355649 	0.0000000000 	0.1205138998 	0.1205142584 	0.1205137649
	3.0433878637 	0.0000000000 	0.1096511794 	0.1096515179 	0.1096509680
	3.0684401625 	0.0000000000 	0.0980905742 	0.0980908879 	0.0980903059
	3.0934924614 	0.0000000000 	0.0862738243 	0.0862741098 	0.0862735186
	3.1185447602 	0.0000000000 	0.0746051185 	0.0746053737 	0.0746047939
	3.1435970590 	0.0000000000 	0.0634301886 	0.0634304126 	0.0634298613
	3.1686493578 	0.0000000000 	0.0530226200 	0.0530228131 	0.0530223036
	3.1937016566 	0.0000000000 	0.0435776862 	0.0435778498 	0.0435773909
	3.2187539554 	0.0000000000 	0.0352131562 	0.0352132923 	0.0352128892
	3.2438062543 	0.0000000000 	0.0279758662 	0.0279759775 	0.0279756315
	3.2688585531 	0.0000000000 	0.0218524399 	0.0218525292 	0.0218522389
	3.2939108519 	0.0000000000 	0.0167824024 	0.0167824728 	0.0167822344
	3.3189631507 	0.0000000000 	0.0126720281 	0.0126720827 	0.0126718910
	3.3440154495 	0.0000000000 	0.0094075368 	0.0094075784 	0.0094074275
	3.3690677484 	0.0000000000 	0.0068666282 	0.0068666593 	0.0068665428
	3.3941200472 	0.0000000000 	0.0049277531 	0.0049277759 	0.0049276878
	3.4191723460 	0.0000000000 	0.0034768996 	0.0034769161 	0.0034768507
	3.4442246448 	0.0000000000 	0.0024119770 	0.0024119887 	0.0024119411
	3.4692769436 	0.0000000000 	0.0016450987 	0.0016451069 	0.0016450730
	3.4943292424 	0.0000000000 	0.0011031856 	0.0011031912 	0.0011031674
	3.5193815413 	0.0000000000 	0.0007273493 	0.0007273531 	0.0007273367
	3.5444338401 	0.0000000000 	0.0004714930 	0.0004714955 	0.0004714845
	3.5694861389 	0.0000000000 	0.0003005005 	0.0003005022 	0.0003004949
	3.5945384377 	0.0000000000 	0.0001883012 	0.0001883022 	0.0001882975
	3.6195907365 	0.0000000000 	0.0001160109 	0.0001160115 	0.0001160085
	3.6446430353 	0.0000000000 	0.0000702720 	0.0000702724 	0.0000702705
	3.6696953342 	0.0000000000 	0.0000418508 	0.0000418510 	0.0000418498
	3.6947476330 	0.0000000000 	0.0000245054 	0.0000245056 	0.0000245049
	3.7197999318 	0.0000000000 	0.0000141078 	0.0000141079 	0.0000141075
	3.7448522306 	0.0000000000 	0.0000079853 	0.0000079854 	0.0000079852
	3.7699045294 	0.0000000000 	0.0000044439 	0.0000044439 	0.0000044438
	3.7949568283 	0.0000000000 	0.0000024315 	0.0000024315 	0.0000024315
	3.8200091271 	0.0000000000 	0.0000013081 	0.0000013081 	0.0000013080
	3.8450614259 	0.0000000000 	0.0000006919 	0.0000006919 	0.0000006918
	3.8701137247 	0.0000000000 	0.0000003598 	0.0000003598 	0.0000003598
	3.8951660235 	0.0000000000 	0.0000001840 	0.0000001840 	0.0000001840
	3.9202183223 	0.0000000000 	0.0000000926 	0.0000000926 	0.0000000925
	3.9452706212 	0.0000000001 	0.0000000459 	0.0000000459 	0.0000000459
	3.9703229200 	0.0000000002 	0.0000000226 	0.0000000226 	0.0000000226
	3.9953752188 	0.0000000004 	0.0000000116 	0.0000000116 	0.0000000116
	4.0204275176 	0.0000000009 	0.0000000071 	0.0000000071 	0.0000000071
	4.0454798164 	0.0000000019 	0.0000000069 	0.0000000069 	0.0000000069
	4.0705321152 	0.0000000040 	0.0000000107 	0.0000000107 	0.0000000107
	4.0955844141 	0.0000000083 	0.0000000205 	0.0000000205 	0.0000000205
	4.1206367129 	0.0000000170 	0.0000000412 	0.0000000412 	0.0000000412
	4.1456890117 	0.0000000343 	0.0000000825 	0.0000000825 	0.0000000825
	4.1707413105 	0.0000000680 	0.0000001629 	0.0000001629 	0.0000001629
	4.1957936093 	0.0000001324 	0.0000003165 	0.0000003165 	0.0000003165
	4.2208459082 	0.0000002536 	0.0000006046 	0.0000006046 	0.0000006046
	4.2458982070 	0.0000004776 	0.0000011358 	0.0000011357 	0.0000011358
	4.2709505058 	0.0000008844 	0.0000020978 	0.0000020978 	0.0000020979
	4.2960028046 	0.0000016103 	0.0000038098 	0.0000038097 	0.0000038101
	4.3210551034 	0.0000028829 	0.0000068031 	0.0000068030 	0.0000068035
	4.3461074022 	0.0000050750 	0.0000119446 	0.0000119445 	0.0000119454
	4.3711597011 	0.0000087843 	0.0000206207 	0.0000206204 	0.0000206218
	4.3962119999 	0.0000149505 	0.0000350022 	0.0000350017 	0.0000350041
	4.4212642987 	0.0000250192 	0.0000584186 	0.0000584178 	0.0000584217
	4.4463165975 	0.0000411683 	0.0000958675 	0.0000958662 	0.0000958724
	4.4713688963 	0.0000666078 	0.0001546875 	0.0001546855 	0.0001546951
	4.4964211951 	0.0001059643 	0.0002454164 	0.0002454134 	0.0002454280
	4.5214734940 	0.0001657549 	0.0003828393 	0.0003828347 	0.0003828565
	4.5465257928 	0.0002549445 	0.0005872110 	0.0005872043 	0.0005872362
	4.5715780916 	0.0003855647 	0.0008855986 	0.0008855888 	0.0008856347
	4.5966303904 	0.0005733524 	0.0013132425 	0.0013132285 	0.0013132934
	4.6216826892 	0.0008383372 	0.0019147781 	0.0019147586 	0.0019148484
	4.6467349881 	0.0012052822 	0.0027450973 	0.0027450707 	0.0027451927
	4.6717872869 	0.0017038514 	0.0038695731 	0.0038695373 	0.0038696999
	4.6968395857 	0.0023683604 	0.0053633312 	0.0053632839 	0.0053634965
	4.7218918845 	0.0032369577 	0.0073092474 	0.0073091862 	0.0073094585
	4.7469441833 	0.0043501028 	0.0097943909 	0.0097943130 	0.0097946548
	4.7719964821 	0.0057482459 	0.0129047370 	0.0129046399 	0.0129050600
	4.7970487810 	0.0074686923 	0.0167181442 	0.0167180255 	0.0167185310
	4.8221010798 	0.0095417333 	0.0212958211 	0.0212956788 	0.0212962739
	4.8471533786 	0.0119862550 	0.0266727845 	0.0266726173 	0.0266733020
	4.8722056774 	0.0148051683 	0.0328480949 	0.0328479024 	0.0328486716
	4.8972579762 	0.0179811236 	0.0397759081 	0.0397756911 	0.0397765339
	4.9223102750 	0.0214730628 	0.0473585424 	0.0473583029 	0.0473592019
	4.9473625739 	0.0252141823 	0.0554427894 	0.0554425310 	0.0554434624
	4.9724148727 	0.0291118324 	0.0638205515 	0.0638202790 	0.0638212132
	4.9974671715 	0.0330497352 	0.0722345513 	0.0722342708 	0.0722351737
	5.0225194703 	0.0368926826 	0.0803893579 	0.0803890764 	0.0803899111
	5.0475717691 	0.0404935926 	0.0879673476 	0.0879670727 	0.0879678022
	5.0726240680 	0.0437024934 	0.0946485563 	0.0946482957 	0.0946488848
	5.0976763668 	0.0463767125 	0.1001327736 	0.1001325347 	0.1001329534
	5.1227286656 	0.0483913275 	0.1041617934 	0.1041615825 	0.1041618078
	5.1477809644 	0.0496488206 	0.1065395337 	0.1065393561 	0.1065393740
	5.1728332632 	0.0500868993 	0.1071478503 	0.1071477094 	0.1071475164
	5.1978855620 	0.0496836102 	0.1059562654 	0.1059561629 	0.1059557660
	5.2229378609 	0.0484591629 	0.1030244993 	0.1030244348 	0.1030238511
	5.2479901597 	0.0464742510 	0.0984975087 	0.0984974803 	0.0984967357
	5.2730424585 	0.0438250663 	0.0925936097 	0.0925936137 	0.0925927407
	5.2980947573 	0.0406355752 	0.0855870358 	0.0855870675 	0.0855861028
	5.3231470561 	0.0370479206 	0.0777868741 	0.0777869279 	0.0777859098
	5.3481993549 	0.0332119828 	0.0695146235 	0.0695146936 	0.0695136594
	5.3732516538 	0.0292751581 	0.0610826269 	0.0610827075 	0.0610816909
	5.3983039526 	0.0253733089 	0.0527753424 	0.0527754282 	0.0527744582
	5.4233562514 	0.0216236150 	0.0448349182 	0.0448350046 	0.0448341037
	5.4484085502 	0.0181197731 	0.0374518962 	0.0374519794 	0.0374511638
	5.4734608490 	0.0149296760 	0.0307612147 	0.0307612919 	0.0307605711
	5.4985131479 	0.0120954239 	0.0248430848 	0.0248431542 	0.0248425315
	5.5235654467 	0.0096352901 	0.0197278636 	0.0197279243 	0.0197273982
	5.5486177455 	0.0075471222 	0.0154037764 	0.0154038280 	0.0154033929
	5.5736700443 	0.0058126042 	0.0118262508 	0.0118262936 	0.0118259412
	5.5987223431 	0.0044018252 	0.0089277044 	0.0089277390 	0.0089274594
	5.6237746419 	0.0032776863 	0.0066268243 	0.0066268517 	0.0066266343
	5.6488269408 	0.0023997965 	0.0048366443 	0.0048366656 	0.0048364998
	5.6738792396 	0.0017276419 	0.0034710109 	0.0034710270 	0.0034709030
	5.6989315384 	0.0012229402 	0.0024492946 	0.0024493065 	0.0024492156
	5.7239838372 	0.0008511944 	0.0016994147 	0.0016994234 	0.0016993579
	5.7490361360 	0.0005825379 	0.0011593941 	0.0011594003 	0.0011593541
	5.7740884348 	0.0003920048 	0.0007777434 	0.0007777477 	0.0007777157
	5.7991407337 	0.0002593762 	0.0005129974 	0.0005130004 	0.0005129786
	5.8241930325 	0.0001687487 	0.0003327116 	0.0003327136 	0.0003326991
	5.8492453313 	0.0001079498 	0.0002121758 	0.0002121771 	0.0002121676
	5.8742976301 	0.0000679007 	0.0001330461 	0.0001330470 	0.0001330408
	5.8993499289 	0.0000419950 	0.0000820349 	0.0000820355 	0.0000820316
	5.9244022278 	0.0000255383 	0.0000497423 	0.0000497426 	0.0000497402
	5.9494545266 	0.0000152706 	0.0000296702 	0.0000296704 	0.0000296689
	5.9745068254 	0.0000089783 	0.0000174281 	0.0000174282 	0.0000174274
	5.9995591242 	0.0000051904 	0.0000101182 	0.0000101183 	0.0000101178
	6.0246114230 	0.0000029504 	0.0000058772 	0.0000058772 	0.0000058770
	6.0496637218 	0.0000016490 	0.0000035481 	0.0000035481 	0.0000035479
	6.0747160207 	0.0000009062 	0.0000024561 	0.0000024560 	0.0000024560
	6.0997683195 	0.0000004897 	0.0000022668 	0.0000022667 	0.0000022668
	6.1248206183 	0.0000002602 	0.0000029104 	0.0000029102 	0.0000029104
	6.1498729171 	0.0000001359 	0.0000045611 	0.0000045607 	0.0000045611
	6.1749252159 	0.0000000698 	0.0000076689 	0.0000076682 	0.0000076689
	6.1999775147 	0.0000000353 	0.0000130444 	0.0000130431 	0.0000130443
	6.2250298136 	0.0000000175 	0.0000220039 	0.0000220019 	0.0000220038
	6.2500821124 	0.0000000086 	0.0000365865 	0.0000365832 	0.0000365863
	6.2751344112 	0.0000000041 	0.0000598556 	0.0000598505 	0.0000598554
	6.3001867100 	0.0000000019 	0.0000962991 	0.0000962912 	0.0000962987
	6.3252390088 	0.0000000009 	0.0001523369 	0.0001523249 	0.0001523364
	6.3502913077 	0.0000000004 	0.0002369376 	0.0002369196 	0.0002369368
	6.3753436065 	0.0000000002 	0.0003623289 	0.0003623026 	0.0003623277
	6.4003959053 	0.0000000001 	0.0005447667 	0.0005447287 	0.0005447650
	6.4254482041 	0.0000000000 	0.0008052970 	0.0008052434 	0.0008052946
	6.4505005029 	0.0000000000 	0.0011704141 	0.0011703397 	0.0011704106
	6.4755528017 	0.0000000000 	0.0016724795 	0.0016723783 	0.0016724746
	6.5006051006 	0.0000000000 	0.0023497402 	0.0023496053 	0.0023497336
	6.5256573994 	0.0000000000 	0.0032457624 	0.0032455859 	0.0032457534
	6.5507096982 	0.0000000000 	0.0044080995 	0.0044078733 	0.0044080876
	6.5757619970 	0.0000000000 	0.0058860489 	0.0058857649 	0.0058860333
	6.6008142958 	0.0000000000 	0.0077274133 	0.0077270640 	0.0077273933
	6.6258665946 	0.0000000000 	0.0099742953 	0.0099738749 	0.0099742700
	6.6509188935 	0.0000000000 	0.0126580878 	0.0126575929 	0.0126580565
	6.6759711923 	0.0000000000 	0.0157939874 	0.0157934182 	0.0157939494
	6.7010234911 	0.0000000000 	0.0193755159 	0.0193748769 	0.0193754704
	6.7260757899 	0.0000000000 	0.0233696693 	0.0233689698 	0.0233696159
	6.7511280887 	0.0000000000 	0.0277133904 	0.0277126457 	0.0277133288
	6.7761803876 	0.0000000001 	0.0323120533 	0.0323112837 	0.0323119835
	6.8012326864 	0.0000000002 	0.0370405356 	0.0370397666 	0.0370404579
	6.8262849852 	0.0000000004 	0.0417472396 	0.0417465004 	0.0417471546
	6.8513372840 	0.0000000008 	0.0462611132 	0.0462604353 	0.0462610218
	6.8763895828 	0.0000000017 	0.0504013542 	0.0504007697 	0.0504012578
	6.9014418816 	0.0000000035 	0.0539891082 	0.0539886469 	0.0539890082
	6.9264941805 	0.0000000070 	0.0568601419 	0.0568598299 	0.0568600402
	6.9515464793 	0.0000000140 	0.0588772606 	0.0588771174 	0.0588771589
	6.9765987781 	0.0000000274 	0.0599411658 	0.0599412031 	0.0599410660
	7.0016510769 	0.0000000529 	0.0599985604 	0.0599987810 	0.0599984642
	7.0267033757 	0.0000001002 	0.0590465819 	0.0590469795 	0.0590464910
	7.0517556745 	0.0000001868 	0.0571330531 	0.0571336123 	0.0571329686
	7.0768079734 	0.0000003423 	0.0543525228 	0.0543532208 	0.0543524458
	7.1018602722 	0.0000006169 	0.0508385615 	0.0508393697 	0.0508384926
	7.1269125710 	0.0000010929 	0.0467531941 	0.0467540802 	0.0467531337
	7.1519648698 	0.0000019037 	0.0422746479 	0.0422755782 	0.0422745959
	7.1770171686 	0.0000032603 	0.0375847199 	0.0375856616 	0.0375846760
	7.2020694675 	0.0000054897 	0.0328570229 	0.0328579464 	0.0328569867
	7.2271217663 	0.0000090883 	0.0282471667 	0.0282480465 	0.0282471375
	7.2521740651 	0.0000147928 	0.0238856146 	0.0238864307 	0.0238855916
	7.2772263639 	0.0000236732 	0.0198735836 	0.0198743220 	0.0198735660
	7.3022786627 	0.0000372480 	0.0162819809 	0.0162826334 	0.0162819680
	7.3273309615 	0.0000576216 	0.0131530457 	0.0131536092 	0.0131530368
	7.3523832604 	0.0000876407 	0.0105041264 	0.0105046025 	0.0105041210
	7.3774355592 	0.0001310583 	0.0083328856 	0.0083332793 	0.0083328833
	7.4024878580 	0.0001926907 	0.0066231882 	0.0066235069 	0.0066231888
	7.4275401568 	0.0002785447 	0.0053509752 	0.0053512279 	0.0053509787
	7.4525924556 	0.0003958830 	0.0044895334 	0.0044897296 	0.0044895401
	7.4776447545 	0.0005531929 	0.0040137136 	0.0040138627 	0.0040137239
	7.5026970533 	0.0007600184 	0.0039028036 	0.0039029142 	0.0039028180
	7.5277493521 	0.0010266193 	0.0041419108 	0.0041419907 	0.0041419300
	7.5528016509 	0.0013634290 	0.0047218473 	0.0047219032 	0.0047218722
	7.5778539497 	0.0017803011 	0.0056376286 	0.0056376659 	0.0056376599
	7.6029062485 	0.0022855577 	0.0068858039 	0.0068858270 	0.0068858427
	7.6279585474 	0.0028848863 	0.0084609330 	0.0084609451 	0.0084609800
	7.6530108462 	0.0035801650 	0.0103516023 	0.0103516059 	0.0103516581
	7.6780631450 	0.0043683273 	0.0125364400 	0.0125364369 	0.0125365050
	7.7031154438 	0.0052404081 	0.0149806254 	0.0149806168 	0.0149806998
	7.7281677426 	0.0061809162 	0.0176333845 	0.0176333713 	0.0176334678
	7.7532200414 	0.0071676766 	0.0204269117 	0.0204268945 	0.0204270034
	7.7782723403 	0.0081722521 	0.0232770476 	0.0232770267 	0.0232771464
	7.8033246391 	0.0091610009 	0.0260858745 	0.0260858504 	0.0260859788
	7.8283769379 	0.0100967574 	0.0287461842 	0.0287461572 	0.0287462921
	7.8534292367 	0.0109410438 	0.0311475384 	0.0311475089 	0.0311476476
	7.8784815355 	0.0116566424 	0.0331834211 	0.0331833895 	0.0331835293
	7.9035338344 	0.0122102945 	0.0347588056 	0.0347587725 	0.0347589104
	7.9285861332 	0.0125752575 	0.0357973523 	0.0357973181 	0.0357974514
	7.9536384320 	0.0127334466 	0.0362474528 	0.0362474182 	0.0362475443
	7.9786907308 	0.0126769238 	0.0360864339 	0.0360863994 	0.0360865161
	8.0037430296 	0.0124085646 	0.0353224326 	0.0353223987 	0.0353225043
	8.0287953284 	0.0119418263 	0.0339937221 	0.0339936895 	0.0339937827
	8.0538476273 	0.0112996476 	0.0321655679 	0.0321655370 	0.0321656174
	8.0788999261 	0.0105126087 	0.0299249818 	0.0299249531 	0.0299250205
	8.1039522249 	0.0096165656 	0.0273739764 	0.0273739501 	0.0273740051
	8.1290045237 	0.0086500213 	0.0246220708 	0.0246220471 	0.0246220906
	8.1540568225 	0.0076515155 	0.0217788439 	0.0217788229 	0.0217788561
	8.1791091213 	0.0066572915 	0.0189472704 	0.0189472520 	0.0189472764
	8.2041614202 	0.0056994481 	0.0162184318 	0.0162184160 	0.0162184331
	8.2292137190 	0.0048047122 	0.0136679841 	0.0136679706 	0.0136679821
	8.2542660178 	0.0039938853 	0.0113545346 	0.0113545230 	0.0113545304
	8.2793183166 	0.0032819385 	0.0093198549 	0.0093198449 	0.0093198497
	8.3043706154 	0.0026786629 	0.0075906690 	0.0075906601 	0.0075906635
	8.3294229143 	0.0021897357 	0.0061816161 	0.0061816076 	0.0061816110
	8.3544752131 	0.0018180300 	0.0050989144 	0.0050989055 	0.0050989100
	8.3795275119 	0.0015649928 	0.0043442279 	0.0043442178 	0.0043442244
	8.4045798107 	0.0014319199 	0.0039182674 	0.0039182550 	0.0039182648
	8.4296321095 	0.0014209782 	0.0038237153 	0.0038236991 	0.0038237133
	8.4546844083 	0.0015358552 	0.0040671526 	0.0040671309 	0.0040671505
	8.4797367072 	0.0017819502 	0.0046597620 	0.0046597328 	0.0046597590
	8.5047890060 	0.0021660600 	0.0056166968 	0.0056166574 	0.0056166913
	8.5298413048 	0.0026955576 	0.0069551189 	0.0069550665 	0.0069551091
	8.5548936036 	0.0033771078 	0.0086910444 	0.0086909756 	0.0086910277
	8.5799459024 	0.0042150180 	0.0108352623 	0.0108351734 	0.0108352357
	8.6049982012 	0.0052093687 	0.0133887295 	0.0133886163 	0.0133886891
	8.6300505001 	0.0063541200 	0.0163379593 	0.0163378178 	0.0163379008
	8.6551027989 	0.0076354213 	0.0196510094 	0.0196508356 	0.0196509279
	8.6801550977 	0.0090303675 	0.0232747034 	0.0232744934 	0.0232745936
	8.7052073965 	0.0105064337 	0.0271336782 	0.0271334291 	0.0271335349
	8.7302596953 	0.0120217747 	0.0311317222 	0.0311314319 	0.0311315404
	8.7553119942 	0.0135264992 	0.0351556456 	0.0351553134 	0.0351554208
	8.7803642930 	0.0149649246 	0.0390816369 	0.0390812635 	0.0390813657
	8.8054165918 	0.0162786972 	0.0427837176 	0.0427833058 	0.0427833982
	8.8304688906 	0.0174105433 	0.0461435749 	0.0461431293 	0.0461432072
	8.8555211894 	0.0183083146 	0.0490607640 	0.0490602913 	0.0490603499
	8.8805734882 	0.0189289235 	0.0514620980 	0.0514616069 	0.0514616418
	8.9056257871 	0.0192417527 	0.0533090092 	0.0533085100 	0.0533085172
	8.9306780859 	0.0192311575 	0.0546018059 	0.0546013104 	0.0546012868
	8.9557303847 	0.0188977784 	0.0553800559 	0.0553795770 	0.0553795201
	8.9807826835 	0.0182585120 	0.0557187695 	0.0557183206 	0.0557182289
	9.0058349823 	0.0173451480 	0.0557205802 	0.0557201747 	0.0557200477
	9.0308872811 	0.0162018353 	0.0555046550 	0.0555043058 	0.0555041440
	9.0559395800 	0.0148816717 	0.0551935311 	0.0551932500 	0.0551930547
	9.0809918788 	0.0134428024 	0.0548993980 	0.0548991952 	0.0548989688
	9.1060441776 	0.0119444439 	0.0547114763 	0.0547113599 	0.0547111057
	9.1310964764 	0.0104432339 	0.0546860507 	0.0546860265 	0.0546857482
	9.1561487752 	0.0089902277 	0.0548404114 	0.0548404824 	0.0548401847
	9.1812010741 	0.0076287621 	0.0551514778 	0.0551516439 	0.0551513320
	9.2062533729 	0.0063932767 	0.0555592843 	0.0555595427 	0.0555592221
	9.2313056717 	0.0053090605 	0.0559748910 	0.0559752357 	0.0559749124
	9.2563579705 	0.0043927870 	0.0562917125 	0.0562921348 	0.0562918145
	9.2814102693 	0.0036536228 	0.0563988327 	0.0563993215 	0.0563990100
	9.3064625681 	0.0030946583 	0.0561946383 	0.0561951802 	0.0561948831
	9.3315148670 	0.0027144049 	0.0555990904 	0.0555996707 	0.0555993927
	9.3565671658 	0.0025081342 	0.0545631705 	0.0545637732 	0.0545635186
	9.3816194646 	0.0024688915 	0.0530744328 	0.0530750419 	0.0530748139
	9.4066717634 	0.0025880842 	0.0511581277 	0.0511587275 	0.0511585285
	9.4317240622 	0.0028556251 	0.0488739387 	0.0488745144 	0.0488743457
	9.4567763610 	0.0032596837 	0.0463089240 	0.0463094623 	0.0463093242
	9.4818286599 	0.0037861602 	0.0435677018 	0.0435681918 	0.0435680837
	9.5068809587 	0.0044180406 	0.0407612030 	0.0407616358 	0.0407615564
	9.5319332575 	0.0051348171 	0.0379954089 	0.0379957785 	0.0379957257
	9.5569855563 	0.0059121496 	0.0353614040 	0.0353617068 	0.0353616781
	9.5820378551 	0.0067219199 	0.0329278104 	0.0329280456 	0.0329280383
	9.6070901540 	0.0075327779 	0.0307363003 	0.0307364693 	0.0307364804
	9.6321424528 	0.0083112114 	0.0288004470 	0.0288005533 	0.0288005799
	9.6571947516 	0.0090230945 	0.0271077489 	0.0271077978 	0.0271078370
	9.6822470504 	0.0096355949 	0.0256242908 	0.0256242888 	0.0256243378
	9.7072993492 	0.0101192575 	0.0243012422 	0.0243011968 	0.0243012530
	9.7323516480 	0.0104500430 	0.0230822530 	0.0230821720 	0.0230822331
	9.7574039469 	0.0106110882 	0.0219108001 	0.0219106916 	0.0219107555
	9.7824562457 	0.0105939776 	0.0207366508 	0.0207365224 	0.0207365872
	9.8075085445 	0.0103993677 	0.0195208092 	0.0195206683 	0.0195207325
	9.8325608433 	0.0100368813 	0.0182385743 	0.0182384274 	0.0182384894
	9.8576131421 	0.0095242745 	0.0168806046 	0.0168804574 	0.0168805163
	9.8826654409 	0.0088859687 	0.0154521411 	0.0154519982 	0.0154520530
	9.9077177398 	0.0081511062 	0.0139707333 	0.0139705983 	0.0139706485
	9.9327700386 	0.0073513440 	0.0124629450 	0.0124628206 	0.0124628657
	9.9578223374 	0.0065186113 	0.0109605649 	0.0109604528 	0.0109604927
	9.9828746362 	0.0056830493 	0.0094968235 	0.0094967246 	0.0094967593
	10.0079269350 	0.0048713090 	0.0081030363 	0.0081029507 	0.0081029804
	10.0329792339 	0.0041053274 	0.0068059723 	0.0068058997 	0.0068059248
	10.0580315327 	0.0034016353 	0.0056261093 	0.0056260489 	0.0056260696
	10.0830838315 	0.0027711850 	0.0045768036 	0.0045767542 	0.0045767712
	10.1081361303 	0.0022196327 	0.0036642931 	0.0036642534 	0.0036642672
	10.1331884291 	0.0017479722 	0.0028883711 	0.0028883398 	0.0028883509
	10.1582407279 	0.0013533986 	0.0022435271 	0.0022435029 	0.0022435118
	10.1832930268 	0.0010302787 	0.0017203419 	0.0017203235 	0.0017203309
	10.2083453256 	0.0007711193 	0.0013069410 	0.0013069274 	0.0013069336
	10.2333976244 	0.0005674481 	0.0009903505 	0.0009903407 	0.0009903463
	10.2584499232 	0.0004105524 	0.0007576428 	0.0007576362 	0.0007576415
	10.2835022220 	0.0002920444 	0.0005968086 	0.0005968046 	0.0005968102
	10.3085545208 	0.0002042522 	0.0004973308 	0.0004973292 	0.0004973353
	10.3336068197 	0.0001404503 	0.0004504709 	0.0004504714 	0.0004504785
	10.3586591185 	0.0000949547 	0.0004492982 	0.0004493010 	0.0004493094
	10.3837114173 	0.0000631172 	0.0004885099 	0.0004885152 	0.0004885252
	10.4087637161 	0.0000412493 	0.0005640909 	0.0005640993 	0.0005641110
	10.4338160149 	0.0000265048 	0.0006728716 	0.0006728837 	0.0006728971
	10.4588683138 	0.0000167444 	0.0008120337 	0.0008120502 	0.0008120653
	10.4839206126 	0.0000104004 	0.0009786190 	0.0009786408 	0.0009786574
	10.5089729114 	0.0000063514 	0.0011690879 	0.0011691161 	0.0011691338
	10.5340252102 	0.0000038136 	0.0013789729 	0.0013790084 	0.0013790268
	10.5590775090 	0.0000022513 	0.0016026638 	0.0016027075 	0.0016027259
	10.5841298078 	0.0000013067 	0.0018333518 	0.0018334047 	0.0018334222
	10.6091821067 	0.0000007456 	0.0020631479 	0.0020632106 	0.0020632263
	10.6342344055 	0.0000004184 	0.0022833695 	0.0022834423 	0.0022834554
	10.6592867043 	0.0000002308 	0.0024849774 	0.0024850604 	0.0024850699
	10.6843390031 	0.0000001252 	0.0026591219 	0.0026592147 	0.0026592198
	10.7093913019 	0.0000000667 	0.0027977438 	0.0027978456 	0.0027978456
	10.7344436007 	0.0000000350 	0.0028941670 	0.0028942768 	0.0028942712
	10.7594958996 	0.0000000180 	0.0029436162 	0.0029437322 	0.0029437210
	10.7845481984 	0.0000000091 	0.0029435991 	0.0029437196 	0.0029437027
	10.8096004972 	0.0000000046 	0.0028941099 	0.0028942327 	0.0028942106
	10.8346527960 	0.0000000022 	0.0027976264 	0.0027977493 	0.0027977226
	10.8597050948 	0.0000000011 	0.0026589029 	0.0026590238 	0.0026589933
	10.8847573937 	0.0000000005 	0.0024845812 	0.0024846978 	0.0024846646
	10.9098096925 	0.0000000002 	0.0022826629 	0.0022827735 	0.0022827386
	10.9348619913 	0.0000000001 	0.0020619029 	0.0020620058 	0.0020619704
	10.9599142901 	0.0000000000 	0.0018311859 	0.0018312801 	0.0018312451
	10.9849665889 	0.0000000000 	0.0015989486 	0.0015990332 	0.0015989996
	11.0100188877 	0.0000000000 	0.0013726960 	0.0013727707 	0.0013727392
	11.0350711866 	0.0000000000 	0.0011586494 	0.0011587142 	0.0011586854
	11.0601234854 	0.0000000000 	0.0009615403 	0.0009615956 	0.0009615698
	11.0851757842 	0.0000000000 	0.0007845503 	0.0007845965 	0.0007845740
	11.1102280830 	0.0000000000 	0.0006293784 	0.0006294165 	0.0006293972
	11.1352803818 	0.0000000000 	0.0004964102 	0.0004964410 	0.0004964249
	11.1603326806 	0.0000000000 	0.0003849527 	0.0003849772 	0.0003849639
	11.1853849795 	0.0000000000 	0.0002935026 	0.0002935216 	0.0002935110
	11.2104372783 	0.0000000000 	0.0002200160 	0.0002200306 	0.0002200222
	11.2354895771 	0.0000000001 	0.0001621565 	0.0001621675 	0.0001621610
	11.2605418759 	0.0000000001 	0.0001175040 	0.0001175121 	0.0001175072
	11.2855941747 	0.0000000002 	0.0000837161 	0.0000837220 	0.0000837183
	11.3106464736 	0.0000000005 	0.0000586414 	0.0000586457 	0.0000586430
	11.3356987724 	0.0000000010 	0.0000403870 	0.0000403900 	0.0000403880
	11.3607510712 	0.0000000019 	0.0000273481 	0.0000273502 	0.0000273488
	11.3858033700 	0.0000000037 	0.0000182089 	0.0000182103 	0.0000182093
	11.4108556688 	0.0000000071 	0.0000119226 	0.0000119235 	0.0000119229
	11.4359079676 	0.0000000133 	0.0000076801 	0.0000076807 	0.0000076803
	11.4609602665 	0.0000000246 	0.0000048729 	0.0000048733 	0.0000048731
	11.4860125653 	0.0000000445 	0.0000030559 	0.0000030561 	0.0000030560
	11.5110648641 	0.0000000792 	0.0000019126 	0.0000019127 	0.0000019126
	11.5361171629 	0.0000001386 	0.0000012263 	0.0000012264 	0.0000012263
	11.5611694617 	0.0000002385 	0.0000008561 	0.0000008561 	0.0000008561
	11.5862217605 	0.0000004036 	0.0000007193 	0.0000007194 	0.0000007193
	11.6112740594 	0.0000006714 	0.0000007799 	0.0000007799 	0.0000007799
	11.6363263582 	0.0000010981 	0.0000010415 	0.0000010415 	0.0000010415
	11.6613786570 	0.0000017660 	0.0000015455 	0.0000015455 	0.0000015455
	11.6864309558 	0.0000027922 	0.0000023733 	0.0000023733 	0.0000023733
	11.7114832546 	0.0000043405 	0.0000036519 	0.0000036518 	0.0000036518
	11.7365355535 	0.0000066340 	0.0000055618 	0.0000055616 	0.0000055617
	11.7615878523 	0.0000099690 	0.0000083475 	0.0000083473 	0.0000083475
	11.7866401511 	0.0000147286 	0.0000123279 	0.0000123275 	0.0000123278
	11.8116924499 	0.0000213949 	0.0000179050 	0.0000179045 	0.0000179049
	11.8367447487 	0.0000305561 	0.0000255706 	0.0000255699 	0.0000255704
	11.8617970475 	0.0000429064 	0.0000359052 	0.0000359043 	0.0000359050
	11.8868493464 	0.0000592359 	0.0000495699 	0.0000495686 	0.0000495695
	11.9119016452 	0.0000804054 	0.0000672848 	0.0000672831 	0.0000672844
	11.9369539440 	0.0001073059 	0.0000897956 	0.0000897932 	0.0000897950
	11.9620062428 	0.0001407990 	0.0001178233 	0.0001178202 	0.0001178225
	11.9870585416 	0.0001816407 	0.0001520004 	0.0001519964 	0.0001519994
	12.0121108405 	0.0002303907 	0.0001927953 	0.0001927903 	0.0001927941
	12.0371631393 	0.0002873124 	0.0002404286 	0.0002404223 	0.0002404271
	12.0622154381 	0.0003522749 	0.0002947908 	0.0002947830 	0.0002947888
	12.0872677369 	0.0004246654 	0.0003553692 	0.0003553598 	0.0003553668
	12.1123200357 	0.0005033269 	0.0004211959 	0.0004211848 	0.0004211931
	12.1373723345 	0.0005865317 	0.0004908258 	0.0004908129 	0.0004908226
	12.1624246334 	0.0006720031 	0.0005623550 	0.0005623403 	0.0005623513
	12.1874769322 	0.0007569895 	0.0006334833 	0.0006334666 	0.0006334791
	12.2125292310 	0.0008383938 	0.0007016230 	0.0007016046 	0.0007016184
	12.2375815298 	0.0009129506 	0.0007640493 	0.0007640292 	0.0007640442
	12.2626338286 	0.0009774394 	0.0008180805 	0.0008180590 	0.0008180751
	12.2876861274 	0.0010289162 	0.0008612762 	0.0008612536 	0.0008612705
	12.3127384263 	0.0010649398 	0.0008916328 	0.0008916094 	0.0008916269
	12.3377907251 	0.0010837719 	0.0009077610 	0.0009077372 	0.0009077549
	12.3628430239 	0.0010845287 	0.0009090271 	0.0009090033 	0.0009090211
	12.3878953227 	0.0010672692 	0.0008956501 	0.0008956268 	0.0008956442
	12.4129476215 	0.0010330127 	0.0008687478 	0.0008687252 	0.0008687421
	12.4379999204 	0.0009836867 	0.0008303378 	0.0008303164 	0.0008303324
	12.4630522192 	0.0009220142 	0.0007833053 	0.0007832854 	0.0007833003
	12.4881045180 	0.0008513600 	0.0007313539 	0.0007313358 	0.0007313493
	12.5131568168 	0.0007755571 	0.0006789622 	0.0006789461 	0.0006789582
	12.5382091156 	0.0006987362 	0.0006313651 	0.0006313511 	0.0006313617
	12.5632614144 	0.0006251818 	0.0005945756 	0.0005945638 	0.0005945727
	12.5883137133 	0.0005592280 	0.0005754528 	0.0005754434 	0.0005754506
	12.6133660121 	0.0005052019 	0.0005818098 	0.0005818029 	0.0005818083
	12.6384183109 	0.0004674124 	0.0006225386 	0.0006225343 	0.0006225379
	12.6634706097 	0.0004501687 	0.0007077149 	0.0007077133 	0.0007077152
	12.6885229085 	0.0004578094 	0.0008486321 	0.0008486333 	0.0008486335
	12.7135752073 	0.0004947124 	0.0010577032 	0.0010577073 	0.0010577057
	12.7386275062 	0.0005652559 	0.0013481700 	0.0013481773 	0.0013481740
	12.7636798050 	0.0006737039 	0.0017335662 	0.0017335767 	0.0017335718
	12.7887321038 	0.0008239952 	0.0022268992 	0.0022269132 	0.0022269068
	12.8137844026 	0.0010194300 	0.0028395506 	0.0028395680 	0.0028395605
	12.8388367014 	0.0012622619 	0.0035799331 	0.0035799539 	0.0035799456
	12.8638890003 	0.0015532238 	0.0044519917 	0.0044520155 	0.0044520072
	12.8889412991 	0.0018910333 	0.0054536857 	0.0054537121 	0.0054537045
	12.9139935979 	0.0022719388 	0.0065756261 	0.0065756544 	0.0065756484
	12.9390458967 	0.0026893761 	0.0078000703 	0.0078000994 	0.0078000963
	12.9640981955 	0.0031338073 	0.0091004740 	0.0091005027 	0.0091005038
	12.9891504943 	0.0035928014 	0.0104417726 	0.0104417994 	0.0104418061
	13.0142027932 	0.0040513972 	0.0117815032 	0.0117815264 	0.0117815403
	13.0392550920 	0.0044927579 	0.0130717932 	0.0130718111 	0.0130718335
	13.0643073908 	0.0048990899 	0.0142621352 	0.0142621459 	0.0142621782
	13.0893596896 	0.0052527629 	0.0153027599 	0.0153027619 	0.0153028049
	13.1144119884 	0.0055375335 	0.0161483240 	0.0161483159 	0.0161483704
	13.1394642872 	0.0057397533 	0.0167615605 	0.0167615411 	0.0167616073
	13.1645165861 	0.0058494343 	0.0171165125 	0.0171164811 	0.0171165589
	13.1895688849 	0.0058610542 	0.0172009970 	0.0172009533 	0.0172010422
	13.2146211837 	0.0057740076 	0.0170180098 	0.0170179537 	0.0170180528
	13.2396734825 	0.0055926531 	0.0165858953 	0.0165858271 	0.0165859352
	13.2647257813 	0.0053259471 	0.0159372362 	0.0159371564 	0.0159372721
	13.2897780802 	0.0049867085 	0.0151165565 	0.0151164658 	0.0151165878
	13.3148303790 	0.0045905966 	0.0141770559 	0.0141769551 	0.0141770818
	13.3398826778 	0.0041549155 	0.0131766860 	0.0131765758 	0.0131767059
	13.3649349766 	0.0036973718 	0.0121739343 	0.0121738152 	0.0121739476
	13.3899872754 	0.0032349078 	0.0112236896 	0.0112235624 	0.0112236957
	13.4150395742 	0.0027827135 	0.0103735331 	0.0103733981 	0.0103735313
	13.4400918731 	0.0023534930 	0.0096607341 	0.0096605919 	0.0096607238
	13.4651441719 	0.0019570195 	0.0091101514 	0.0091100027 	0.0091101319
	13.4901964707 	0.0015999823 	0.0087331463 	0.0087329920 	0.0087331172
	13.5152487695 	0.0012860949 	0.0085275310 	0.0085273725 	0.0085274917
	13.5403010683 	0.0010164094 	0.0084784938 	0.0084783327 	0.0084784438
	13.5653533671 	0.0007897727 	0.0085603805 	0.0085602191 	0.0085603197
	13.5904056660 	0.0006033556 	0.0087391612 	0.0087390020 	0.0087390895
	13.6154579648 	0.0004531922 	0.0089753715 	0.0089752175 	0.0089752892
	13.6405102636 	0.0003346796 	0.0092272988 	0.0092271530 	0.0092272065
	13.6655625624 	0.0002430043 	0.0094541682 	0.0094540337 	0.0094540669
	13.6906148612 	0.0001734748 	0.0096190930 	0.0096189726 	0.0096189840
	13.7156671601 	0.0001217578 	0.0096915725 	0.0096914686 	0.0096914574
	13.7407194589 	0.0000840225 	0.0096493584 	0.0096492728 	0.0096492391
	13.7657717577 	0.0000570077 	0.0094795680 	0.0094795016 	0.0094794465
	13.7908240565 	0.0000380288 	0.0091789882 	0.0091789413 	0.0091788669
	13.8158763553 	0.0000249426 	0.0087535897 	0.0087535615 	0.0087534706
	13.8409286541 	0.0000160859 	0.0082173430 	0.0082173320 	0.0082172281
	13.8659809530 	0.0000102023 	0.0075904925 	0.0075904966 	0.0075903835
	13.8910332518 	0.0000063669 	0.0068974859 	0.0068975026 	0.0068973844
	13.9160855506 	0.0000039158 	0.0061647798 	0.0061648063 	0.0061646869
	13.9411378494 	0.0000023848 	0.0054187325 	0.0054187660 	0.0054186490
	13.9661901482 	0.0000014583 	0.0046837689 	0.0046838066 	0.0046836950
	13.9912424470 	0.0000009300 	0.0039809504 	0.0039809899 	0.0039808863
	14.0162947459 	0.0000006728 	0.0033270268 	0.0033270660 	0.0033269720
	14.0413470447 	0.0000006189 	0.0027339834 	0.0027340208 	0.0027339376
	14.0663993435 	0.0000007467 	0.0022090465 	0.0022090809 	0.0022090087
	14.0914516423 	0.0000010750 	0.0017550645 	0.0017550950 	0.0017550338
	14.1165039411 	0.0000016630 	0.0013711617 	0.0013711881 	0.0013711373
	14.1415562400 	0.0000026148 	0.0010535508 	0.0010535731 	0.0010535317
	14.1666085388 	0.0000040888 	0.0007963977 	0.0007964160 	0.0007963830
	14.1916608376 	0.0000063105 	0.0005926495 	0.0005926643 	0.0005926385
	14.2167131364 	0.0000095877 	0.0004347625 	0.0004347742 	0.0004347544
	14.2417654352 	0.0000143281 	0.0003152892 	0.0003152984 	0.0003152834
	14.2668177340 	0.0000210557 	0.0002273109 	0.0002273181 	0.0002273068
	14.2918700329 	0.0000304240 	0.0001647193 	0.0001647250 	0.0001647166
	14.3169223317 	0.0000432238 	0.0001223645 	0.0001223695 	0.0001223629
	14.3419746305 	0.0000603794 	0.0000960955 	0.0000961004 	0.0000960948
	14.3670269293 	0.0000829317 	0.0000827194 	0.0000827252 	0.0000827198
	14.3920792281 	0.0001120028 	0.0000799087 	0.0000799167 	0.0000799101
	14.4171315269 	0.0001487402 	0.0000860774 	0.0000860897 	0.0000860803
	14.4421838258 	0.0001942404 	0.0001002491 	0.0001002686 	0.0001002540
	14.4672361246 	0.0002494545 	0.0001219307 	0.0001219622 	0.0001219388
	14.4922884234 	0.0003150821 	0.0001510077 	0.0001510585 	0.0001510206
	14.5173407222 	0.0003914640 	0.0001876713 	0.0001877524 	0.0001876917
	14.5423930210 	0.0004784890 	0.0002323890 	0.0002325170 	0.0002324208
	14.5674453199 	0.0005755324 	0.0002859286 	0.0002861279 	0.0002859776
	14.5924976187 	0.0006814440 	0.0003494428 	0.0003497486 	0.0003495175
	14.6175499175 	0.0007946058 	0.0004246191 	0.0004250815 	0.0004247319
	14.6426022163 	0.0009130715 	0.0005138949 	0.0005145835 	0.0005140628
	14.6676545151 	0.0010347948 	0.0006207258 	0.0006217354 	0.0006209727
	14.6927068139 	0.0011579432 	0.0007498900 	0.0007513470 	0.0007502477
	14.7177591128 	0.0012812797 	0.0009077932 	0.0009098626 	0.0009083042
	14.7428114116 	0.0014045839 	0.0011027302 	0.0011056228 	0.0011034494
	14.7678637104 	0.0015290679 	0.0013450456 	0.0013490241 	0.0013460425
	14.7929160092 	0.0016577360 	0.0016471284 	0.0016525130 	0.0016484894
	14.8179683080 	0.0017956272 	0.0020231773 	0.0020303476 	0.0020250069
	14.8430206068 	0.0019498814 	0.0024886771 	0.0024980719 	0.0024910984
	14.8680729057 	0.0021295795 	0.0030595505 	0.0030716619 	0.0030627053
	14.8931252045 	0.0023453181 	0.0037509763 	0.0037663387 	0.0037550225
	14.9181775033 	0.0026085078 	0.0045759053 	0.0045950781 	0.0045810136
	14.9432298021 	0.0029304108 	0.0055433550 	0.0055668990 	0.0055497032
	14.9682821009 	0.0033209677 	0.0066566092 	0.0066850566 	0.0066643741
	14.9933343998 	0.0037874988 	0.0079114939 	0.0079453149 	0.0079208425
	15.0183866986 	0.0043333979 	0.0092949334 	0.0093344990 	0.0093060115
	15.0434389974 	0.0049569565 	0.0107839967 	0.0108295424 	0.0107969177
	15.0684912962 	0.0056504691 	0.0123456328 	0.0123972248 	0.0123604660
	15.0935435950 	0.0063997616 	0.0139372454 	0.0139947541 	0.0139540054
	15.1185958938 	0.0071842579 	0.0155081855 	0.0155712683 	0.0155268242
	15.1436481927 	0.0079776541 	0.0170021456 	0.0170702417 	0.0170225467
	15.1687004915 	0.0087492060 	0.0183603310 	0.0184326708 	0.0183823089
	15.1937527903 	0.0094655659 	0.0195251802 	0.0196008086 	0.0195484831
	15.2188050891 	0.0100930315 	0.0204443200 	0.0205221330 	0.0204686374
	15.2438573879 	0.0106000098 	0.0210743848 	0.0211531777 	0.0210993597
	15.2689096867 	0.0109594552 	0.0213843200 	0.0214628430 	0.0214095644
	15.2939619856 	0.0111510331 	0.0213578244 	0.0214348414 	0.0213829372
	15.3190142844 	0.0111627749 	0.0209946682 	0.0210690149 	0.0210192538
	15.3440665832 	0.0109920465 	0.0203107419 	0.0203813781 	0.0203344295
	15.3691188820 	0.0106457248 	0.0193368306 	0.0194028826 	0.0193592903
	15.3941711808 	0.0101395707 	0.0181162434 	0.0181770347 	0.0181372000
	15.4192234797 	0.0094968767 	0.0167015557 	0.0167566230 	0.0167207983
	15.4442757785 	0.0087465495 	0.0151508028 	0.0151998987 	0.0151681896
	15.4693280773 	0.0079208444 	0.0135235090 	0.0135665909 	0.0135389680
	15.4943803761 	0.0070529934 	0.0118769267 	0.0119141351 	0.0118904516
	15.5194326749 	0.0061749646 	0.0102628084 	0.0102944372 	0.0102744516
	15.5444849737 	0.0053155538 	0.0087249485 	0.0087514102 	0.0087348110
	15.5695372726 	0.0044989517 	0.0072976243 	0.0073194133 	0.0073058439
	15.5945895714 	0.0037438620 	0.0060049574 	0.0060226153 	0.0060116976
	15.6196418702 	0.0030631750 	0.0048611199 	0.0048752038 	0.0048665578
	15.6446941690 	0.0024641416 	0.0038712321 	0.0038822875 	0.0038755485
	15.6697464678 	0.0019489480 	0.0030327553 	0.0030412958 	0.0030361260
	15.6947987666 	0.0015155657 	0.0023371679 	0.0023436611 	0.0023397575
	15.7198510655 	0.0011587469 	0.0017717249 	0.0017765830 	0.0017736820
	15.7449033643 	0.0008710464 	0.0013211321 	0.0013247091 	0.0013225872
	15.7699556631 	0.0006437728 	0.0009690135 	0.0009716053 	0.0009700778
	15.7950079619 	0.0004678022 	0.0006990970 	0.0007009450 	0.0006998627
	15.8200602607 	0.0003342182 	0.0004960893 	0.0004973859 	0.0004966312
	15.8451125596 	0.0002347665 	0.0003462486 	0.0003471438 	0.0003466259
	15.8701648584 	0.0001621362 	0.0002376914 	0.0002382995 	0.0002379497
	15.8952171572 	0.0001100936 	0.0001604826 	0.0001608890 	0.0001606565
	15.9202694560 	0.0000734991 	0.0001065671 	0.0001068344 	0.0001066824
	15.9453217548 	0.0000482436 	0.0000695972 	0.0000697702 	0.0000696723
	15.9703740536 	0.0000311340 	0.0000447020 	0.0000448121 	0.0000447501
	15.9954263525 	0.0000197546 	0.0000282371 	0.0000283061 	0.0000282675
	16.0204786513 	0.0000123237 	0.0000175415 	0.0000175840 	0.0000175603
	16.0455309501 	0.0000075587 	0.0000107167 	0.0000107424 	0.0000107281
	16.0705832489 	0.0000045582 	0.0000064386 	0.0000064540 	0.0000064455
	16.0956355477 	0.0000027026 	0.0000038042 	0.0000038132 	0.0000038082
	16.1206878465 	0.0000015754 	0.0000022103 	0.0000022155 	0.0000022127
	16.1457401454 	0.0000009029 	0.0000012629 	0.0000012659 	0.0000012643
	16.1707924442 	0.0000005088 	0.0000007096 	0.0000007113 	0.0000007104
	16.1958447430 	0.0000002819 	0.0000003921 	0.0000003930 	0.0000003925
	16.2208970418 	0.0000001536 	0.0000002130 	0.0000002135 	0.0000002132
	16.2459493406 	0.0000000822 	0.0000001138 	0.0000001141 	0.0000001139
	16.2710016395 	0.0000000433 	0.0000000598 	0.0000000599 	0.0000000599
	16.2960539383 	0.0000000224 	0.0000000309 	0.0000000310 	0.0000000309
	16.3211062371 	0.0000000114 	0.0000000157 	0.0000000157 	0.0000000157
	16.3461585359 	0.0000000057 	0.0000000078 	0.0000000079 	0.0000000078
	16.3712108347 	0.0000000028 	0.0000000039 	0.0000000039 	0.0000000039
	16.3962631335 	0.0000000014 	0.0000000019 	0.0000000019 	0.0000000019
	16.4213154324 	0.0000000006 	0.0000000009 	0.0000000009 	0.0000000009
	16.4463677312 	0.0000000003 	0.0000000004 	0.0000000004 	0.0000000004
	16.4714200300 	0.0000000001 	0.0000000002 	0.0000000002 	0.0000000002
	16.4964723288 	0.0000000001 	0.0000000001 	0.0000000001 	0.0000000001
	16.5215246276 	0.0000000000 	0.0000000000 	0.0000000000 	0.0000000000
	16.5465769264 	0.0000000000 	0.0000000000 	0.0000000000 	0.0000000000
	16.5716292253 	0.0000000000 	0.0000000000 	0.0000000000 	0.0000000000
	16.5966815241 	0.0000000000 	0.0000000000 	0.0000000000 	0.0000000000
	16.6217338229 	0.0000000000 	0.0000000000 	0.0000000000 	0.0000000000
	16.6467861217 	0.0000000000 	0.0000000000 	0.0000000000 	0.0000000000
	16.6718384205 	0.0000000000 	0.0000000000 	0.0000000000 	0.0000000000
